{
"type": "FeatureCollection",
"name": "PGM_hydroSHEDS_v10",
"crs": { "type": "name", "properties": { "name": "urn:ogc:def:crs:EPSG::31983" } },
"features": [
{ "type": "Feature", "properties": { "OBJECTID": 1, "HYBAS_ID": 6090273120.0, "NEXT_DOWN": 6090273110.0, "NEXT_SINK": 6090008140.0, "MAIN_BAS": 6090008140.0, "DIST_SINK": 334.8, "DIST_MAIN": 334.8, "SUB_AREA": 134.5, "UP_AREA": 134.5, "PFAF_ID": 625006554, "ENDO": 0, "COAST": 0, "ORDER_": 2, "SORT": 32402.0, "Shape_Length": 64510.18798788626, "Shape_Area": 134065283.28689444, "ID_basin": 1, "HyLength": 980.76897009629204, "HyDensity": 0.0072919626029464089, "COUNT_area": 86, "MEAN_area": 1227.7801337209301, "PropCount_km2": 0.63940520446096649, "AvgArea_km2": 0.091284768306388847, "SUM_area_swa": 56.367530373826995, "PctWater_swa": 0.41908944515856494, "CLASS_analyses": "1", "WatershedArea_m2": 134.06528328689444, "RdLength": 0.79568844706468744, "RdDensity": 0.0059350819806343559 }, "geometry": { "type": "MultiPolygon", "coordinates": [ [ [ [ 212809.984699999913573, 9678210.3445999994874 ], [ 212346.459599999710917, 9678209.282600000500679 ], [ 210686.251500000245869, 9678166.370100000873208 ], [ 210299.501699999906123, 9677782.633400000631809 ], [ 208369.649100000038743, 9677699.965399999171495 ], [ 207982.902700000442564, 9677316.2138 ], [ 207713.276200000196695, 9677276.488600000739098 ], [ 207471.410699999891222, 9677342.8586 ], [ 205633.109899999573827, 9679048.871899999678135 ], [ 205149.363499999977648, 9679181.611700000241399 ], [ 204704.922500000335276, 9679507.74860000051558 ], [ 204221.1705, 9679640.487400000914931 ], [ 203776.723600000143051, 9679966.62470000050962 ], [ 203292.966000000014901, 9680099.362400000914931 ], [ 202729.983199999667704, 9680512.457800000905991 ], [ 202537.661700000055134, 9681193.201199999079108 ], [ 201578.37569999974221, 9682257.827299999073148 ], [ 199578.942300000227988, 9682395.924000000581145 ], [ 198669.786399999633431, 9683182.038200000301003 ], [ 197722.402800000272691, 9683313.674599999561906 ], [ 197120.238800000399351, 9683755.500099999830127 ], [ 196195.457700000144541, 9683617.31980000063777 ], [ 196044.264299999922514, 9682541.214999999850988 ], [ 195610.173100000247359, 9681955.9803 ], [ 194627.780799999833107, 9681789.156099999323487 ], [ 193106.587299999780953, 9683168.761800000444055 ], [ 191877.13399999961257, 9683299.6809 ], [ 191252.928999999538064, 9682837.072200000286102 ], [ 190232.113199999555945, 9682700.704500000923872 ], [ 190082.985700000077486, 9683228.388000000268221 ], [ 190010.894999999552965, 9683464.4679000005126 ], [ 189685.123999999836087, 9683919.075999999418855 ], [ 190008.684600000269711, 9684375.260700000450015 ], [ 190149.46059999987483, 9685309.2138 ], [ 190468.968999999575317, 9685759.659900000318885 ], [ 190619.763100000098348, 9687265.597899999469519 ], [ 191356.319099999964237, 9687488.059699999168515 ], [ 191576.482499999925494, 9688221.638900000602007 ], [ 193230.145299999974668, 9688393.372700000181794 ], [ 193314.003399999812245, 9689230.386499999091029 ], [ 193559.819299999624491, 9689293.74349999986589 ], [ 194009.746100000105798, 9689642.2335 ], [ 195524.504399999976158, 9688250.643500000238419 ], [ 196463.287700000219047, 9688396.72829999960959 ], [ 196667.161000000312924, 9689194.450799999758601 ], [ 197402.315799999982119, 9689763.824500000104308 ], [ 199122.487999999895692, 9689642.2642 ], [ 199558.577899999916553, 9689307.751199999824166 ], [ 200514.378999999724329, 9689184.410199999809265 ], [ 200950.460500000044703, 9688849.89750000089407 ], [ 202123.754700000397861, 9688789.823400000110269 ], [ 202219.275100000202656, 9688423.142000000923872 ], [ 202834.49959999974817, 9688267.6228 ], [ 203270.566800000146031, 9687933.110999999567866 ], [ 203915.624099999666214, 9687770.041799999773502 ], [ 204846.904699999839067, 9686735.387299999594688 ], [ 204974.25789999961853, 9686246.487700000405312 ], [ 205323.589100000448525, 9685800.308599999174476 ], [ 204918.948200000450015, 9685278.558800000697374 ], [ 206525.145399999804795, 9683791.123500000685453 ], [ 208871.533999999985099, 9683670.955600000917912 ], [ 210236.767099999822676, 9682416.500600000843406 ], [ 211192.438400000333786, 9682293.137700000777841 ], [ 211628.45160000026226, 9681958.636299999430776 ], [ 212259.451799999922514, 9681799.114 ], [ 212403.810300000011921, 9680730.991399999707937 ], [ 212742.109199999831617, 9680298.873700000345707 ], [ 212809.984699999913573, 9678210.3445999994874 ] ] ] ] } },
{ "type": "Feature", "properties": { "OBJECTID": 2, "HYBAS_ID": 6090273480.0, "NEXT_DOWN": 6090273240.0, "NEXT_SINK": 6090008140.0, "MAIN_BAS": 6090008140.0, "DIST_SINK": 336.4, "DIST_MAIN": 336.4, "SUB_AREA": 101.8, "UP_AREA": 102.0, "PFAF_ID": 625006556, "ENDO": 0, "COAST": 0, "ORDER_": 2, "SORT": 32405.0, "Shape_Length": 51396.575543000865, "Shape_Area": 101531933.37893899, "ID_basin": 2, "HyLength": 10245.235870333821, "HyDensity": 0.10064082387361319, "COUNT_area": 69, "MEAN_area": 1257.5131826086952, "PropCount_km2": 0.6777996070726916, "AvgArea_km2": 0.12352781754505847, "SUM_area_swa": 23.007910602730998, "PctWater_swa": 0.22601090965354617, "CLASS_analyses": "1", "WatershedArea_m2": 101.53193337893899, "RdLength": 1.1049545685400193, "RdDensity": 0.010882828010534296 }, "geometry": { "type": "MultiPolygon", "coordinates": [ [ [ [ 190088.611999999731779, 9680922.8881 ], [ 190086.356599999591708, 9681845.08809999935329 ], [ 189717.191700000315905, 9681938.33559999987483 ], [ 189621.613300000317395, 9682305.056700000539422 ], [ 189157.993700000457466, 9682303.923499999567866 ], [ 189196.651999999769032, 9682572.321000000461936 ], [ 189580.703700000420213, 9682958.863500000908971 ], [ 189619.364299999549985, 9683227.259800000116229 ], [ 190082.985700000077486, 9683228.388000000268221 ], [ 190232.113199999555945, 9682700.704500000923872 ], [ 191252.928999999538064, 9682837.072200000286102 ], [ 191877.13399999961257, 9683299.6809 ], [ 193106.587299999780953, 9683168.761800000444055 ], [ 194627.780799999833107, 9681789.156099999323487 ], [ 195610.173100000247359, 9681955.9803 ], [ 196044.264299999922514, 9682541.214999999850988 ], [ 196195.457700000144541, 9683617.31980000063777 ], [ 197120.238800000399351, 9683755.500099999830127 ], [ 197722.402800000272691, 9683313.674599999561906 ], [ 198669.786399999633431, 9683182.038200000301003 ], [ 199578.942300000227988, 9682395.924000000581145 ], [ 201578.37569999974221, 9682257.827299999073148 ], [ 202537.661700000055134, 9681193.201199999079108 ], [ 202729.983199999667704, 9680512.457800000905991 ], [ 203292.966000000014901, 9680099.362400000914931 ], [ 203776.723600000143051, 9679966.62470000050962 ], [ 204221.1705, 9679640.487400000914931 ], [ 204704.922500000335276, 9679507.74860000051558 ], [ 205149.363499999977648, 9679181.611700000241399 ], [ 205633.109899999573827, 9679048.871899999678135 ], [ 207471.410699999891222, 9677342.8586 ], [ 207713.276200000196695, 9677276.488600000739098 ], [ 207653.979700000025332, 9675648.630799999460578 ], [ 207317.684899999760091, 9675214.9364 ], [ 207178.276100000366569, 9674146.116699999198318 ], [ 206793.800200000405312, 9674047.0175 ], [ 206524.179800000041723, 9674007.282999999821186 ], [ 206137.455599999986589, 9673623.5099 ], [ 203550.164599999785423, 9673578.239199999719858 ], [ 203312.472000000067055, 9673648.808900000527501 ], [ 201930.368800000287592, 9674886.392000000923872 ], [ 201454.971699999645352, 9675027.531300000846386 ], [ 201002.159300000406802, 9675345.225700000301003 ], [ 200264.931300000287592, 9675485.7335 ], [ 199606.519399999640882, 9675019.022900000214577 ], [ 199147.933100000023842, 9675340.753399999812245 ], [ 197947.129300000146031, 9675480.127399999648333 ], [ 197294.457899999804795, 9675017.462999999523163 ], [ 196094.334300000220537, 9674872.245699999853969 ], [ 195342.05489999987185, 9675400.041899999603629 ], [ 195128.473500000312924, 9676099.439500000327826 ], [ 194342.106999999843538, 9677008.282800000160933 ], [ 194197.930800000205636, 9677480.426000000908971 ], [ 193411.552899999544024, 9678389.277899999171495 ], [ 193250.104899999685585, 9679926.606599999591708 ], [ 191243.963000000454485, 9680074.661100000143051 ], [ 190791.083700000308454, 9680392.359999999403954 ], [ 190196.762099999934435, 9680568.770500000566244 ], [ 190088.611999999731779, 9680922.8881 ] ] ] ] } },
{ "type": "Feature", "properties": { "OBJECTID": 3, "HYBAS_ID": 6090276120.0, "NEXT_DOWN": 6090273650.0, "NEXT_SINK": 6090008140.0, "MAIN_BAS": 6090008140.0, "DIST_SINK": 355.2, "DIST_MAIN": 355.2, "SUB_AREA": 12.6, "UP_AREA": 1678.2, "PFAF_ID": 625006561, "ENDO": 0, "COAST": 0, "ORDER_": 2, "SORT": 32408.0, "Shape_Length": 20704.563962077176, "Shape_Area": 12529107.105764613, "ID_basin": 3, "HyLength": 2464.9952801094269, "HyDensity": 0.19563454604043071, "COUNT_area": 33, "MEAN_area": 2666.8618212121205, "PropCount_km2": 2.6190476190476191, "AvgArea_km2": 2.1165570009620005, "SUM_area_swa": null, "PctWater_swa": 0.0, "CLASS_analyses": "0", "WatershedArea_m2": 12.529107105764613, "RdLength": 0.061593177370829318, "RdDensity": 0.0049160069309719953 }, "geometry": { "type": "MultiPolygon", "coordinates": [ [ [ [ 194290.564699999988079, 9668944.808499999344349 ], [ 193827.011400000192225, 9668943.645600000396371 ], [ 193581.245299999602139, 9668880.2511 ], [ 193146.827899999916553, 9668543.620200000703335 ], [ 192516.578499999828637, 9668381.052699999883771 ], [ 192377.345300000160933, 9667312.090399999171495 ], [ 192041.115899999625981, 9666878.283600000664592 ], [ 191916.135999999940395, 9666388.725199999287724 ], [ 191579.912800000049174, 9665954.913200000301003 ], [ 191423.695600000210106, 9665342.942399999126792 ], [ 191055.055100000463426, 9665247.849999999627471 ], [ 189750.600599999539554, 9665324.166400000452995 ], [ 189662.028500000014901, 9666166.48450000025332 ], [ 189907.793100000359118, 9666229.893899999558926 ], [ 191435.654699999839067, 9667658.825999999418855 ], [ 191572.674100000411272, 9668803.515100000426173 ], [ 190655.403900000266731, 9669035.193800000473857 ], [ 190579.755800000391901, 9669857.653300000354648 ], [ 190539.767300000414252, 9670125.852900000289083 ], [ 190114.279699999839067, 9670549.893699999898672 ], [ 190808.016200000420213, 9671239.958000000566244 ], [ 191234.732400000095367, 9670820.6085 ], [ 193165.099100000225008, 9670747.253599999472499 ], [ 193553.716900000348687, 9670365.333399999886751 ], [ 194750.661199999973178, 9670329.223099999129772 ], [ 194712.021599999628961, 9670060.834599999710917 ], [ 194328.046900000423193, 9669674.284399999305606 ], [ 194290.564699999988079, 9668944.808499999344349 ] ] ] ] } },
{ "type": "Feature", "properties": { "OBJECTID": 4, "HYBAS_ID": 6090276600.0, "NEXT_DOWN": 6090276120.0, "NEXT_SINK": 6090008140.0, "MAIN_BAS": 6090008140.0, "DIST_SINK": 359.9, "DIST_MAIN": 359.9, "SUB_AREA": 21.7, "UP_AREA": 1334.2, "PFAF_ID": 625006563, "ENDO": 0, "COAST": 0, "ORDER_": 2, "SORT": 32410.0, "Shape_Length": 20018.641327839243, "Shape_Area": 21615147.511981547, "ID_basin": 4, "HyLength": 6266.184843944111, "HyDensity": 0.28876427852277009, "COUNT_area": 134, "MEAN_area": 1135.6979574626855, "PropCount_km2": 6.1751152073732722, "AvgArea_km2": 0.52336311403810398, "SUM_area_swa": null, "PctWater_swa": 0.0, "CLASS_analyses": "0", "WatershedArea_m2": 21.615147511981547, "RdLength": 0.91813841058362644, "RdDensity": 0.042476620160685499 }, "geometry": { "type": "MultiPolygon", "coordinates": [ [ [ [ 193376.307799999602139, 9663870.496400000527501 ], [ 192912.770700000226498, 9663869.312000000849366 ], [ 192849.035099999979138, 9664113.767799999564886 ], [ 192344.786299999803305, 9664712.113299999386072 ], [ 191154.758799999952316, 9664865.393500000238419 ], [ 191055.055100000463426, 9665247.849999999627471 ], [ 191423.695600000210106, 9665342.942399999126792 ], [ 191579.912800000049174, 9665954.913200000301003 ], [ 191916.135999999940395, 9666388.725199999287724 ], [ 192041.115899999625981, 9666878.283600000664592 ], [ 192377.345300000160933, 9667312.090399999171495 ], [ 192516.578499999828637, 9668381.052699999883771 ], [ 193146.827899999916553, 9668543.620200000703335 ], [ 193581.245299999602139, 9668880.2511 ], [ 193827.011400000192225, 9668943.645600000396371 ], [ 194290.564699999988079, 9668944.808499999344349 ], [ 194754.116399999707937, 9668945.969699999317527 ], [ 194862.825100000016391, 9668528.982100000604987 ], [ 195437.443699999712408, 9668088.284499999135733 ], [ 196052.631799999624491, 9667932.902100000530481 ], [ 196211.938500000163913, 9667321.750700000673532 ], [ 196550.339999999850988, 9666889.658299999311566 ], [ 196689.379800000227988, 9664901.294700000435114 ], [ 197082.223600000143051, 9664802.059800000861287 ], [ 196984.468700000084937, 9664419.119000000879169 ], [ 195795.282200000248849, 9664259.796399999409914 ], [ 195294.098500000312924, 9663658.905500000342727 ], [ 195097.785500000230968, 9662889.929099999368191 ], [ 194523.186200000345707, 9663014.018400000408292 ], [ 194087.091699999757111, 9663348.441700000315905 ], [ 193377.485799999907613, 9663409.406700000166893 ], [ 193376.307799999602139, 9663870.496400000527501 ] ] ] ] } },
{ "type": "Feature", "properties": { "OBJECTID": 5, "HYBAS_ID": 6090276490.0, "NEXT_DOWN": 6090276120.0, "NEXT_SINK": 6090008140.0, "MAIN_BAS": 6090008140.0, "DIST_SINK": 359.9, "DIST_MAIN": 359.9, "SUB_AREA": 331.5, "UP_AREA": 331.5, "PFAF_ID": 625006562, "ENDO": 0, "COAST": 0, "ORDER_": 3, "SORT": 32411.0, "Shape_Length": 95796.256648040697, "Shape_Area": 330414809.23525107, "ID_basin": 5, "HyLength": 5999.6522009655828, "HyDensity": 0.018098498343787579, "COUNT_area": 201, "MEAN_area": 834.66054029850784, "PropCount_km2": 0.60633484162895923, "AvgArea_km2": 0.025178296841583948, "SUM_area_swa": 104.38556616330797, "PctWater_swa": 0.31488858571133621, "CLASS_analyses": "1", "WatershedArea_m2": 330.41480923525108, "RdLength": 2.7222060746518664, "RdDensity": 0.0082387532234176903 }, "geometry": { "type": "MultiPolygon", "coordinates": [ [ [ [ 199865.65749999973923, 9663886.888399999588728 ], [ 199770.080299999564886, 9664253.577299999073148 ], [ 199154.92850000038743, 9664408.957399999722838 ], [ 198718.860600000247359, 9664743.3904 ], [ 197082.223600000143051, 9664802.059800000861287 ], [ 196689.379800000227988, 9664901.294700000435114 ], [ 196550.339999999850988, 9666889.658299999311566 ], [ 196211.938500000163913, 9667321.750700000673532 ], [ 196052.631799999624491, 9667932.902100000530481 ], [ 195437.443699999712408, 9668088.284499999135733 ], [ 194862.825100000016391, 9668528.982100000604987 ], [ 194754.116399999707937, 9668945.969699999317527 ], [ 194290.564699999988079, 9668944.808499999344349 ], [ 194328.046900000423193, 9669674.284399999305606 ], [ 194712.021599999628961, 9670060.834599999710917 ], [ 194750.661199999973178, 9670329.223099999129772 ], [ 195923.537200000137091, 9670394.917199999094009 ], [ 196357.964399999938905, 9670731.524900000542402 ], [ 196686.644199999980628, 9670857.889799999073148 ], [ 197300.067499999888241, 9670387.407800000160933 ], [ 197748.613400000147521, 9670734.960999999195337 ], [ 199284.752299999818206, 9670874.680800000205636 ], [ 199509.187800000421703, 9671753.4715 ], [ 200064.895899999886751, 9671327.26630000025034 ], [ 200394.184999999590218, 9671202.521999999880791 ], [ 201005.278900000266731, 9671675.995999999344349 ], [ 201469.685800000093877, 9671319.769899999722838 ], [ 201918.235399999655783, 9671667.293999999761581 ], [ 202532.639999999664724, 9671825.695599999278784 ], [ 202688.93790000025183, 9672437.593000000342727 ], [ 203487.6409, 9673333.490499999374151 ], [ 203550.164599999785423, 9673578.239199999719858 ], [ 206137.455599999986589, 9673623.5099 ], [ 206524.179800000041723, 9674007.282999999821186 ], [ 206793.800200000405312, 9674047.0175 ], [ 207178.276100000366569, 9674146.116699999198318 ], [ 207317.684899999760091, 9675214.9364 ], [ 207653.979700000025332, 9675648.630799999460578 ], [ 207713.276200000196695, 9677276.488600000739098 ], [ 207982.902700000442564, 9677316.2138 ], [ 208369.649100000038743, 9677699.965399999171495 ], [ 210299.501699999906123, 9677782.633400000631809 ], [ 210686.251500000245869, 9678166.370100000873208 ], [ 212346.459599999710917, 9678209.282600000500679 ], [ 212809.984699999913573, 9678210.3445999994874 ], [ 213194.913399999961257, 9678113.03999999910593 ], [ 213355.269100000150502, 9676926.705800000578165 ], [ 213986.239900000393391, 9676767.199200000613928 ], [ 214422.231100000441074, 9676432.7116 ], [ 215131.786500000394881, 9676371.566600000485778 ], [ 216792.097000000067055, 9676336.254300000146031 ], [ 217180.57660000026226, 9675954.3103 ], [ 218377.3602, 9675917.928999999538064 ], [ 218647.142900000326335, 9675879.44620000012219 ], [ 219035.611600000411272, 9675497.502599999308586 ], [ 219575.171900000423193, 9675420.535499999299645 ], [ 220042.964200000278652, 9674960.587200000882149 ], [ 221429.985600000247359, 9675041.889599999412894 ], [ 221895.700699999928474, 9675503.929500000551343 ], [ 222356.096599999815226, 9675426.774800000712276 ], [ 222744.543800000101328, 9675044.830600000917912 ], [ 223014.315299999900162, 9675006.341099999845028 ], [ 223077.963000000454485, 9674761.918400000780821 ], [ 223943.074199999682605, 9673800.561300000175834 ], [ 222339.307099999859929, 9672301.627900000661612 ], [ 221724.96100000012666, 9672143.349500000476837 ], [ 221537.318099999800324, 9671409.185499999672174 ], [ 220770.308000000193715, 9671211.571900000795722 ], [ 219718.115100000053644, 9670031.6042 ], [ 219856.008100000210106, 9666812.02449999935925 ], [ 220470.846099999733269, 9666304.384600000455976 ], [ 221426.328200000338256, 9666181.059800000861287 ], [ 221862.263799999840558, 9665846.594799999147654 ], [ 222493.141499999910593, 9665687.102600000798702 ], [ 222637.503499999642372, 9664619.057900000363588 ], [ 223102.3136, 9664025.316199999302626 ], [ 222967.435200000181794, 9662658.605499999597669 ], [ 222333.456299999728799, 9662495.179700000211596 ], [ 221899.088000000454485, 9662158.7018 ], [ 221234.220499999821186, 9661987.316299999132752 ], [ 220791.183699999935925, 9661415.920099999755621 ], [ 220651.790599999949336, 9660347.2017 ], [ 219898.827399999834597, 9660153.119200000539422 ], [ 219704.397199999541044, 9659392.010500000789762 ], [ 217952.408400000073016, 9659320.622899999842048 ], [ 216098.654000000096858, 9659316.195499999448657 ], [ 215852.940399999730289, 9659252.839400000870228 ], [ 215280.621000000275671, 9658809.392699999734759 ], [ 215074.398400000296533, 9658001.999199999496341 ], [ 213238.434000000357628, 9657863.46199999935925 ], [ 212639.33490000013262, 9658323.031999999657273 ], [ 212393.314100000075996, 9658385.201899999752641 ], [ 212123.551500000059605, 9658423.639399999752641 ], [ 211735.050599999725819, 9658805.533900000154972 ], [ 211195.520200000144541, 9658882.407400000840425 ], [ 210576.271900000050664, 9659492.342800000682473 ], [ 210494.111200000159442, 9660875.283500000834465 ], [ 210956.449900000356138, 9661340.6667 ], [ 211033.942300000227988, 9661798.960799999535084 ], [ 210104.759700000286102, 9662721.70549999922514 ], [ 210064.808299999684095, 9662989.870899999514222 ], [ 209355.600999999791384, 9662925.382200000807643 ], [ 208921.226800000295043, 9662588.8278 ], [ 208571.396599999628961, 9662462.435599999502301 ], [ 207528.840800000354648, 9663381.978900000452995 ], [ 204603.092299999669194, 9663505.529500000178814 ], [ 204437.009399999864399, 9664142.822499999776483 ], [ 203931.72690000012517, 9664742.512900000438094 ], [ 202779.428700000047684, 9664879.027599999681115 ], [ 202544.535099999979138, 9663959.140100000426173 ], [ 199865.65749999973923, 9663886.888399999588728 ] ] ] ] } },
{ "type": "Feature", "properties": { "OBJECTID": 6, "HYBAS_ID": 6090277950.0, "NEXT_DOWN": 6090276600.0, "NEXT_SINK": 6090008140.0, "MAIN_BAS": 6090008140.0, "DIST_SINK": 366.5, "DIST_MAIN": 366.5, "SUB_AREA": 15.0, "UP_AREA": 1176.2, "PFAF_ID": 625006565, "ENDO": 0, "COAST": 0, "ORDER_": 2, "SORT": 32412.0, "Shape_Length": 22965.641645121341, "Shape_Area": 15003554.536906647, "ID_basin": 6, "HyLength": 1324.934280922846, "HyDensity": 0.088328952061523067, "COUNT_area": 255, "MEAN_area": 1704.5240360784323, "PropCount_km2": 17.0, "AvgArea_km2": 1.1363493573856216, "SUM_area_swa": null, "PctWater_swa": 0.0, "CLASS_analyses": "0", "WatershedArea_m2": 15.003554536906647, "RdLength": 0.10140685020125279, "RdDensity": 0.0067588550401044044 }, "geometry": { "type": "MultiPolygon", "coordinates": [ [ [ [ 191997.598000000230968, 9659255.991599999368191 ], [ 192056.485100000165403, 9660884.057900000363588 ], [ 192392.677699999883771, 9661317.880400000140071 ], [ 192516.447900000028312, 9662268.534499999135733 ], [ 192852.649600000120699, 9662702.35050000064075 ], [ 193008.856499999761581, 9663314.316199999302626 ], [ 193377.485799999907613, 9663409.406700000166893 ], [ 194087.091699999757111, 9663348.441700000315905 ], [ 194523.186200000345707, 9663014.018400000408292 ], [ 195097.785500000230968, 9662889.929099999368191 ], [ 195294.098500000312924, 9663658.905500000342727 ], [ 195795.282200000248849, 9664259.796399999409914 ], [ 196984.468700000084937, 9664419.119000000879169 ], [ 197082.223600000143051, 9664802.059800000861287 ], [ 198718.860600000247359, 9664743.3904 ], [ 199154.92850000038743, 9664408.957399999722838 ], [ 199770.080299999564886, 9664253.577299999073148 ], [ 199865.65749999973923, 9663886.888399999588728 ], [ 199771.91469999961555, 9663519.726399999111891 ], [ 199157.552799999713898, 9663361.269600000232458 ], [ 198723.17200000025332, 9663024.6546 ], [ 197304.64809999987483, 9662895.527799999341369 ], [ 196870.269299999810755, 9662558.899800000712276 ], [ 195334.2193, 9662419.051100000739098 ], [ 195172.64919999986887, 9661786.108799999579787 ], [ 194374.111399999819696, 9660890.030600000172853 ], [ 194311.631799999624491, 9660645.254000000655651 ], [ 193848.110500000417233, 9660644.062000000849366 ], [ 193578.502000000327826, 9660604.268100000917912 ], [ 192267.205699999816716, 9659295.792400000616908 ], [ 191997.598000000230968, 9659255.991599999368191 ] ] ] ] } },
{ "type": "Feature", "properties": { "OBJECTID": 7, "HYBAS_ID": 6090277860.0, "NEXT_DOWN": 6090276600.0, "NEXT_SINK": 6090008140.0, "MAIN_BAS": 6090008140.0, "DIST_SINK": 366.5, "DIST_MAIN": 366.5, "SUB_AREA": 136.6, "UP_AREA": 136.6, "PFAF_ID": 625006564, "ENDO": 0, "COAST": 0, "ORDER_": 3, "SORT": 32413.0, "Shape_Length": 62191.949200635507, "Shape_Area": 136200007.09937871, "ID_basin": 7, "HyLength": 695.31059765021519, "HyDensity": 0.0050901215054920583, "COUNT_area": 1065, "MEAN_area": 2588.9064849765341, "PropCount_km2": 7.7964860907759883, "AvgArea_km2": 0.18952463286797469, "SUM_area_swa": 129.451653722386, "PctWater_swa": 0.94766950016388007, "CLASS_analyses": "1", "WatershedArea_m2": 136.20000709937869, "RdLength": 0.049567852297073924, "RdDensity": 0.00036393428570753749 }, "geometry": { "type": "MultiPolygon", "coordinates": [ [ [ [ 182764.603799999691546, 9645397.681500000879169 ], [ 182518.533099999651313, 9645459.778300000354648 ], [ 182082.38370000012219, 9645794.129799999296665 ], [ 181590.236899999901652, 9645918.322499999776483 ], [ 180078.7045, 9647306.185399999842048 ], [ 179881.420699999667704, 9648062.308299999684095 ], [ 179512.297100000083447, 9648155.4353 ], [ 179242.477400000207126, 9648193.785499999299645 ], [ 178623.354600000195205, 9648803.2006 ], [ 178542.82909999974072, 9649264.610500000417233 ], [ 179005.066100000403821, 9649730.273499999195337 ], [ 179082.405299999751151, 9650188.406700000166893 ], [ 178617.578300000168383, 9650651.487500000745058 ], [ 178533.637299999594688, 9652571.349099999293685 ], [ 178147.639399999752641, 9652955.921900000423193 ], [ 178107.589100000448525, 9653224.138900000602007 ], [ 178840.753499999642372, 9653265.268100000917912 ], [ 179227.345700000412762, 9653649.269799999892712 ], [ 180230.121199999935925, 9653730.232899999246001 ], [ 180846.335500000044703, 9654343.545199999585748 ], [ 180921.134499999694526, 9655805.896299999207258 ], [ 181305.019799999892712, 9656192.571399999782443 ], [ 181341.10259999986738, 9657383.262700000777841 ], [ 181403.55379999987781, 9657628.0724 ], [ 182202.029299999587238, 9658524.347899999469519 ], [ 182326.940799999982119, 9659013.961500000208616 ], [ 182663.111800000071526, 9659447.849099999293685 ], [ 182788.029299999587238, 9659937.4594 ], [ 184511.213000000454485, 9661758.40430000051856 ], [ 184672.739799999631941, 9662391.412799999117851 ], [ 186208.902599999681115, 9662531.4101 ], [ 186643.286700000055134, 9662868.104100000113249 ], [ 187134.807300000451505, 9662994.949999999254942 ], [ 188670.608, 9664431.512199999764562 ], [ 188736.096300000324845, 9665702.995899999514222 ], [ 189005.72620000038296, 9665742.7917 ], [ 189392.398699999786913, 9666126.691299999132752 ], [ 189662.028500000014901, 9666166.48450000025332 ], [ 189750.600599999539554, 9665324.166400000452995 ], [ 191055.055100000463426, 9665247.849999999627471 ], [ 191154.758799999952316, 9664865.393500000238419 ], [ 192344.786299999803305, 9664712.113299999386072 ], [ 192849.035099999979138, 9664113.767799999564886 ], [ 192912.770700000226498, 9663869.312000000849366 ], [ 193376.307799999602139, 9663870.496400000527501 ], [ 193377.485799999907613, 9663409.406700000166893 ], [ 193008.856499999761581, 9663314.316199999302626 ], [ 192852.649600000120699, 9662702.35050000064075 ], [ 192516.447900000028312, 9662268.534499999135733 ], [ 192392.677699999883771, 9661317.880400000140071 ], [ 192056.485100000165403, 9660884.057900000363588 ], [ 191997.598000000230968, 9659255.991599999368191 ], [ 192063.744300000369549, 9658089.3476 ], [ 192413.170300000347197, 9657643.2335 ], [ 192066.07909999974072, 9657195.301300000399351 ], [ 191926.953999999910593, 9656126.320900000631809 ], [ 191296.781200000084937, 9655963.685499999672174 ], [ 190400.147699999623001, 9655164.673100000247359 ], [ 189908.676099999807775, 9655037.814099999144673 ], [ 189012.05530000012368, 9654238.776100000366569 ], [ 186559.09499999973923, 9654100.913499999791384 ], [ 186050.135200000368059, 9653490.460899999365211 ], [ 185911.555499999783933, 9652424.985500000417233 ], [ 185296.520100000314415, 9651911.91300000064075 ], [ 184766.012000000104308, 9652318.646800000220537 ], [ 184075.243200000375509, 9651490.058399999514222 ], [ 184216.955099999904633, 9650112.206700000911951 ], [ 185132.888000000268221, 9649881.033700000494719 ], [ 185008.236999999731779, 9649309.392200000584126 ], [ 184209.885700000450015, 9648413.0965 ], [ 184085.020499999634922, 9647923.480900000780821 ], [ 183748.920599999837577, 9647489.571000000461936 ], [ 183592.847099999897182, 9646877.5285 ], [ 183224.262000000104308, 9646782.352800000458956 ], [ 183185.701700000092387, 9646513.928600000217557 ], [ 182801.877500000409782, 9646127.235500000417233 ], [ 182764.603799999691546, 9645397.681500000879169 ] ] ] ] } },
{ "type": "Feature", "properties": { "OBJECTID": 8, "HYBAS_ID": 6090278560.0, "NEXT_DOWN": 6090277950.0, "NEXT_SINK": 6090008140.0, "MAIN_BAS": 6090008140.0, "DIST_SINK": 369.4, "DIST_MAIN": 369.4, "SUB_AREA": 103.2, "UP_AREA": 856.6, "PFAF_ID": 625006567, "ENDO": 0, "COAST": 0, "ORDER_": 2, "SORT": 32414.0, "Shape_Length": 63750.646903349414, "Shape_Area": 102942803.73709215, "ID_basin": 8, "HyLength": 5151.1515594276734, "HyDensity": 0.049914259296779784, "COUNT_area": 374, "MEAN_area": 2067.2590596256723, "PropCount_km2": 3.6240310077519378, "AvgArea_km2": 0.20031580035132482, "SUM_area_swa": null, "PctWater_swa": 0.0, "CLASS_analyses": "1", "WatershedArea_m2": 102.94280373709215, "RdLength": 0.77506755713137565, "RdDensity": 0.0075291086797173064 }, "geometry": { "type": "MultiPolygon", "coordinates": [ [ [ [ 185091.057400000281632, 9642176.273499999195337 ], [ 183319.089300000108778, 9642251.92090000025928 ], [ 183148.417899999767542, 9645277.951199999079108 ], [ 182764.603799999691546, 9645397.681500000879169 ], [ 182801.877500000409782, 9646127.235500000417233 ], [ 183185.701700000092387, 9646513.928600000217557 ], [ 183224.262000000104308, 9646782.352800000458956 ], [ 183592.847099999897182, 9646877.5285 ], [ 183748.920599999837577, 9647489.571000000461936 ], [ 184085.020499999634922, 9647923.480900000780821 ], [ 184209.885700000450015, 9648413.0965 ], [ 185008.236999999731779, 9649309.392200000584126 ], [ 185132.888000000268221, 9649881.033700000494719 ], [ 184216.955099999904633, 9650112.206700000911951 ], [ 184075.243200000375509, 9651490.058399999514222 ], [ 184766.012000000104308, 9652318.646800000220537 ], [ 185296.520100000314415, 9651911.91300000064075 ], [ 185911.555499999783933, 9652424.985500000417233 ], [ 186050.135200000368059, 9653490.460899999365211 ], [ 186559.09499999973923, 9654100.913499999791384 ], [ 189012.05530000012368, 9654238.776100000366569 ], [ 189908.676099999807775, 9655037.814099999144673 ], [ 190400.147699999623001, 9655164.673100000247359 ], [ 191296.781200000084937, 9655963.685499999672174 ], [ 191926.953999999910593, 9656126.320900000631809 ], [ 192066.07909999974072, 9657195.301300000399351 ], [ 192413.170300000347197, 9657643.2335 ], [ 192063.744300000369549, 9658089.3476 ], [ 191997.598000000230968, 9659255.991599999368191 ], [ 192267.205699999816716, 9659295.792400000616908 ], [ 193578.502000000327826, 9660604.268100000917912 ], [ 193848.110500000417233, 9660644.062000000849366 ], [ 194311.631799999624491, 9660645.254000000655651 ], [ 195138.782800000160933, 9660574.206199999898672 ], [ 195239.851599999703467, 9660186.5493 ], [ 195281.029699999839067, 9659457.276900000870228 ], [ 196131.614900000393391, 9658612.789899999275804 ], [ 196212.140800000168383, 9658072.814999999478459 ], [ 196831.187199999578297, 9657463.2336 ], [ 197370.778099999763072, 9657386.4232 ], [ 198224.042100000195205, 9656544.655799999833107 ], [ 198763.622800000011921, 9656467.843399999663234 ], [ 199152.201399999670684, 9656085.962099999189377 ], [ 199695.379399999976158, 9656008.631699999794364 ], [ 200311.324000000022352, 9655395.9726 ], [ 200352.493900000117719, 9654666.727 ], [ 200218.69550000037998, 9654142.53999999910593 ], [ 197790.237800000235438, 9654261.8279 ], [ 197191.016800000332296, 9654721.355499999597669 ], [ 196862.39740000013262, 9654594.952299999073148 ], [ 196428.070000000298023, 9654258.294099999591708 ], [ 196182.344600000418723, 9654194.878799999132752 ], [ 196183.5455, 9653733.7982 ], [ 195913.754900000058115, 9653772.193900000303984 ], [ 195525.157300000078976, 9654154.067299999296665 ], [ 195255.364299999549985, 9654192.462500000372529 ], [ 195009.637600000016391, 9654129.044099999591708 ], [ 194575.312300000339746, 9653792.372700000181794 ], [ 193939.905799999833107, 9653628.378900000825524 ], [ 193807.27309999987483, 9652099.687400000169873 ], [ 193471.135700000450015, 9651665.84940000064671 ], [ 193346.224299999885261, 9651176.2820999994874 ], [ 193010.0932, 9650742.43889999948442 ], [ 192848.605000000447035, 9650109.466700000688434 ], [ 191312.688799999654293, 9649969.41609999909997 ], [ 190878.388299999758601, 9649632.707499999552965 ], [ 190386.946800000034273, 9649505.83 ], [ 189952.64879999961704, 9649169.114 ], [ 189338.346699999645352, 9649010.527100000530481 ], [ 189182.240899999625981, 9648398.5208 ], [ 188846.132100000046194, 9647964.644200000911951 ], [ 188713.634700000286102, 9646435.880000000819564 ], [ 188078.257699999958277, 9646271.810699999332428 ], [ 187643.979399999603629, 9645935.06900000013411 ], [ 186689.061099999584258, 9645806.887199999764562 ], [ 185649.344399999827147, 9644880.054500000551343 ], [ 185485.7045, 9644238.353499999269843 ], [ 185149.626400000415742, 9643804.442500000819564 ], [ 185091.057400000281632, 9642176.273499999195337 ] ] ] ] } },
{ "type": "Feature", "properties": { "OBJECTID": 9, "HYBAS_ID": 6090278440.0, "NEXT_DOWN": 6090277950.0, "NEXT_SINK": 6090008140.0, "MAIN_BAS": 6090008140.0, "DIST_SINK": 369.4, "DIST_MAIN": 369.4, "SUB_AREA": 304.9, "UP_AREA": 304.9, "PFAF_ID": 625006566, "ENDO": 0, "COAST": 0, "ORDER_": 3, "SORT": 32415.0, "Shape_Length": 97745.26491165132, "Shape_Area": 303908404.826361, "ID_basin": 9, "HyLength": 3524.198761501541, "HyDensity": 0.011558539722865009, "COUNT_area": 560, "MEAN_area": 1240.823115535713, "PropCount_km2": 1.8366677599212857, "AvgArea_km2": 0.040696068072670157, "SUM_area_swa": 88.650081188403817, "PctWater_swa": 0.29075133220204596, "CLASS_analyses": "1", "WatershedArea_m2": 303.90840482636099, "RdLength": 0.78742688689737295, "RdDensity": 0.0025910006909722412 }, "geometry": { "type": "MultiPolygon", "coordinates": [ [ [ [ 195239.851599999703467, 9660186.5493 ], [ 195138.782800000160933, 9660574.206199999898672 ], [ 194311.631799999624491, 9660645.254000000655651 ], [ 194374.111399999819696, 9660890.030600000172853 ], [ 195172.64919999986887, 9661786.108799999579787 ], [ 195334.2193, 9662419.051100000739098 ], [ 196870.269299999810755, 9662558.899800000712276 ], [ 197304.64809999987483, 9662895.527799999341369 ], [ 198723.17200000025332, 9663024.6546 ], [ 199157.552799999713898, 9663361.269600000232458 ], [ 199771.91469999961555, 9663519.726399999111891 ], [ 199865.65749999973923, 9663886.888399999588728 ], [ 202544.535099999979138, 9663959.140100000426173 ], [ 202779.428700000047684, 9664879.027599999681115 ], [ 203931.72690000012517, 9664742.512900000438094 ], [ 204437.009399999864399, 9664142.822499999776483 ], [ 204603.092299999669194, 9663505.529500000178814 ], [ 207528.840800000354648, 9663381.978900000452995 ], [ 208571.396599999628961, 9662462.435599999502301 ], [ 208921.226800000295043, 9662588.8278 ], [ 209355.600999999791384, 9662925.382200000807643 ], [ 210064.808299999684095, 9662989.870899999514222 ], [ 210104.759700000286102, 9662721.70549999922514 ], [ 211033.942300000227988, 9661798.960799999535084 ], [ 210956.449900000356138, 9661340.6667 ], [ 210494.111200000159442, 9660875.283500000834465 ], [ 210576.271900000050664, 9659492.342800000682473 ], [ 211195.520200000144541, 9658882.407400000840425 ], [ 211735.050599999725819, 9658805.533900000154972 ], [ 212123.551500000059605, 9658423.639399999752641 ], [ 212393.314100000075996, 9658385.201899999752641 ], [ 212639.33490000013262, 9658323.031999999657273 ], [ 213238.434000000357628, 9657863.46199999935925 ], [ 215074.398400000296533, 9658001.999199999496341 ], [ 215280.621000000275671, 9658809.392699999734759 ], [ 215852.940399999730289, 9659252.839400000870228 ], [ 216098.654000000096858, 9659316.195499999448657 ], [ 217952.408400000073016, 9659320.622899999842048 ], [ 218024.823200000450015, 9658038.348300000652671 ], [ 218838.789099999703467, 9657832.63399999961257 ], [ 219284.509399999864399, 9657263.32799999974668 ], [ 219456.816200000233948, 9656601.980900000780821 ], [ 220031.222799999639392, 9656161.292500000447035 ], [ 220277.222699999809265, 9656099.113800000399351 ], [ 221204.050699999555945, 9656101.3191 ], [ 221275.762400000356138, 9654358.558399999514222 ], [ 222070.665699999779463, 9654157.641100000590086 ], [ 223013.425099999643862, 9653110.114299999549985 ], [ 222665.551500000059605, 9652661.382999999448657 ], [ 222540.538800000213087, 9652171.951400000602007 ], [ 221742.078599999658763, 9651276.178999999538064 ], [ 221688.498100000433624, 9647343.488700000569224 ], [ 221627.127700000070035, 9646637.771500000730157 ], [ 220828.742300000041723, 9645741.955900000408292 ], [ 220706.033099999651313, 9644330.509700000286102 ], [ 219781.855600000359118, 9643293.48200000077486 ], [ 219908.89159999974072, 9642945.528799999505281 ], [ 220247.153800000436604, 9642513.499600000679493 ], [ 220391.681599999777973, 9641445.46000000089407 ], [ 220776.489699999801815, 9641348.23450000025332 ], [ 220737.345099999569356, 9641076.292700000107288 ], [ 220121.589499999769032, 9640463.690099999308586 ], [ 218925.366499999538064, 9640421.6085 ], [ 218655.655799999833107, 9640460.02559999935329 ], [ 217802.68819999974221, 9641301.723300000652671 ], [ 214289.383100000210106, 9641331.950899999588728 ], [ 214193.819600000046194, 9641698.598999999463558 ], [ 213455.849799999967217, 9641884.991599999368191 ], [ 213296.573499999940395, 9642496.062599999830127 ], [ 212958.268299999646842, 9642928.092000000178814 ], [ 212830.639000000432134, 9643498.950799999758601 ], [ 213748.995900000445545, 9643735.91609999909997 ], [ 213877.992300000041723, 9645724.7116 ], [ 214214.119800000451505, 9646158.440199999138713 ], [ 214339.0773, 9646647.91499999910593 ], [ 214767.439699999988079, 9647200.613199999555945 ], [ 214028.294400000013411, 9647387.372199999168515 ], [ 212983.909900000318885, 9648308.538899999111891 ], [ 212816.919999999925494, 9648949.238199999555945 ], [ 212371.145999999716878, 9649518.520099999383092 ], [ 211705.484400000423193, 9649686.703400000929832 ], [ 211269.510400000028312, 9650021.106300000101328 ], [ 211023.500099999830127, 9650083.259400000795722 ], [ 210777.803999999538064, 9650019.874199999496341 ], [ 210329.394100000150502, 9649672.334000000730157 ], [ 209879.24170000012964, 9650017.6173 ], [ 207996.925200000405312, 9650138.40819999948144 ], [ 207422.434799999929965, 9650579.050799999386072 ], [ 207250.025500000454485, 9651240.42989999987185 ], [ 206911.684200000017881, 9651672.480799999088049 ], [ 206748.300900000147521, 9652299.329600000753999 ], [ 205673.884499999694526, 9652437.762499999254942 ], [ 204773.247700000181794, 9653232.040999999269843 ], [ 203236.716599999926984, 9653364.07289999909699 ], [ 203034.61629999987781, 9654139.3454 ], [ 201498.052500000223517, 9654271.36629999987781 ], [ 201062.010700000450015, 9654605.769899999722838 ], [ 200352.493900000117719, 9654666.727 ], [ 200311.324000000022352, 9655395.9726 ], [ 199695.379399999976158, 9656008.631699999794364 ], [ 199152.201399999670684, 9656085.962099999189377 ], [ 198763.622800000011921, 9656467.843399999663234 ], [ 198224.042100000195205, 9656544.655799999833107 ], [ 197370.778099999763072, 9657386.4232 ], [ 196831.187199999578297, 9657463.2336 ], [ 196212.140800000168383, 9658072.814999999478459 ], [ 196131.614900000393391, 9658612.789899999275804 ], [ 195281.029699999839067, 9659457.276900000870228 ], [ 195239.851599999703467, 9660186.5493 ] ] ] ] } },
{ "type": "Feature", "properties": { "OBJECTID": 10, "HYBAS_ID": 6090280000.0, "NEXT_DOWN": 6090278560.0, "NEXT_SINK": 6090008140.0, "MAIN_BAS": 6090008140.0, "DIST_SINK": 377.3, "DIST_MAIN": 377.3, "SUB_AREA": 485.4, "UP_AREA": 485.4, "PFAF_ID": 625006569, "ENDO": 0, "COAST": 0, "ORDER_": 2, "SORT": 32416.0, "Shape_Length": 122702.02816634373, "Shape_Area": 483923925.09667504, "ID_basin": 10, "HyLength": 5364.2737757868581, "HyDensity": 0.011051243872655249, "COUNT_area": 240, "MEAN_area": 2113.6127237500032, "PropCount_km2": 0.49443757725587145, "AvgArea_km2": 0.043543731432838961, "SUM_area_swa": 33.766467945559, "PctWater_swa": 0.069564210847875979, "CLASS_analyses": "1", "WatershedArea_m2": 483.92392509667502, "RdLength": 0.69796217985537423, "RdDensity": 0.001442297319182845 }, "geometry": { "type": "MultiPolygon", "coordinates": [ [ [ [ 214289.383100000210106, 9641331.950899999588728 ], [ 217802.68819999974221, 9641301.723300000652671 ], [ 218655.655799999833107, 9640460.02559999935329 ], [ 218925.366499999538064, 9640421.6085 ], [ 220121.589499999769032, 9640463.690099999308586 ], [ 220737.345099999569356, 9641076.292700000107288 ], [ 220776.489699999801815, 9641348.23450000025332 ], [ 221017.93680000025779, 9641415.762700000777841 ], [ 221460.60869999974966, 9641744.00139999948442 ], [ 222406.855399999767542, 9641880.194399999454618 ], [ 223030.688000000081956, 9642342.7248 ], [ 223932.056800000369549, 9642187.292700000107288 ], [ 224087.811700000427663, 9641116.001900000497699 ], [ 224552.678100000135601, 9640495.359099999070168 ], [ 224419.973699999973178, 9639733.842499999329448 ], [ 224092.298600000329316, 9639291.851800000295043 ], [ 223962.334800000302494, 9637427.751199999824166 ], [ 223634.674300000071526, 9636985.752399999648333 ], [ 223502.448099999688566, 9636043.626199999824166 ], [ 223167.450000000186265, 9635591.698799999430776 ], [ 223504.700500000268221, 9635141.450899999588728 ], [ 223640.471900000236928, 9634660.987600000575185 ], [ 223970.323300000280142, 9634220.627299999818206 ], [ 224118.112099999561906, 9631312.5921 ], [ 224731.165199999697506, 9630822.119000000879169 ], [ 224972.917100000195205, 9630755.799900000914931 ], [ 224933.786999999545515, 9630483.864 ], [ 224318.129700000397861, 9629871.256400000303984 ], [ 224048.651600000448525, 9629831.483300000429153 ], [ 221925.975999999791384, 9629786.9978 ], [ 220615.273199999704957, 9628478.817800000309944 ], [ 219692.131699999794364, 9628398.254300000146031 ], [ 219224.374900000169873, 9628858.05489999987185 ], [ 218491.381199999712408, 9628895.252599999308586 ], [ 218130.8136, 9628996.815899999812245 ], [ 217957.578700000420213, 9629593.9054000005126 ], [ 217630.472000000067055, 9630037.039200000464916 ], [ 217488.305499999783933, 9631897.761199999600649 ], [ 217161.19620000012219, 9632340.900100000202656 ], [ 216941.531299999915063, 9633098.001299999654293 ], [ 215782.982099999673665, 9632951.583000000566244 ], [ 215636.232400000095367, 9631414.919800000265241 ], [ 215311.420099999755621, 9630970.087500000372529 ], [ 215175.303700000047684, 9630491.678099999204278 ], [ 214260.58420000039041, 9629437.27559999935329 ], [ 213038.613499999977648, 9629257.012299999594688 ], [ 212863.509999999776483, 9628641.506799999624491 ], [ 212538.719600000418723, 9628196.651000000536442 ], [ 212470.6722999997437, 9627957.438500000163913 ], [ 211080.690100000239909, 9627953.745300000533462 ], [ 210711.731800000183284, 9628046.89780000038445 ], [ 210616.130499999970198, 9628413.543999999761581 ], [ 210520.529400000348687, 9628780.190600000321865 ], [ 210151.566899999976158, 9628873.343800000846386 ], [ 209688.229500000365078, 9628872.107799999415874 ], [ 209442.587899999693036, 9628808.681500000879169 ], [ 209008.426699999719858, 9628472.018999999389052 ], [ 208394.323200000450015, 9628313.463999999687076 ], [ 208207.04700000025332, 9627579.1458 ], [ 207592.947200000286102, 9627420.581399999558926 ], [ 207158.794900000095367, 9627083.902599999681115 ], [ 206667.515300000086427, 9626957.028999999165535 ], [ 205771.280799999833107, 9626158.032400000840425 ], [ 204979.441899999976158, 9626030.3267 ], [ 204380.336199999786913, 9626489.745400000363588 ], [ 204051.147699999623001, 9626614.389799999073148 ], [ 203335.452899999916553, 9626059.326500000432134 ], [ 203105.597900000400841, 9626940.596400000154972 ], [ 200806.400999999605119, 9627066.527200000360608 ], [ 200209.8114, 9626603.803899999707937 ], [ 199500.802500000223517, 9626539.060200000181794 ], [ 199437.036000000312924, 9626783.4912 ], [ 199098.640800000168383, 9627215.484400000423193 ], [ 198957.780600000172853, 9628743.38429999910295 ], [ 198567.663499999791384, 9628841.85080000013113 ], [ 198606.213600000366569, 9629110.244100000709295 ], [ 198989.936900000087917, 9629496.887299999594688 ], [ 199062.184000000357628, 9631799.239299999549985 ], [ 198559.668300000019372, 9632299.9858 ], [ 199443.187199999578297, 9633186.7347 ], [ 199515.296099999919534, 9635567.796399999409914 ], [ 200361.216400000266731, 9636416.7357 ], [ 200399.78830000013113, 9636685.122300000861287 ], [ 200925.919800000265241, 9636820.980900000780821 ], [ 200792.022699999623001, 9639697.200099999085069 ], [ 198003.809399999678135, 9642558.2138 ], [ 198125.355800000019372, 9644300.826500000432134 ], [ 198461.453200000338256, 9644734.654799999669194 ], [ 198617.575500000268221, 9645346.610300000756979 ], [ 198986.12430000025779, 9645441.7292 ], [ 198944.898299999535084, 9646170.980000000447035 ], [ 198559.031700000166893, 9646555.541999999433756 ], [ 198476.588899999856949, 9648014.04869999922812 ], [ 198090.718399999663234, 9648398.615599999204278 ], [ 198009.497000000439584, 9649396.05320000089705 ], [ 196694.264499999582767, 9650700.346400000154972 ], [ 196613.045800000429153, 9651697.794399999082088 ], [ 196227.162100000306964, 9652082.370899999514222 ], [ 196184.747899999842048, 9653272.717599999159575 ], [ 196183.5455, 9653733.7982 ], [ 196182.344600000418723, 9654194.878799999132752 ], [ 196428.070000000298023, 9654258.294099999591708 ], [ 196862.39740000013262, 9654594.952299999073148 ], [ 197191.016800000332296, 9654721.355499999597669 ], [ 197790.237800000235438, 9654261.8279 ], [ 200218.69550000037998, 9654142.53999999910593 ], [ 200352.493900000117719, 9654666.727 ], [ 201062.010700000450015, 9654605.769899999722838 ], [ 201498.052500000223517, 9654271.36629999987781 ], [ 203034.61629999987781, 9654139.3454 ], [ 203236.716599999926984, 9653364.07289999909699 ], [ 204773.247700000181794, 9653232.040999999269843 ], [ 205673.884499999694526, 9652437.762499999254942 ], [ 206748.300900000147521, 9652299.329600000753999 ], [ 206911.684200000017881, 9651672.480799999088049 ], [ 207250.025500000454485, 9651240.42989999987185 ], [ 207422.434799999929965, 9650579.050799999386072 ], [ 207996.925200000405312, 9650138.40819999948144 ], [ 209879.24170000012964, 9650017.6173 ], [ 210329.394100000150502, 9649672.334000000730157 ], [ 210777.803999999538064, 9650019.874199999496341 ], [ 211023.500099999830127, 9650083.259400000795722 ], [ 211269.510400000028312, 9650021.106300000101328 ], [ 211705.484400000423193, 9649686.703400000929832 ], [ 212371.145999999716878, 9649518.520099999383092 ], [ 212816.919999999925494, 9648949.238199999555945 ], [ 212983.909900000318885, 9648308.538899999111891 ], [ 214028.294400000013411, 9647387.372199999168515 ], [ 214767.439699999988079, 9647200.613199999555945 ], [ 214339.0773, 9646647.91499999910593 ], [ 214214.119800000451505, 9646158.440199999138713 ], [ 213877.992300000041723, 9645724.7116 ], [ 213748.995900000445545, 9643735.91609999909997 ], [ 212830.639000000432134, 9643498.950799999758601 ], [ 212958.268299999646842, 9642928.092000000178814 ], [ 213296.573499999940395, 9642496.062599999830127 ], [ 213455.849799999967217, 9641884.991599999368191 ], [ 214193.819600000046194, 9641698.598999999463558 ], [ 214289.383100000210106, 9641331.950899999588728 ] ] ] ] } },
{ "type": "Feature", "properties": { "OBJECTID": 11, "HYBAS_ID": 6090279990.0, "NEXT_DOWN": 6090278560.0, "NEXT_SINK": 6090008140.0, "MAIN_BAS": 6090008140.0, "DIST_SINK": 377.3, "DIST_MAIN": 377.3, "SUB_AREA": 267.9, "UP_AREA": 267.9, "PFAF_ID": 625006568, "ENDO": 0, "COAST": 0, "ORDER_": 3, "SORT": 32417.0, "Shape_Length": 74354.524472052886, "Shape_Area": 267122485.92301342, "ID_basin": 11, "HyLength": 2549.105190951575, "HyDensity": 0.0095151369576393242, "COUNT_area": 56, "MEAN_area": 3427.3812642857124, "PropCount_km2": 0.20903322135125049, "AvgArea_km2": 0.12793509758438643, "SUM_area_swa": 69.649018998087001, "PctWater_swa": 0.25998140723436736, "CLASS_analyses": "1", "WatershedArea_m2": 267.12248592301341, "RdLength": 0.99464971742333752, "RdDensity": 0.0037235716565995219 }, "geometry": { "type": "MultiPolygon", "coordinates": [ [ [ [ 200399.78830000013113, 9636685.122300000861287 ], [ 200361.216400000266731, 9636416.7357 ], [ 199515.296099999919534, 9635567.796399999409914 ], [ 199443.187199999578297, 9633186.7347 ], [ 198559.668300000019372, 9632299.9858 ], [ 199062.184000000357628, 9631799.239299999549985 ], [ 198989.936900000087917, 9629496.887299999594688 ], [ 198606.213600000366569, 9629110.244100000709295 ], [ 198567.663499999791384, 9628841.85080000013113 ], [ 195981.244900000281632, 9628795.551100000739098 ], [ 195594.805499999783933, 9628411.580700000748038 ], [ 195325.286100000143051, 9628371.72550000064075 ], [ 194861.900200000032783, 9628370.424599999561906 ], [ 193935.123599999584258, 9628367.816700000315905 ], [ 193835.108, 9627975.447100000455976 ], [ 192546.252600000239909, 9627902.795 ], [ 191845.208399999886751, 9627971.952199999243021 ], [ 191392.40749999973923, 9628289.474500000476837 ], [ 190917.101099999621511, 9628430.416600000113249 ], [ 189385.052099999971688, 9629801.570900000631809 ], [ 189206.393299999646842, 9631496.79079999960959 ], [ 187516.643000000156462, 9631663.438200000673532 ], [ 187352.306200000457466, 9634688.973200000822544 ], [ 186965.645800000056624, 9634803.608300000429153 ], [ 186869.960900000296533, 9635170.303099999204278 ], [ 186500.895899999886751, 9635263.410700000822544 ], [ 186460.83669999986887, 9635531.608200000599027 ], [ 186074.895800000056624, 9635916.133500000461936 ], [ 185983.327899999916553, 9640523.858999999240041 ], [ 186445.500599999912083, 9640989.496999999508262 ], [ 186484.054100000299513, 9641257.915200000628829 ], [ 186444.005199999548495, 9641526.114399999380112 ], [ 185827.590599999763072, 9642139.037200000137091 ], [ 185091.057400000281632, 9642176.273499999195337 ], [ 185149.626400000415742, 9643804.442500000819564 ], [ 185485.7045, 9644238.353499999269843 ], [ 185649.344399999827147, 9644880.054500000551343 ], [ 186689.061099999584258, 9645806.887199999764562 ], [ 187643.979399999603629, 9645935.06900000013411 ], [ 188078.257699999958277, 9646271.810699999332428 ], [ 188713.634700000286102, 9646435.880000000819564 ], [ 188846.132100000046194, 9647964.644200000911951 ], [ 189182.240899999625981, 9648398.5208 ], [ 189338.346699999645352, 9649010.527100000530481 ], [ 189952.64879999961704, 9649169.114 ], [ 190386.946800000034273, 9649505.83 ], [ 190878.388299999758601, 9649632.707499999552965 ], [ 191312.688799999654293, 9649969.41609999909997 ], [ 192848.605000000447035, 9650109.466700000688434 ], [ 193010.0932, 9650742.43889999948442 ], [ 193346.224299999885261, 9651176.2820999994874 ], [ 193471.135700000450015, 9651665.84940000064671 ], [ 193807.27309999987483, 9652099.687400000169873 ], [ 193939.905799999833107, 9653628.378900000825524 ], [ 194575.312300000339746, 9653792.372700000181794 ], [ 195009.637600000016391, 9654129.044099999591708 ], [ 195255.364299999549985, 9654192.462500000372529 ], [ 195525.157300000078976, 9654154.067299999296665 ], [ 195913.754900000058115, 9653772.193900000303984 ], [ 196183.5455, 9653733.7982 ], [ 196184.747899999842048, 9653272.717599999159575 ], [ 196227.162100000306964, 9652082.370899999514222 ], [ 196613.045800000429153, 9651697.794399999082088 ], [ 196694.264499999582767, 9650700.346400000154972 ], [ 198009.497000000439584, 9649396.05320000089705 ], [ 198090.718399999663234, 9648398.615599999204278 ], [ 198476.588899999856949, 9648014.04869999922812 ], [ 198559.031700000166893, 9646555.541999999433756 ], [ 198944.898299999535084, 9646170.980000000447035 ], [ 198986.12430000025779, 9645441.7292 ], [ 198617.575500000268221, 9645346.610300000756979 ], [ 198461.453200000338256, 9644734.654799999669194 ], [ 198125.355800000019372, 9644300.826500000432134 ], [ 198003.809399999678135, 9642558.2138 ], [ 200792.022699999623001, 9639697.200099999085069 ], [ 200925.919800000265241, 9636820.980900000780821 ], [ 200399.78830000013113, 9636685.122300000861287 ] ] ] ] } },
{ "type": "Feature", "properties": { "OBJECTID": 12, "HYBAS_ID": 6090281230.0, "NEXT_DOWN": 6090279320.0, "NEXT_SINK": 6090008140.0, "MAIN_BAS": 6090008140.0, "DIST_SINK": 411.2, "DIST_MAIN": 411.2, "SUB_AREA": 331.3, "UP_AREA": 2275.6, "PFAF_ID": 625006601, "ENDO": 0, "COAST": 0, "ORDER_": 2, "SORT": 32421.0, "Shape_Length": 94720.647064468125, "Shape_Area": 330459142.50165737, "ID_basin": 12, "HyLength": 788.2055420113918, "HyDensity": 0.0023791293148547896, "COUNT_area": 174, "MEAN_area": 2010.8551545977016, "PropCount_km2": 0.52520374283127069, "AvgArea_km2": 0.06069589962564749, "SUM_area_swa": 73.665256998383029, "PctWater_swa": 0.22235211892056456, "CLASS_analyses": "1", "WatershedArea_m2": 330.45914250165737, "RdLength": 2.4676785558590772, "RdDensity": 0.0074674240729977713 }, "geometry": { "type": "MultiPolygon", "coordinates": [ [ [ [ 185575.3125, 9634799.661800000816584 ], [ 185481.710400000214577, 9634432.425699999555945 ], [ 185113.179299999959767, 9634337.2215 ], [ 185074.645600000396371, 9634068.79759999923408 ], [ 184690.900999999605119, 9633682.078500000759959 ], [ 184652.369800000451505, 9633413.653300000354648 ], [ 184518.738300000317395, 9632889.361500000581145 ], [ 182553.858599999919534, 9633009.272099999710917 ], [ 182117.724899999797344, 9633343.581800000742078 ], [ 181871.673100000247359, 9633405.65430000051856 ], [ 181627.012099999934435, 9633469.119100000709295 ], [ 181056.074799999594688, 9633900.348300000652671 ], [ 180836.897300000302494, 9634717.404799999669194 ], [ 177451.798299999907613, 9634840.4276 ], [ 176548.018199999816716, 9635631.749600000679493 ], [ 176058.661000000312924, 9635758.669299999251962 ], [ 175487.6727, 9636189.8991 ], [ 175237.051199999637902, 9637124.0219 ], [ 174527.354600000195205, 9636982.3377 ], [ 174384.248100000433624, 9635907.4836 ], [ 174051.036399999633431, 9635470.7094 ], [ 173923.470700000412762, 9634983.798100000247359 ], [ 172965.884899999946356, 9633921.19679999910295 ], [ 171893.076500000432134, 9633773.36769999936223 ], [ 171456.073400000110269, 9633439.245300000533462 ], [ 170748.274299999698997, 9633372.95380000025034 ], [ 170684.43819999974221, 9633617.426000000908971 ], [ 170345.855399999767542, 9634049.444499999284744 ], [ 170186.283999999985099, 9634660.646299999207258 ], [ 169817.138399999588728, 9634753.709100000560284 ], [ 169772.909599999897182, 9636405.467499999329448 ], [ 169156.267799999564886, 9637018.430299999192357 ], [ 167222.849200000055134, 9637090.990800000727177 ], [ 166369.164200000464916, 9637932.604800000786781 ], [ 164981.57120000012219, 9638006.661800000816584 ], [ 164478.303700000047684, 9637506.414899999275804 ], [ 163820.91260000038892, 9638153.3004 ], [ 163780.257699999958277, 9638425.141000000759959 ], [ 162119.776499999687076, 9638459.238199999555945 ], [ 161730.966599999926984, 9638841.052899999544024 ], [ 161461.120900000445545, 9638879.345899999141693 ], [ 161459.725200000219047, 9639340.554400000721216 ], [ 161419.605000000447035, 9639608.7983 ], [ 160568.541600000113249, 9640453.136800000444055 ], [ 160527.028699999675155, 9641182.5945999994874 ], [ 159330.034199999645352, 9641218.087300000712276 ], [ 158941.205000000074506, 9641599.910199999809265 ], [ 158401.486899999901652, 9641676.4967 ], [ 158012.651399999856949, 9642058.320800000801682 ], [ 157279.206399999558926, 9642095.205900000408292 ], [ 157239.080199999734759, 9642363.458499999716878 ], [ 156852.944899999536574, 9642747.995400000363588 ], [ 156771.295300000347197, 9643745.7292 ], [ 156385.1568, 9644130.270300000905991 ], [ 156303.513500000350177, 9645128.008500000461936 ], [ 155838.50829999987036, 9645591.064899999648333 ], [ 155914.36089999973774, 9646510.533500000834465 ], [ 156298.181400000117719, 9646897.400499999523163 ], [ 156375.713100000284612, 9647437.989399999380112 ], [ 156991.49930000025779, 9648051.204700000584126 ], [ 157261.141800000332296, 9648091.121899999678135 ], [ 157259.7648, 9648552.346000000834465 ], [ 160774.629399999976158, 9648601.888900000602007 ], [ 161161.1886, 9648986.02250000089407 ], [ 162085.206100000068545, 9649066.960400000214577 ], [ 163018.03760000038892, 9648147.284900000318885 ], [ 164405.92339999973774, 9648073.134600000455976 ], [ 165100.902200000360608, 9648765.123199999332428 ], [ 165136.853799999691546, 9649959.169700000435114 ], [ 165838.189299999736249, 9649890.042899999767542 ], [ 166493.340099999681115, 9649430.747199999168515 ], [ 166766.27240000013262, 9649573.8581000007689 ], [ 167846.292500000447035, 9650499.351299999281764 ], [ 171539.071100000292063, 9650362.040899999439716 ], [ 171722.023299999535084, 9648626.596200000494719 ], [ 172321.513100000098348, 9648206.280999999493361 ], [ 173917.965900000184774, 9648048.850400000810623 ], [ 174343.87430000025779, 9647454.842000000178814 ], [ 174416.050300000235438, 9647218.761399999260902 ], [ 175149.417000000365078, 9647181.7401 ], [ 176002.981599999591708, 9646340.057 ], [ 176463.469100000336766, 9646263.152899999171495 ], [ 176928.954199999570847, 9646725.625099999830127 ], [ 178395.205500000156462, 9646807.970100000500679 ], [ 179473.259999999776483, 9647883.62360000051558 ], [ 179512.297100000083447, 9648155.4353 ], [ 179881.420699999667704, 9648062.308299999684095 ], [ 180078.7045, 9647306.185399999842048 ], [ 181590.236899999901652, 9645918.322499999776483 ], [ 182082.38370000012219, 9645794.129799999296665 ], [ 182518.533099999651313, 9645459.778300000354648 ], [ 182764.603799999691546, 9645397.681500000879169 ], [ 183148.417899999767542, 9645277.951199999079108 ], [ 183319.089300000108778, 9642251.92090000025928 ], [ 185091.057400000281632, 9642176.273499999195337 ], [ 185827.590599999763072, 9642139.037200000137091 ], [ 186444.005199999548495, 9641526.114399999380112 ], [ 186484.054100000299513, 9641257.915200000628829 ], [ 186445.500599999912083, 9640989.496999999508262 ], [ 185983.327899999916553, 9640523.858999999240041 ], [ 186074.895800000056624, 9635916.133500000461936 ], [ 186460.83669999986887, 9635531.608200000599027 ], [ 186500.895899999886751, 9635263.410700000822544 ], [ 186231.342199999839067, 9635223.544600000604987 ], [ 185844.86629999987781, 9634839.530600000172853 ], [ 185575.3125, 9634799.661800000816584 ] ] ] ] } },
{ "type": "Feature", "properties": { "OBJECTID": 13, "HYBAS_ID": 6090281910.0, "NEXT_DOWN": 6090281220.0, "NEXT_SINK": 6090008140.0, "MAIN_BAS": 6090008140.0, "DIST_SINK": 416.1, "DIST_MAIN": 416.1, "SUB_AREA": 419.4, "UP_AREA": 419.6, "PFAF_ID": 625006720, "ENDO": 0, "COAST": 0, "ORDER_": 2, "SORT": 32423.0, "Shape_Length": 139551.44306484616, "Shape_Area": 418498623.95504552, "ID_basin": 13, "HyLength": 1286.658262155735, "HyDensity": 0.0030678547023265021, "COUNT_area": 133, "MEAN_area": 3972.8477112781939, "PropCount_km2": 0.31711969480209823, "AvgArea_km2": 0.094726936368101908, "SUM_area_swa": 6.9911851649319994, "PctWater_swa": 0.016669492524873628, "CLASS_analyses": "1", "WatershedArea_m2": 418.4986239550455, "RdLength": 1.7059779499004706, "RdDensity": 0.0040764242753728247 }, "geometry": { "type": "MultiPolygon", "coordinates": [ [ [ [ 146258.517699999734759, 9609771.9858 ], [ 146306.653500000014901, 9607197.3695 ], [ 146771.72719999961555, 9606734.466700000688434 ], [ 146699.478400000371039, 9604892.348400000482798 ], [ 146315.950799999758601, 9604505.273199999704957 ], [ 146277.580299999564886, 9604236.737999999895692 ], [ 143256.224700000137091, 9604294.574899999424815 ], [ 142808.735299999825656, 9604617.57909999974072 ], [ 141713.972599999979138, 9604772.238099999725819 ], [ 141633.157399999909103, 9606988.296 ], [ 141533.1102, 9607370.820599999278784 ], [ 140458.434999999590218, 9607508.2961 ], [ 140022.0472999997437, 9607842.459599999710917 ], [ 139447.353699999861419, 9607966.060499999672174 ], [ 139213.580199999734759, 9607046.08559999987483 ], [ 134898.353099999949336, 9606901.768400000408292 ], [ 134464.315999999642372, 9606564.5175 ], [ 133390.579599999822676, 9606419.449699999764562 ], [ 133230.998599999584258, 9605791.2331000007689 ], [ 132732.987200000323355, 9605192.5471 ], [ 131801.926400000229478, 9605045.369000000879169 ], [ 130758.182900000363588, 9605964.284800000488758 ], [ 130265.900600000284612, 9606088.132099999114871 ], [ 129829.441100000403821, 9606422.277699999511242 ], [ 129583.296900000423193, 9606484.200899999588728 ], [ 129581.632100000046194, 9606945.540200000628829 ], [ 129539.694500000216067, 9607675.176799999549985 ], [ 129153.371399999596179, 9608059.592800000682473 ], [ 129111.437699999660254, 9608789.232300000265241 ], [ 129204.769199999980628, 9609156.715299999341369 ], [ 129819.036600000225008, 9609315.92879999987781 ], [ 130715.004499999806285, 9610116.193 ], [ 131346.459099999628961, 9610279.88120000064373 ], [ 133669.986999999731779, 9612712.721999999135733 ], [ 133808.154500000178814, 9613782.353499999269843 ], [ 134192.56180000025779, 9613881.948799999430776 ], [ 134438.267099999822676, 9613945.617000000551343 ], [ 134872.357699999585748, 9614282.838700000196695 ], [ 135827.321700000204146, 9614411.781899999827147 ], [ 138109.2511, 9616600.624099999666214 ], [ 138723.536899999715388, 9616759.730799999088049 ], [ 138879.202200000174344, 9617372.1097999997437 ], [ 139215.049700000323355, 9617806.406899999827147 ], [ 139274.181800000369549, 9618973.945599999278784 ], [ 139210.235600000247359, 9619218.457599999383092 ], [ 138744.64850000012666, 9619812.087099999189377 ], [ 138869.763199999928474, 9620139.908700000494719 ], [ 139205.630300000309944, 9620574.197300000116229 ], [ 139367.355999999679625, 9621210.16330000013113 ], [ 141366.326899999752641, 9621350.326500000432134 ], [ 141800.465400000102818, 9621687.4695999994874 ], [ 142291.896499999798834, 9621814.726600000634789 ], [ 142726.03760000038892, 9622151.861400000751019 ], [ 142971.753200000151992, 9622215.486700000241399 ], [ 142899.43819999974221, 9622451.595200000330806 ], [ 142577.427600000053644, 9622900.396800000220537 ], [ 142432.797399999573827, 9623372.616100000217557 ], [ 142110.784500000067055, 9623821.4206000007689 ], [ 141966.154299999587238, 9624293.642300000414252 ], [ 141644.139000000432134, 9624742.449899999424815 ], [ 141500.177000000141561, 9625013.948899999260902 ], [ 141961.589700000360608, 9625666.090500000864267 ], [ 142098.500799999572337, 9627523.121500000357628 ], [ 142998.030899999663234, 9628575.321399999782443 ], [ 144227.980000000447035, 9628765.96169999986887 ], [ 144410.357499999925494, 9629375.856599999591708 ], [ 145191.496500000357628, 9630289.5483 ], [ 145333.560100000351667, 9630596.514599999412894 ], [ 144402.889000000432134, 9631670.826899999752641 ], [ 144256.590800000354648, 9632668.970200000330806 ], [ 145165.659500000067055, 9632944.478700000792742 ], [ 145322.593000000342727, 9633991.6053 ], [ 145645.739099999889731, 9634448.213899999856949 ], [ 145250.427899999544024, 9634999.178999999538064 ], [ 144427.123399999924004, 9635242.979800000786781 ], [ 144246.393000000156462, 9635833.265799999237061 ], [ 143331.499900000169873, 9636889.390100000426173 ], [ 141609.899799999780953, 9637058.528200000524521 ], [ 141526.597299999557436, 9638817.199699999764562 ], [ 142353.528099999763072, 9638893.051000000908971 ], [ 142545.880300000309944, 9639648.852600000798702 ], [ 143160.311099999584258, 9639807.801400000229478 ], [ 144198.02379999961704, 9640733.662399999797344 ], [ 145939.549200000241399, 9640613.558499999344349 ], [ 146539.204900000244379, 9640154.175100000575185 ], [ 146867.847199999727309, 9640280.812999999150634 ], [ 147302.112999999895692, 9640617.844499999657273 ], [ 148257.247999999672174, 9640746.440600000321865 ], [ 148691.5159, 9641083.460799999535084 ], [ 149356.486100000329316, 9641255.467700000852346 ], [ 149799.269799999892712, 9641827.526100000366569 ], [ 149921.25690000038594, 9644727.920800000429153 ], [ 150995.343999999575317, 9645703.167099999263883 ], [ 152631.972299999557436, 9645770.966 ], [ 152630.567400000058115, 9646232.208499999716878 ], [ 152876.716300000436604, 9646170.159199999645352 ], [ 153313.056699999608099, 9645835.8377 ], [ 153928.440200000070035, 9645680.732200000435114 ], [ 154088.080799999646842, 9645069.457000000402331 ], [ 154904.416199999861419, 9644163.536699999123812 ], [ 153967.81290000025183, 9643111.329299999400973 ], [ 154096.529099999926984, 9642302.035900000482798 ], [ 154435.216000000014901, 9641869.985200000926852 ], [ 154500.499499999918044, 9641164.249800000339746 ], [ 153327.561999999918044, 9641097.843800000846386 ], [ 152263.90500000026077, 9640132.011900000274181 ], [ 152125.88289999961853, 9639067.2347 ], [ 151789.874900000169873, 9638633.090900000184774 ], [ 151664.660799999721348, 9638305.342800000682473 ], [ 152130.106700000353158, 9637711.651900000870228 ], [ 152262.457899999804795, 9635756.861400000751019 ], [ 151490.446800000034273, 9635557.143200000748038 ], [ 151056.218700000084937, 9635220.120799999684095 ], [ 150415.539099999703467, 9635054.3619 ], [ 150293.340300000272691, 9632142.664799999445677 ], [ 149957.381199999712408, 9631708.487999999895692 ], [ 149832.198200000450015, 9631380.724700000137091 ], [ 150405.284300000406802, 9630649.829500000923872 ], [ 151071.254200000315905, 9630482.027599999681115 ], [ 151679.697100000455976, 9629980.413100000470877 ], [ 151821.516400000080466, 9628619.5581 ], [ 151359.876699999906123, 9628022.9309 ], [ 151299.035400000400841, 9627316.778300000354648 ], [ 151408.042000000365078, 9626899.718900000676513 ], [ 151982.970599999651313, 9626459.27449999935925 ], [ 153057.692099999636412, 9626321.518100000917912 ], [ 153221.53760000038892, 9625694.511900000274181 ], [ 153560.24129999987781, 9625262.50760000012815 ], [ 153624.137199999764562, 9625018.014599999412894 ], [ 153378.43030000012368, 9624954.425599999725819 ], [ 152771.867300000041723, 9624447.755100000649691 ], [ 152640.733, 9622925.1502 ], [ 152304.834599999710917, 9622490.96199999935925 ], [ 152181.255199999548495, 9621680.856300000101328 ], [ 153111.657100000418723, 9620648.593599999323487 ], [ 153238.936999999918044, 9620321.653899999335408 ], [ 152777.373599999584258, 9619725.006100000813603 ], [ 152657.30559999961406, 9617851.4638 ], [ 151859.465699999593198, 9616954.4847999997437 ], [ 151727.870199999772012, 9615425.172800000756979 ], [ 150953.888899999670684, 9615224.781099999323487 ], [ 150815.551799999549985, 9614155.3366 ], [ 150373.017500000074506, 9613583.178400000557303 ], [ 149585.403900000266731, 9613379.225199999287724 ], [ 149429.718500000424683, 9612766.913899999111891 ], [ 148987.199199999682605, 9612194.737500000745058 ], [ 148322.449500000104308, 9612022.559000000357628 ], [ 147750.504999999888241, 9611578.3114 ], [ 147581.998200000263751, 9610915.602399999275804 ], [ 146656.819600000046194, 9609875.151799999177456 ], [ 146258.517699999734759, 9609771.9858 ] ] ] ] } },
{ "type": "Feature", "properties": { "OBJECTID": 14, "HYBAS_ID": 6090283470.0, "NEXT_DOWN": 6090281230.0, "NEXT_SINK": 6090008140.0, "MAIN_BAS": 6090008140.0, "DIST_SINK": 425.0, "DIST_MAIN": 425.0, "SUB_AREA": 279.3, "UP_AREA": 279.3, "PFAF_ID": 625006602, "ENDO": 0, "COAST": 0, "ORDER_": 3, "SORT": 32424.0, "Shape_Length": 107651.44832810317, "Shape_Area": 278637869.30903852, "ID_basin": 14, "HyLength": 4889.7203178572236, "HyDensity": 0.017507054485704346, "COUNT_area": 111, "MEAN_area": 1994.4587639639635, "PropCount_km2": 0.39742212674543498, "AvgArea_km2": 0.071409193124381071, "SUM_area_swa": 0.209885727499, "PctWater_swa": 0.00075147056032581446, "CLASS_analyses": "1", "WatershedArea_m2": 278.63786930903854, "RdLength": 1.2680102565886826, "RdDensity": 0.0045507463136043678 }, "geometry": { "type": "MultiPolygon", "coordinates": [ [ [ [ 149529.729299999773502, 9601941.647900000214577 ], [ 149259.932400000281632, 9601979.829500000923872 ], [ 148871.0472999997437, 9602361.5208 ], [ 146747.448499999940395, 9602393.268200000748038 ], [ 146705.611499999649823, 9603122.79869999922812 ], [ 146319.41370000038296, 9603507.204700000584126 ], [ 146277.580299999564886, 9604236.737999999895692 ], [ 146315.950799999758601, 9604505.273199999704957 ], [ 146699.478400000371039, 9604892.348400000482798 ], [ 146771.72719999961555, 9606734.466700000688434 ], [ 146306.653500000014901, 9607197.3695 ], [ 146258.517699999734759, 9609771.9858 ], [ 146656.819600000046194, 9609875.151799999177456 ], [ 147581.998200000263751, 9610915.602399999275804 ], [ 147750.504999999888241, 9611578.3114 ], [ 148322.449500000104308, 9612022.559000000357628 ], [ 148987.199199999682605, 9612194.737500000745058 ], [ 149429.718500000424683, 9612766.913899999111891 ], [ 149585.403900000266731, 9613379.225199999287724 ], [ 150373.017500000074506, 9613583.178400000557303 ], [ 150815.551799999549985, 9614155.3366 ], [ 150953.888899999670684, 9615224.781099999323487 ], [ 151727.870199999772012, 9615425.172800000756979 ], [ 151859.465699999593198, 9616954.4847999997437 ], [ 152657.30559999961406, 9617851.4638 ], [ 152777.373599999584258, 9619725.006100000813603 ], [ 153238.936999999918044, 9620321.653899999335408 ], [ 153111.657100000418723, 9620648.593599999323487 ], [ 152181.255199999548495, 9621680.856300000101328 ], [ 152304.834599999710917, 9622490.96199999935925 ], [ 152640.733, 9622925.1502 ], [ 152771.867300000041723, 9624447.755100000649691 ], [ 153378.43030000012368, 9624954.425599999725819 ], [ 153624.137199999764562, 9625018.014599999412894 ], [ 153560.24129999987781, 9625262.50760000012815 ], [ 153221.53760000038892, 9625694.511900000274181 ], [ 153057.692099999636412, 9626321.518100000917912 ], [ 151982.970599999651313, 9626459.27449999935925 ], [ 151408.042000000365078, 9626899.718900000676513 ], [ 151299.035400000400841, 9627316.778300000354648 ], [ 151359.876699999906123, 9628022.9309 ], [ 151821.516400000080466, 9628619.5581 ], [ 151679.697100000455976, 9629980.413100000470877 ], [ 151071.254200000315905, 9630482.027599999681115 ], [ 150405.284300000406802, 9630649.829500000923872 ], [ 149832.198200000450015, 9631380.724700000137091 ], [ 149957.381199999712408, 9631708.487999999895692 ], [ 150293.340300000272691, 9632142.664799999445677 ], [ 150415.539099999703467, 9635054.3619 ], [ 151056.218700000084937, 9635220.120799999684095 ], [ 151490.446800000034273, 9635557.143200000748038 ], [ 152262.457899999804795, 9635756.861400000751019 ], [ 152130.106700000353158, 9637711.651900000870228 ], [ 151664.660799999721348, 9638305.342800000682473 ], [ 151789.874900000169873, 9638633.090900000184774 ], [ 152125.88289999961853, 9639067.2347 ], [ 152263.90500000026077, 9640132.011900000274181 ], [ 153327.561999999918044, 9641097.843800000846386 ], [ 154500.499499999918044, 9641164.249800000339746 ], [ 155233.957100000232458, 9641127.387700000777841 ], [ 155660.878899999894202, 9640708.185900000855327 ], [ 156085.223399999551475, 9641129.993300000205636 ], [ 156624.474000000394881, 9641209.863600000739098 ], [ 157240.193900000303984, 9641823.10950000025332 ], [ 157279.206399999558926, 9642095.205900000408292 ], [ 158012.651399999856949, 9642058.320800000801682 ], [ 158401.486899999901652, 9641676.4967 ], [ 158941.205000000074506, 9641599.910199999809265 ], [ 159330.034199999645352, 9641218.087300000712276 ], [ 160527.028699999675155, 9641182.5945999994874 ], [ 160568.541600000113249, 9640453.136800000444055 ], [ 161419.605000000447035, 9639608.7983 ], [ 161459.725200000219047, 9639340.554400000721216 ], [ 161461.120900000445545, 9638879.345899999141693 ], [ 160997.565799999982119, 9638877.941199999302626 ], [ 160628.945299999788404, 9638782.650299999862909 ], [ 160473.041899999603629, 9638170.449300000444055 ], [ 160137.03139999974519, 9637736.358799999579787 ], [ 160012.300200000405312, 9637246.609300000593066 ], [ 159676.296400000341237, 9636812.5131 ], [ 159555.324599999934435, 9635101.145500000566244 ], [ 160031.720599999651313, 9634493.432499999180436 ], [ 159684.801199999637902, 9634045.2193 ], [ 159622.445700000040233, 9633800.341399999335408 ], [ 159583.967400000430644, 9633531.852900000289083 ], [ 159200.235999999567866, 9633144.963500000536442 ], [ 159126.150500000454485, 9631685.54759999923408 ], [ 158664.063699999824166, 9631219.657199999317527 ], [ 158746.988599999807775, 9629839.471400000154972 ], [ 159676.92989999987185, 9628917.008500000461936 ], [ 159601.199500000104308, 9627997.25730000063777 ], [ 159217.505699999630451, 9627610.349700000137091 ], [ 159144.949099999852479, 9625689.71059999987483 ], [ 158299.226599999703467, 9624840.101500000804663 ], [ 158262.241499999538064, 9624110.384199999272823 ], [ 158314.205900000408292, 9620152.363399999216199 ], [ 158779.183899999596179, 9619689.404400000348687 ], [ 158705.025799999944866, 9618308.717800000682473 ], [ 158321.39879999961704, 9617921.771999999880791 ], [ 158244.532200000248849, 9617384.776100000366569 ], [ 157860.911799999885261, 9616997.823999999091029 ], [ 157825.482200000435114, 9615806.8761 ], [ 157766.188699999824166, 9614639.533800000324845 ], [ 157430.341300000436604, 9614205.3564 ], [ 157261.767900000326335, 9613542.722300000488758 ], [ 156689.815299999900162, 9613098.565400000661612 ], [ 156051.959300000220537, 9612933.410299999639392 ], [ 155924.494400000199676, 9610943.604900000616908 ], [ 155588.674999999813735, 9610509.403899999335408 ], [ 155432.981900000013411, 9609897.128900000825524 ], [ 154695.961099999956787, 9609706.316500000655651 ], [ 154540.277499999850988, 9609094.034299999475479 ], [ 153616.845999999903142, 9608055.651100000366569 ], [ 153744.214999999850988, 9607707.630000000819564 ], [ 154093.946999999694526, 9607261.637700000777841 ], [ 153621.579400000162423, 9606650.831800000742078 ], [ 153748.879700000397861, 9606323.907299999147654 ], [ 154099.597099999897182, 9605876.646099999547005 ], [ 152828.155399999581277, 9604503.94649999961257 ], [ 152765.891499999910593, 9604259.033299999311566 ], [ 152056.80379999987781, 9604193.817600000649691 ], [ 151622.79590000025928, 9603856.67989999987185 ], [ 151008.654699999839067, 9603697.5976 ], [ 150821.919700000435114, 9602962.803400000557303 ], [ 150084.939399999566376, 9602771.906099999323487 ], [ 149898.217199999839067, 9602037.102600000798702 ], [ 149529.729299999773502, 9601941.647900000214577 ] ] ] ] } },
{ "type": "Feature", "properties": { "OBJECTID": 15, "HYBAS_ID": 6090283530.0, "NEXT_DOWN": 6090281230.0, "NEXT_SINK": 6090008140.0, "MAIN_BAS": 6090008140.0, "DIST_SINK": 425.2, "DIST_MAIN": 425.2, "SUB_AREA": 44.9, "UP_AREA": 1665.1, "PFAF_ID": 625006603, "ENDO": 0, "COAST": 0, "ORDER_": 2, "SORT": 32425.0, "Shape_Length": 30942.757944831465, "Shape_Area": 44779861.564398669, "ID_basin": 15, "HyLength": 4326.1946335323883, "HyDensity": 0.09635177357533159, "COUNT_area": 13, "MEAN_area": 1901.1201615384614, "PropCount_km2": 0.28953229398663699, "AvgArea_km2": 0.42341206270344356, "SUM_area_swa": null, "PctWater_swa": 0.0, "CLASS_analyses": "0", "WatershedArea_m2": 44.779861564398672, "RdLength": 0.51525971917292446, "RdDensity": 0.011506505406050012 }, "geometry": { "type": "MultiPolygon", "coordinates": [ [ [ [ 164725.494900000281632, 9632432.377299999818206 ], [ 164455.670599999837577, 9632470.6623 ], [ 164066.878100000321865, 9632852.458799999207258 ], [ 163797.051099999807775, 9632890.7434 ], [ 163527.223399999551475, 9632929.0274 ], [ 162208.545400000177324, 9634230.39640000090003 ], [ 161284.482099999673665, 9634305.784600000828505 ], [ 160819.119199999608099, 9633843.140000000596046 ], [ 159622.445700000040233, 9633800.341399999335408 ], [ 159684.801199999637902, 9634045.2193 ], [ 160031.720599999651313, 9634493.432499999180436 ], [ 159555.324599999934435, 9635101.145500000566244 ], [ 159676.296400000341237, 9636812.5131 ], [ 160012.300200000405312, 9637246.609300000593066 ], [ 160137.03139999974519, 9637736.358799999579787 ], [ 160473.041899999603629, 9638170.449300000444055 ], [ 160628.945299999788404, 9638782.650299999862909 ], [ 160997.565799999982119, 9638877.941199999302626 ], [ 161461.120900000445545, 9638879.345899999141693 ], [ 161730.966599999926984, 9638841.052899999544024 ], [ 162119.776499999687076, 9638459.238199999555945 ], [ 163780.257699999958277, 9638425.141000000759959 ], [ 163820.91260000038892, 9638153.3004 ], [ 164478.303700000047684, 9637506.414899999275804 ], [ 164981.57120000012219, 9638006.661800000816584 ], [ 166369.164200000464916, 9637932.604800000786781 ], [ 167222.849200000055134, 9637090.990800000727177 ], [ 169156.267799999564886, 9637018.430299999192357 ], [ 169772.909599999897182, 9636405.467499999329448 ], [ 169817.138399999588728, 9634753.709100000560284 ], [ 169778.155799999833107, 9634481.868000000715256 ], [ 168700.354799999855459, 9633405.918500000610948 ], [ 168161.193199999630451, 9633326.079299999400973 ], [ 167774.736499999649823, 9632941.940700000151992 ], [ 167235.574000000022352, 9632862.0943 ], [ 166811.212700000032783, 9632440.263499999418855 ], [ 165881.55350000038743, 9633356.754200000315905 ], [ 165457.188900000415742, 9632934.915200000628829 ], [ 164724.087799999862909, 9632893.573799999430776 ], [ 164725.494900000281632, 9632432.377299999818206 ] ] ] ] } },
{ "type": "Feature", "properties": { "OBJECTID": 16, "HYBAS_ID": 6090284750.0, "NEXT_DOWN": 6090283530.0, "NEXT_SINK": 6090008140.0, "MAIN_BAS": 6090008140.0, "DIST_SINK": 433.4, "DIST_MAIN": 433.4, "SUB_AREA": 53.6, "UP_AREA": 1286.7, "PFAF_ID": 625006605, "ENDO": 0, "COAST": 0, "ORDER_": 2, "SORT": 32426.0, "Shape_Length": 40902.626860992656, "Shape_Area": 53447540.114411883, "ID_basin": 16, "HyLength": 980.80965196875172, "HyDensity": 0.018298687536730442, "COUNT_area": 31, "MEAN_area": 1900.4870225806451, "PropCount_km2": 0.57835820895522383, "AvgArea_km2": 0.35456847436206068, "SUM_area_swa": 0.99529839845000001, "PctWater_swa": 0.018568999971082092, "CLASS_analyses": "0", "WatershedArea_m2": 53.447540114411886, "RdLength": 1.1187683537555628, "RdDensity": 0.020932083148460786 }, "geometry": { "type": "MultiPolygon", "coordinates": [ [ [ [ 166616.535400000400841, 9620447.087300000712276 ], [ 166247.413200000301003, 9620540.097899999469519 ], [ 166087.764999999664724, 9621151.298000000417233 ], [ 165284.2341, 9622043.026699999347329 ], [ 165155.56290000025183, 9622831.144899999722838 ], [ 165628.108099999837577, 9623441.773299999535084 ], [ 165278.466500000096858, 9623887.806900000199676 ], [ 165149.300900000147521, 9624837.953199999406934 ], [ 164810.676500000059605, 9625269.950500000268221 ], [ 164682.948400000110269, 9625758.904100000858307 ], [ 164344.321299999952316, 9626190.904100000858307 ], [ 164215.161999999545515, 9627141.058800000697374 ], [ 163876.532300000078976, 9627573.06279999949038 ], [ 163744.527099999599159, 9629445.622700000181794 ], [ 163405.895399999804795, 9629877.633300000801682 ], [ 163277.919999999925494, 9630448.6418999992311 ], [ 164172.703099999576807, 9630680.046299999579787 ], [ 164328.573099999688566, 9631292.233799999579787 ], [ 164664.545099999755621, 9631726.314899999648333 ], [ 164725.494900000281632, 9632432.377299999818206 ], [ 164724.087799999862909, 9632893.573799999430776 ], [ 165457.188900000415742, 9632934.915200000628829 ], [ 165881.55350000038743, 9633356.754200000315905 ], [ 166811.212700000032783, 9632440.263499999418855 ], [ 167235.574000000022352, 9632862.0943 ], [ 167774.736499999649823, 9632941.940700000151992 ], [ 168161.193199999630451, 9633326.079299999400973 ], [ 168700.354799999855459, 9633405.918500000610948 ], [ 169778.155799999833107, 9634481.868000000715256 ], [ 169817.138399999588728, 9634753.709100000560284 ], [ 170186.283999999985099, 9634660.646299999207258 ], [ 170345.855399999767542, 9634049.444499999284744 ], [ 170684.43819999974221, 9633617.426000000908971 ], [ 170748.274299999698997, 9633372.95380000025034 ], [ 170709.77350000012666, 9633104.49379999935627 ], [ 170247.670699999667704, 9632638.702500000596046 ], [ 170330.426599999889731, 9631258.640000000596046 ], [ 171219.285899999551475, 9630376.716499999165535 ], [ 170335.767199999652803, 9629489.449799999594688 ], [ 170298.674700000323355, 9628759.811699999496341 ], [ 170300.073900000192225, 9628298.636 ], [ 170030.272900000214577, 9628336.923900000751019 ], [ 169641.519299999810755, 9628718.709699999541044 ], [ 169371.715599999763072, 9628756.996999999508262 ], [ 169126.021499999798834, 9628693.459899999201298 ], [ 168691.850700000301003, 9628356.531700000166893 ], [ 168091.67339999973774, 9628201.307700000703335 ], [ 167921.298799999989569, 9627726.46169999986887 ], [ 168851.425699999555945, 9626694.153400000184774 ], [ 168980.135300000198185, 9625876.701999999582767 ], [ 167132.269000000320375, 9623921.721400000154972 ], [ 167012.105700000189245, 9620549.43779999949038 ], [ 166616.535400000400841, 9620447.087300000712276 ] ] ] ] } },
{ "type": "Feature", "properties": { "OBJECTID": 17, "HYBAS_ID": 6090284740.0, "NEXT_DOWN": 6090283530.0, "NEXT_SINK": 6090008140.0, "MAIN_BAS": 6090008140.0, "DIST_SINK": 433.4, "DIST_MAIN": 433.4, "SUB_AREA": 333.3, "UP_AREA": 333.4, "PFAF_ID": 625006604, "ENDO": 0, "COAST": 0, "ORDER_": 3, "SORT": 32427.0, "Shape_Length": 100499.44605275238, "Shape_Area": 332525749.35390437, "ID_basin": 17, "HyLength": 14159.182685206257, "HyDensity": 0.042481796235242293, "COUNT_area": 128, "MEAN_area": 2100.1772187500005, "PropCount_km2": 0.38403840384038401, "AvgArea_km2": 0.06301161772427244, "SUM_area_swa": 0.78356357728999992, "PctWater_swa": 0.0023509258244524449, "CLASS_analyses": "1", "WatershedArea_m2": 332.52574935390436, "RdLength": 4.3020544470577509, "RdDensity": 0.012937507713061675 }, "geometry": { "type": "MultiPolygon", "coordinates": [ [ [ [ 163797.051099999807775, 9632890.7434 ], [ 164066.878100000321865, 9632852.458799999207258 ], [ 164455.670599999837577, 9632470.6623 ], [ 164725.494900000281632, 9632432.377299999818206 ], [ 164664.545099999755621, 9631726.314899999648333 ], [ 164328.573099999688566, 9631292.233799999579787 ], [ 164172.703099999576807, 9630680.046299999579787 ], [ 163277.919999999925494, 9630448.6418999992311 ], [ 163405.895399999804795, 9629877.633300000801682 ], [ 163744.527099999599159, 9629445.622700000181794 ], [ 163876.532300000078976, 9627573.06279999949038 ], [ 164215.161999999545515, 9627141.058800000697374 ], [ 164344.321299999952316, 9626190.904100000858307 ], [ 164682.948400000110269, 9625758.904100000858307 ], [ 164810.676500000059605, 9625269.950500000268221 ], [ 165149.300900000147521, 9624837.953199999406934 ], [ 165278.466500000096858, 9623887.806900000199676 ], [ 165628.108099999837577, 9623441.773299999535084 ], [ 165155.56290000025183, 9622831.144899999722838 ], [ 165284.2341, 9622043.026699999347329 ], [ 166087.764999999664724, 9621151.298000000417233 ], [ 166247.413200000301003, 9620540.097899999469519 ], [ 166616.535400000400841, 9620447.087300000712276 ], [ 166661.024699999950826, 9618795.2884 ], [ 167047.086799999698997, 9618410.824200000613928 ], [ 167127.375500000081956, 9617874.3695 ], [ 167513.434000000357628, 9617489.907999999821186 ], [ 167598.095700000412762, 9615569.895300000905991 ], [ 168062.994699999690056, 9615106.948599999770522 ], [ 167985.849899999797344, 9614648.74210000038147 ], [ 167602.243800000287592, 9614261.848099999129772 ], [ 167566.735000000335276, 9613070.998800000175834 ], [ 167630.609000000171363, 9612826.5320999994874 ], [ 167969.21889999974519, 9612394.569599999114871 ], [ 168133.008100000210106, 9611767.636499999091029 ], [ 169207.430800000205636, 9611629.867499999701977 ], [ 170573.354500000365078, 9610376.243000000715256 ], [ 171188.451000000350177, 9610221.2434 ], [ 171348.120299999602139, 9609610.074200000613928 ], [ 171686.705500000156462, 9609178.121300000697374 ], [ 171818.850599999539554, 9607305.6886 ], [ 172250.332700000144541, 9606755.254599999636412 ], [ 171359.701399999670684, 9606524.744899999350309 ], [ 170308.825699999928474, 9605343.3465 ], [ 170440.595300000160933, 9603611.824999999254942 ], [ 171255.811599999666214, 9602707.152499999850988 ], [ 170908.349000000394881, 9602257.945599999278784 ], [ 170747.277700000442564, 9601624.763000000268221 ], [ 169920.840499999932945, 9601548.887800000607967 ], [ 169527.154799999669194, 9601446.9825 ], [ 169462.003499999642372, 9600163.834000000730157 ], [ 169368.597199999727309, 9599796.508199999108911 ], [ 169000.161600000225008, 9599701.13289999961853 ], [ 168267.065799999982119, 9599737.831599999219179 ], [ 167878.316200000233948, 9600119.5274 ], [ 167145.21030000038445, 9600156.220799999311566 ], [ 167049.389399999752641, 9600522.931700000539422 ], [ 166434.292600000277162, 9600677.862999999895692 ], [ 165998.096800000406802, 9601012.037900000810623 ], [ 163189.136099999770522, 9601128.310699999332428 ], [ 162752.917200000025332, 9601462.482200000435114 ], [ 161334.04839999973774, 9601583.335799999535084 ], [ 159967.931900000199676, 9602836.836200000718236 ], [ 158711.812699999660254, 9602958.21680000051856 ], [ 158115.435100000351667, 9602494.9835 ], [ 157624.164800000376999, 9602367.7358 ], [ 157190.172199999913573, 9602030.630899999290705 ], [ 156944.537200000137091, 9601967.003799999132752 ], [ 156235.063699999824166, 9602027.39809999987483 ], [ 155798.794900000095367, 9602361.5625 ], [ 153799.534699999727309, 9602488.167600000277162 ], [ 153601.595300000160933, 9603245.202099999412894 ], [ 152842.238800000399351, 9603436.377699999138713 ], [ 152765.891499999910593, 9604259.033299999311566 ], [ 152828.155399999581277, 9604503.94649999961257 ], [ 154099.597099999897182, 9605876.646099999547005 ], [ 153748.879700000397861, 9606323.907299999147654 ], [ 153621.579400000162423, 9606650.831800000742078 ], [ 154093.946999999694526, 9607261.637700000777841 ], [ 153744.214999999850988, 9607707.630000000819564 ], [ 153616.845999999903142, 9608055.651100000366569 ], [ 154540.277499999850988, 9609094.034299999475479 ], [ 154695.961099999956787, 9609706.316500000655651 ], [ 155432.981900000013411, 9609897.128900000825524 ], [ 155588.674999999813735, 9610509.403899999335408 ], [ 155924.494400000199676, 9610943.604900000616908 ], [ 156051.959300000220537, 9612933.410299999639392 ], [ 156689.815299999900162, 9613098.565400000661612 ], [ 157261.767900000326335, 9613542.722300000488758 ], [ 157430.341300000436604, 9614205.3564 ], [ 157766.188699999824166, 9614639.533800000324845 ], [ 157825.482200000435114, 9615806.8761 ], [ 157860.911799999885261, 9616997.823999999091029 ], [ 158244.532200000248849, 9617384.776100000366569 ], [ 158321.39879999961704, 9617921.771999999880791 ], [ 158705.025799999944866, 9618308.717800000682473 ], [ 158779.183899999596179, 9619689.404400000348687 ], [ 158314.205900000408292, 9620152.363399999216199 ], [ 158262.241499999538064, 9624110.384199999272823 ], [ 158299.226599999703467, 9624840.101500000804663 ], [ 159144.949099999852479, 9625689.71059999987483 ], [ 159217.505699999630451, 9627610.349700000137091 ], [ 159601.199500000104308, 9627997.25730000063777 ], [ 159676.92989999987185, 9628917.008500000461936 ], [ 158746.988599999807775, 9629839.471400000154972 ], [ 158664.063699999824166, 9631219.657199999317527 ], [ 159126.150500000454485, 9631685.54759999923408 ], [ 159200.235999999567866, 9633144.963500000536442 ], [ 159583.967400000430644, 9633531.852900000289083 ], [ 159622.445700000040233, 9633800.341399999335408 ], [ 160819.119199999608099, 9633843.140000000596046 ], [ 161284.482099999673665, 9634305.784600000828505 ], [ 162208.545400000177324, 9634230.39640000090003 ], [ 163527.223399999551475, 9632929.0274 ], [ 163797.051099999807775, 9632890.7434 ] ] ] ] } },
{ "type": "Feature", "properties": { "OBJECTID": 18, "HYBAS_ID": 6090282770.0, "NEXT_DOWN": 6090281740.0, "NEXT_SINK": 6090008140.0, "MAIN_BAS": 6090008140.0, "DIST_SINK": 434.7, "DIST_MAIN": 434.7, "SUB_AREA": 210.6, "UP_AREA": 210.6, "PFAF_ID": 625006732, "ENDO": 0, "COAST": 0, "ORDER_": 2, "SORT": 32428.0, "Shape_Length": 78577.990200859465, "Shape_Area": 210186062.90127826, "ID_basin": 18, "HyLength": 3593.2699336235482, "HyDensity": 0.017062060463549612, "COUNT_area": 26, "MEAN_area": 8719.5541230769231, "PropCount_km2": 0.1234567901234568, "AvgArea_km2": 0.41403390897801157, "SUM_area_swa": 0.122157335305, "PctWater_swa": 0.00058004432718423559, "CLASS_analyses": "1", "WatershedArea_m2": 210.18606290127826, "RdLength": 1.099943954623382, "RdDensity": 0.0052331916752254492 }, "geometry": { "type": "MultiPolygon", "coordinates": [ [ [ [ 134192.56180000025779, 9613881.948799999430776 ], [ 134152.314100000075996, 9614150.238700000569224 ], [ 133766.023199999704957, 9614534.677899999544024 ], [ 133725.775600000284612, 9614802.968800000846386 ], [ 133455.9057, 9614841.145099999383092 ], [ 132835.789599999785423, 9615450.891200000420213 ], [ 132750.343000000342727, 9617374.644300000742078 ], [ 132364.041600000113249, 9617759.0943 ], [ 132280.621299999766052, 9619139.573400000110269 ], [ 132742.60010000038892, 9619605.734400000423193 ], [ 132818.044700000435114, 9620525.802799999713898 ], [ 131422.464100000448525, 9621907.838700000196695 ], [ 131340.667700000107288, 9622827.150299999862909 ], [ 132031.696700000204146, 9623522.992200000211596 ], [ 133037.9079, 9623604.942500000819564 ], [ 133653.769000000320375, 9624218.883300000801682 ], [ 133727.872499999590218, 9625603.526900000870228 ], [ 132332.313500000163913, 9626985.626299999654293 ], [ 132292.087600000202656, 9627253.924100000411272 ], [ 132561.722400000318885, 9627293.959100000560284 ], [ 135025.94469999987632, 9629759.735500000417233 ], [ 135099.840499999932945, 9631222.405300000682473 ], [ 135483.55489999987185, 9631609.466700000688434 ], [ 135560.400700000114739, 9632146.574699999764562 ], [ 135944.121600000187755, 9632533.629599999636412 ], [ 136016.663900000043213, 9634376.204 ], [ 135086.3295, 9635298.7006 ], [ 135038.554700000211596, 9637873.567099999636412 ], [ 135430.908099999651313, 9637975.125700000673532 ], [ 135565.995699999853969, 9640081.602099999785423 ], [ 136204.134600000455976, 9640246.755000000819564 ], [ 136638.409400000236928, 9640583.8597 ], [ 137593.622299999929965, 9640712.558599999174476 ], [ 138503.205000000074506, 9641524.1601 ], [ 138968.991499999538064, 9641167.363700000569224 ], [ 139417.384800000116229, 9641515.415300000458956 ], [ 139663.159900000318885, 9641579.007400000467896 ], [ 139661.685300000011921, 9642040.302300000563264 ], [ 140081.6097999997437, 9641934.502399999648333 ], [ 140528.027499999850988, 9641365.200099999085069 ], [ 140658.793899999931455, 9639953.575300000607967 ], [ 140997.573900000192225, 9639521.521199999377131 ], [ 141157.326799999922514, 9638910.203199999406934 ], [ 141526.597299999557436, 9638817.199699999764562 ], [ 141609.899799999780953, 9637058.528200000524521 ], [ 143331.499900000169873, 9636889.390100000426173 ], [ 144246.393000000156462, 9635833.265799999237061 ], [ 144427.123399999924004, 9635242.979800000786781 ], [ 145250.427899999544024, 9634999.178999999538064 ], [ 145645.739099999889731, 9634448.213899999856949 ], [ 145322.593000000342727, 9633991.6053 ], [ 145165.659500000067055, 9632944.478700000792742 ], [ 144256.590800000354648, 9632668.970200000330806 ], [ 144402.889000000432134, 9631670.826899999752641 ], [ 145333.560100000351667, 9630596.514599999412894 ], [ 145191.496500000357628, 9630289.5483 ], [ 144410.357499999925494, 9629375.856599999591708 ], [ 144227.980000000447035, 9628765.96169999986887 ], [ 142998.030899999663234, 9628575.321399999782443 ], [ 142098.500799999572337, 9627523.121500000357628 ], [ 141961.589700000360608, 9625666.090500000864267 ], [ 141500.177000000141561, 9625013.948899999260902 ], [ 141644.139000000432134, 9624742.449899999424815 ], [ 141966.154299999587238, 9624293.642300000414252 ], [ 142110.784500000067055, 9623821.4206000007689 ], [ 142432.797399999573827, 9623372.616100000217557 ], [ 142577.427600000053644, 9622900.396800000220537 ], [ 142899.43819999974221, 9622451.595200000330806 ], [ 142971.753200000151992, 9622215.486700000241399 ], [ 142726.03760000038892, 9622151.861400000751019 ], [ 142291.896499999798834, 9621814.726600000634789 ], [ 141800.465400000102818, 9621687.4695999994874 ], [ 141366.326899999752641, 9621350.326500000432134 ], [ 139367.355999999679625, 9621210.16330000013113 ], [ 139205.630300000309944, 9620574.197300000116229 ], [ 138869.763199999928474, 9620139.908700000494719 ], [ 138744.64850000012666, 9619812.087099999189377 ], [ 139210.235600000247359, 9619218.457599999383092 ], [ 139274.181800000369549, 9618973.945599999278784 ], [ 139215.049700000323355, 9617806.406899999827147 ], [ 138879.202200000174344, 9617372.1097999997437 ], [ 138723.536899999715388, 9616759.730799999088049 ], [ 138109.2511, 9616600.624099999666214 ], [ 135827.321700000204146, 9614411.781899999827147 ], [ 134872.357699999585748, 9614282.838700000196695 ], [ 134438.267099999822676, 9613945.617000000551343 ], [ 134192.56180000025779, 9613881.948799999430776 ] ] ] ] } },
{ "type": "Feature", "properties": { "OBJECTID": 19, "HYBAS_ID": 6090285830.0, "NEXT_DOWN": 6090284750.0, "NEXT_SINK": 6090008140.0, "MAIN_BAS": 6090008140.0, "DIST_SINK": 440.4, "DIST_MAIN": 440.4, "SUB_AREA": 351.6, "UP_AREA": 1004.3, "PFAF_ID": 625006607, "ENDO": 0, "COAST": 0, "ORDER_": 2, "SORT": 32430.0, "Shape_Length": 94894.34663011691, "Shape_Area": 350684549.23660034, "ID_basin": 19, "HyLength": 2075.2172055126603, "HyDensity": 0.0059022104821179183, "COUNT_area": 132, "MEAN_area": 2081.1878060606059, "PropCount_km2": 0.37542662116040953, "AvgArea_km2": 0.059191917123452953, "SUM_area_swa": 3.8864558919169996, "PctWater_swa": 0.01105362881660125, "CLASS_analyses": "1", "WatershedArea_m2": 350.68454923660033, "RdLength": 1.4944443644515568, "RdDensity": 0.0042615061533357807 }, "geometry": { "type": "MultiPolygon", "coordinates": [ [ [ [ 178684.055700000375509, 9614489.284700000658631 ], [ 178299.16469999961555, 9614586.315099999308586 ], [ 178153.998999999836087, 9615654.6096 ], [ 177707.919800000265241, 9616223.791400000452995 ], [ 177042.189000000245869, 9616391.642799999564886 ], [ 176438.020800000056624, 9616889.9375 ], [ 176293.332899999804795, 9617954.683800000697374 ], [ 175489.955299999564886, 9618846.394999999552965 ], [ 175359.448499999940395, 9620257.627599999308586 ], [ 175020.891800000332296, 9620689.608899999409914 ], [ 174893.207999999634922, 9621178.529500000178814 ], [ 174089.808400000445545, 9622070.260500000789762 ], [ 174023.155899999663234, 9623237.04700000025332 ], [ 173638.221300000324845, 9623334.090900000184774 ], [ 173493.066800000146031, 9624402.427500000223517 ], [ 172224.788599999621511, 9625753.937999999150634 ], [ 172097.10329999960959, 9626242.870999999344349 ], [ 170363.918600000441074, 9628054.165899999439716 ], [ 170300.073900000192225, 9628298.636 ], [ 170298.674700000323355, 9628759.811699999496341 ], [ 170335.767199999652803, 9629489.449799999594688 ], [ 171219.285899999551475, 9630376.716499999165535 ], [ 170330.426599999889731, 9631258.640000000596046 ], [ 170247.670699999667704, 9632638.702500000596046 ], [ 170709.77350000012666, 9633104.49379999935627 ], [ 170748.274299999698997, 9633372.95380000025034 ], [ 171456.073400000110269, 9633439.245300000533462 ], [ 171893.076500000432134, 9633773.36769999936223 ], [ 172965.884899999946356, 9633921.19679999910295 ], [ 173923.470700000412762, 9634983.798100000247359 ], [ 174051.036399999633431, 9635470.7094 ], [ 174384.248100000433624, 9635907.4836 ], [ 174527.354600000195205, 9636982.3377 ], [ 175237.051199999637902, 9637124.0219 ], [ 175487.6727, 9636189.8991 ], [ 176058.661000000312924, 9635758.669299999251962 ], [ 176548.018199999816716, 9635631.749600000679493 ], [ 177451.798299999907613, 9634840.4276 ], [ 180836.897300000302494, 9634717.404799999669194 ], [ 181056.074799999594688, 9633900.348300000652671 ], [ 181627.012099999934435, 9633469.119100000709295 ], [ 181871.673100000247359, 9633405.65430000051856 ], [ 182117.724899999797344, 9633343.581800000742078 ], [ 182553.858599999919534, 9633009.272099999710917 ], [ 184518.738300000317395, 9632889.361500000581145 ], [ 184652.369800000451505, 9633413.653300000354648 ], [ 184690.900999999605119, 9633682.078500000759959 ], [ 185074.645600000396371, 9634068.79759999923408 ], [ 185113.179299999959767, 9634337.2215 ], [ 185481.710400000214577, 9634432.425699999555945 ], [ 185575.3125, 9634799.661800000816584 ], [ 185844.86629999987781, 9634839.530600000172853 ], [ 186231.342199999839067, 9635223.544600000604987 ], [ 186500.895899999886751, 9635263.410700000822544 ], [ 186869.960900000296533, 9635170.303099999204278 ], [ 186965.645800000056624, 9634803.608300000429153 ], [ 187352.306200000457466, 9634688.973200000822544 ], [ 187516.643000000156462, 9631663.438200000673532 ], [ 189206.393299999646842, 9631496.79079999960959 ], [ 189385.052099999971688, 9629801.570900000631809 ], [ 190917.101099999621511, 9628430.416600000113249 ], [ 191392.40749999973923, 9628289.474500000476837 ], [ 191845.208399999886751, 9627971.952199999243021 ], [ 192546.252600000239909, 9627902.795 ], [ 193835.108, 9627975.447100000455976 ], [ 193935.123599999584258, 9628367.816700000315905 ], [ 194861.900200000032783, 9628370.424599999561906 ], [ 195325.286100000143051, 9628371.72550000064075 ], [ 195594.805499999783933, 9628411.580700000748038 ], [ 195981.244900000281632, 9628795.551100000739098 ], [ 198567.663499999791384, 9628841.85080000013113 ], [ 198957.780600000172853, 9628743.38429999910295 ], [ 199098.640800000168383, 9627215.484400000423193 ], [ 199437.036000000312924, 9626783.4912 ], [ 199500.802500000223517, 9626539.060200000181794 ], [ 199438.396599999628961, 9626294.278200000524521 ], [ 198640.340599999763072, 9625398.040699999779463 ], [ 198516.830799999646842, 9624447.396500000730157 ], [ 197256.749099999666214, 9623088.748099999502301 ], [ 197124.464599999599159, 9621560.059800000861287 ], [ 196489.290199999697506, 9621395.928400000557303 ], [ 195892.7511, 9620933.14049999974668 ], [ 195436.046699999831617, 9621106.019400000572205 ], [ 195208.264700000174344, 9621978.917400000616908 ], [ 194634.55350000038743, 9621851.723500000312924 ], [ 194200.436300000175834, 9621514.9419 ], [ 193709.155399999581277, 9621387.976500000804663 ], [ 193275.041199999861419, 9621051.18720000050962 ], [ 192320.39780000038445, 9620922.876900000497699 ], [ 191886.286500000394881, 9620586.0768 ], [ 191272.184299999848008, 9620427.367799999192357 ], [ 191116.245400000363588, 9619815.335899999365211 ], [ 190780.316800000146031, 9619381.395700000226498 ], [ 190719.29079999960959, 9618675.486700000241399 ], [ 189523.066999999806285, 9618632.883099999278784 ], [ 189098.798299999907613, 9618211.1656 ], [ 188207.482200000435114, 9619090.130400000140071 ], [ 185430.261400000192225, 9619160.126700000837445 ], [ 184964.989799999631941, 9618697.618000000715256 ], [ 184425.9693, 9618617.806600000709295 ], [ 183810.481300000101328, 9618004.730799999088049 ], [ 183771.473600000143051, 9617732.693800000473857 ], [ 183308.092600000090897, 9617731.30489999987185 ], [ 182599.065399999730289, 9617666.3926 ], [ 181240.992899999953806, 9616404.447000000625849 ], [ 180749.706799999810755, 9616277.3893 ], [ 179391.668399999849498, 9615015.386199999600649 ], [ 178777.564299999736249, 9614856.562400000169873 ], [ 178684.055700000375509, 9614489.284700000658631 ] ] ] ] } },
{ "type": "Feature", "properties": { "OBJECTID": 20, "HYBAS_ID": 6090285950.0, "NEXT_DOWN": 6090284750.0, "NEXT_SINK": 6090008140.0, "MAIN_BAS": 6090008140.0, "DIST_SINK": 440.6, "DIST_MAIN": 440.6, "SUB_AREA": 229.0, "UP_AREA": 229.0, "PFAF_ID": 625006606, "ENDO": 0, "COAST": 0, "ORDER_": 3, "SORT": 32431.0, "Shape_Length": 83068.850251685275, "Shape_Area": 228380562.51858062, "ID_basin": 20, "HyLength": 6467.5961391468963, "HyDensity": 0.028242777900204786, "COUNT_area": 35, "MEAN_area": 4207.1578857142858, "PropCount_km2": 0.15283842794759825, "AvgArea_km2": 0.18371868496568936, "SUM_area_swa": 1.0315303063829999, "PctWater_swa": 0.0045044991545109174, "CLASS_analyses": "1", "WatershedArea_m2": 228.3805625185806, "RdLength": 1.1622207572553143, "RdDensity": 0.005088965297389344 }, "geometry": { "type": "MultiPolygon", "coordinates": [ [ [ [ 169920.840499999932945, 9601548.887800000607967 ], [ 170747.277700000442564, 9601624.763000000268221 ], [ 170908.349000000394881, 9602257.945599999278784 ], [ 171255.811599999666214, 9602707.152499999850988 ], [ 170440.595300000160933, 9603611.824999999254942 ], [ 170308.825699999928474, 9605343.3465 ], [ 171359.701399999670684, 9606524.744899999350309 ], [ 172250.332700000144541, 9606755.254599999636412 ], [ 171818.850599999539554, 9607305.6886 ], [ 171686.705500000156462, 9609178.121300000697374 ], [ 171348.120299999602139, 9609610.074200000613928 ], [ 171188.451000000350177, 9610221.2434 ], [ 170573.354500000365078, 9610376.243000000715256 ], [ 169207.430800000205636, 9611629.867499999701977 ], [ 168133.008100000210106, 9611767.636499999091029 ], [ 167969.21889999974519, 9612394.569599999114871 ], [ 167630.609000000171363, 9612826.5320999994874 ], [ 167566.735000000335276, 9613070.998800000175834 ], [ 167602.243800000287592, 9614261.848099999129772 ], [ 167985.849899999797344, 9614648.74210000038147 ], [ 168062.994699999690056, 9615106.948599999770522 ], [ 167598.095700000412762, 9615569.895300000905991 ], [ 167513.434000000357628, 9617489.907999999821186 ], [ 167127.375500000081956, 9617874.3695 ], [ 167047.086799999698997, 9618410.824200000613928 ], [ 166661.024699999950826, 9618795.2884 ], [ 166616.535400000400841, 9620447.087300000712276 ], [ 167012.105700000189245, 9620549.43779999949038 ], [ 167132.269000000320375, 9623921.721400000154972 ], [ 168980.135300000198185, 9625876.701999999582767 ], [ 168851.425699999555945, 9626694.153400000184774 ], [ 167921.298799999989569, 9627726.46169999986887 ], [ 168091.67339999973774, 9628201.307700000703335 ], [ 168691.850700000301003, 9628356.531700000166893 ], [ 169126.021499999798834, 9628693.459899999201298 ], [ 169371.715599999763072, 9628756.996999999508262 ], [ 169641.519299999810755, 9628718.709699999541044 ], [ 170030.272900000214577, 9628336.923900000751019 ], [ 170300.073900000192225, 9628298.636 ], [ 170363.918600000441074, 9628054.165899999439716 ], [ 172097.10329999960959, 9626242.870999999344349 ], [ 172224.788599999621511, 9625753.937999999150634 ], [ 173493.066800000146031, 9624402.427500000223517 ], [ 173638.221300000324845, 9623334.090900000184774 ], [ 174023.155899999663234, 9623237.04700000025332 ], [ 174089.808400000445545, 9622070.260500000789762 ], [ 174893.207999999634922, 9621178.529500000178814 ], [ 175020.891800000332296, 9620689.608899999409914 ], [ 175359.448499999940395, 9620257.627599999308586 ], [ 175489.955299999564886, 9618846.394999999552965 ], [ 176293.332899999804795, 9617954.683800000697374 ], [ 176438.020800000056624, 9616889.9375 ], [ 177042.189000000245869, 9616391.642799999564886 ], [ 177707.919800000265241, 9616223.791400000452995 ], [ 178153.998999999836087, 9615654.6096 ], [ 178299.16469999961555, 9614586.315099999308586 ], [ 178684.055700000375509, 9614489.284700000658631 ], [ 178617.517900000326335, 9613788.835999999195337 ], [ 177824.160500000230968, 9612873.318600000813603 ], [ 178158.350999999791384, 9612421.004599999636412 ], [ 178331.909900000318885, 9611823.822599999606609 ], [ 179143.674800000153482, 9611595.568900000303984 ], [ 179690.690700000151992, 9610855.136099999770522 ], [ 179554.217299999669194, 9610563.682900000363588 ], [ 179092.809000000357628, 9609930.990000000223517 ], [ 179232.515300000086427, 9609179.242200000211596 ], [ 179559.881299999542534, 9608736.149000000208616 ], [ 179720.216099999845028, 9607663.152000000700355 ], [ 181091.247899999842048, 9607468.8893 ], [ 180942.606399999931455, 9606303.71309999935329 ], [ 180203.173799999989569, 9606090.801300000399351 ], [ 180033.343799999915063, 9605492.560100000351667 ], [ 179708.760700000450015, 9605047.435100000351667 ], [ 179572.895999999716878, 9604568.8235 ], [ 179248.320000000298023, 9604123.692900000140071 ], [ 179112.46169999986887, 9603645.0779 ], [ 178787.892699999734759, 9603199.941700000315905 ], [ 178652.04079999960959, 9602721.323200000450015 ], [ 178327.478799999691546, 9602276.181500000879169 ], [ 178262.4852, 9601114.574200000613928 ], [ 177529.687400000169873, 9601073.136099999770522 ], [ 176219.744199999608099, 9599763.681500000879169 ], [ 175680.803700000047684, 9599683.738099999725819 ], [ 174832.733, 9598836.886600000783801 ], [ 174099.933600000105798, 9598795.409099999815226 ], [ 174059.774799999780953, 9599063.618599999696016 ], [ 172978.679800000041723, 9600135.581399999558926 ], [ 172514.837299999780953, 9600212.8914 ], [ 172049.730899999849498, 9599750.205299999564886 ], [ 171589.903800000436604, 9599670.494599999859929 ], [ 171121.793800000101328, 9600130.148299999535084 ], [ 169462.003499999642372, 9600163.834000000730157 ], [ 169527.154799999669194, 9601446.9825 ], [ 169920.840499999932945, 9601548.887800000607967 ] ] ] ] } },
{ "type": "Feature", "properties": { "OBJECTID": 21, "HYBAS_ID": 6090282760.0, "NEXT_DOWN": 6090282540.0, "NEXT_SINK": 6090008140.0, "MAIN_BAS": 6090008140.0, "DIST_SINK": 446.4, "DIST_MAIN": 446.4, "SUB_AREA": 352.6, "UP_AREA": 352.6, "PFAF_ID": 625006734, "ENDO": 0, "COAST": 0, "ORDER_": 2, "SORT": 32433.0, "Shape_Length": 95144.751717666906, "Shape_Area": 351947773.83353394, "ID_basin": 21, "HyLength": 2402.3300800014149, "HyDensity": 0.0068131879750465531, "COUNT_area": 73, "MEAN_area": 3926.0263315068491, "PropCount_km2": 0.20703346568349404, "AvgArea_km2": 0.11134504627075578, "SUM_area_swa": 103.91296753095301, "PctWater_swa": 0.29470495612862452, "CLASS_analyses": "1", "WatershedArea_m2": 351.94777383353392, "RdLength": 0.89215072379591043, "RdDensity": 0.0025348952035647325 }, "geometry": { "type": "MultiPolygon", "coordinates": [ [ [ [ 125854.838899999856949, 9612007.002499999478459 ], [ 125614.236700000241399, 9612074.50789999961853 ], [ 124701.358500000089407, 9612857.208499999716878 ], [ 123621.600300000049174, 9613009.622700000181794 ], [ 123460.668800000101328, 9614083.058399999514222 ], [ 123132.871000000275671, 9614526.20409999974072 ], [ 122993.742999999783933, 9615004.122199999168515 ], [ 122501.453300000168383, 9615612.148499999195337 ], [ 120741.904900000430644, 9615679.552899999544024 ], [ 120672.914099999703467, 9617308.223200000822544 ], [ 120333.971099999733269, 9617740.227299999445677 ], [ 120205.965400000102818, 9618229.312300000339746 ], [ 119867.019899999722838, 9618661.319700000807643 ], [ 119735.708800000138581, 9620073.168099999427795 ], [ 118931.459400000050664, 9620964.905799999833107 ], [ 118771.474899999797344, 9621576.291400000452995 ], [ 118155.947100000455976, 9621731.117200000211596 ], [ 117254.066999999806285, 9622525.043400000780821 ], [ 117007.857900000177324, 9622586.981100000441074 ], [ 117041.27350000012666, 9624239.766699999570847 ], [ 117886.97510000038892, 9625090.017899999395013 ], [ 117925.341900000348687, 9625358.624500000849366 ], [ 118052.689899999648333, 9625807.852700000628829 ], [ 118609.269500000402331, 9626215.453099999576807 ], [ 119299.977800000458956, 9626414.564899999648333 ], [ 119705.665300000458956, 9626971.248099999502301 ], [ 119839.796099999919534, 9627911.536100000143051 ], [ 120170.688799999654293, 9628365.555099999532104 ], [ 119698.542899999767542, 9629004.015900000929832 ], [ 119846.406299999915063, 9630352.078099999576807 ], [ 120929.799499999731779, 9630512.790400000289083 ], [ 121375.228600000031292, 9630838.966299999505281 ], [ 122782.935600000433624, 9630980.574699999764562 ], [ 123228.365799999795854, 9631306.735500000417233 ], [ 123468.535799999721348, 9631375.933299999684095 ], [ 123426.710199999623001, 9632105.614800000563264 ], [ 123040.342000000178814, 9632490.115800000727177 ], [ 122998.520600000396371, 9633219.800300000235438 ], [ 123091.941399999894202, 9633587.286699999123812 ], [ 123706.411100000143051, 9633746.404799999669194 ], [ 124140.652400000020862, 9634083.6228 ], [ 125095.896900000050664, 9634212.50029999949038 ], [ 125992.261599999852479, 9635012.629699999466538 ], [ 126764.398299999535084, 9635212.5746 ], [ 126634.659699999727309, 9636245.079600000753999 ], [ 125703.798100000247359, 9637277.486600000411272 ], [ 125828.889999999664724, 9637626.441299999132752 ], [ 126164.86849999986589, 9638060.766799999400973 ], [ 126320.630800000391901, 9638673.201099999248981 ], [ 126935.122299999929965, 9638832.2675 ], [ 127369.396300000138581, 9639169.442099999636412 ], [ 128439.971900000236928, 9639313.793800000101328 ], [ 128940.881299999542534, 9639915.413599999621511 ], [ 129079.309899999760091, 9640985.057600000873208 ], [ 129709.64130000025034, 9641148.198599999770522 ], [ 130143.928600000217557, 9641485.344499999657273 ], [ 130389.719100000336766, 9641548.962200000882149 ], [ 130388.206399999558926, 9642010.2956000007689 ], [ 130634.409300000406802, 9641948.291500000283122 ], [ 131536.095300000160933, 9641154.194299999624491 ], [ 132606.519100000150502, 9641017.0581 ], [ 133589.490899999625981, 9639945.866699999198318 ], [ 133230.760300000198185, 9639482.278599999845028 ], [ 133580.618599999696016, 9639036.17710000090301 ], [ 133740.424499999731779, 9638424.829700000584126 ], [ 134355.911199999973178, 9638269.844000000506639 ], [ 134792.370699999853969, 9637935.569299999624491 ], [ 135038.554700000211596, 9637873.567099999636412 ], [ 135086.3295, 9635298.7006 ], [ 136016.663900000043213, 9634376.204 ], [ 135944.121600000187755, 9632533.629599999636412 ], [ 135560.400700000114739, 9632146.574699999764562 ], [ 135483.55489999987185, 9631609.466700000688434 ], [ 135099.840499999932945, 9631222.405300000682473 ], [ 135025.94469999987632, 9629759.735500000417233 ], [ 132561.722400000318885, 9627293.959100000560284 ], [ 132292.087600000202656, 9627253.924100000411272 ], [ 132332.313500000163913, 9626985.626299999654293 ], [ 133727.872499999590218, 9625603.526900000870228 ], [ 133653.769000000320375, 9624218.883300000801682 ], [ 133037.9079, 9623604.942500000819564 ], [ 132031.696700000204146, 9623522.992200000211596 ], [ 131340.667700000107288, 9622827.150299999862909 ], [ 131422.464100000448525, 9621907.838700000196695 ], [ 132818.044700000435114, 9620525.802799999713898 ], [ 132742.60010000038892, 9619605.734400000423193 ], [ 132280.621299999766052, 9619139.573400000110269 ], [ 132364.041600000113249, 9617759.0943 ], [ 132750.343000000342727, 9617374.644300000742078 ], [ 132835.789599999785423, 9615450.891200000420213 ], [ 133455.9057, 9614841.145099999383092 ], [ 133725.775600000284612, 9614802.968800000846386 ], [ 133766.023199999704957, 9614534.677899999544024 ], [ 134152.314100000075996, 9614150.238700000569224 ], [ 134192.56180000025779, 9613881.948799999430776 ], [ 133808.154500000178814, 9613782.353499999269843 ], [ 133669.986999999731779, 9612712.721999999135733 ], [ 131346.459099999628961, 9610279.88120000064373 ], [ 130715.004499999806285, 9610116.193 ], [ 129819.036600000225008, 9609315.92879999987781 ], [ 129204.769199999980628, 9609156.715299999341369 ], [ 129111.437699999660254, 9608789.232300000265241 ], [ 128742.192599999718368, 9608882.104100000113249 ], [ 128550.251400000415742, 9609615.71309999935329 ], [ 127934.846699999645352, 9609770.513699999079108 ], [ 127498.366200000047684, 9610104.6711 ], [ 127006.050099999643862, 9610228.5252 ], [ 126430.912899999879301, 9610668.85050000064075 ], [ 126257.74280000012368, 9611330.491499999538064 ], [ 125918.83559999987483, 9611762.472799999639392 ], [ 125854.838899999856949, 9612007.002499999478459 ] ] ] ] } },
{ "type": "Feature", "properties": { "OBJECTID": 22, "HYBAS_ID": 6090288650.0, "NEXT_DOWN": 6090285830.0, "NEXT_SINK": 6090008140.0, "MAIN_BAS": 6090008140.0, "DIST_SINK": 460.2, "DIST_MAIN": 460.2, "SUB_AREA": 409.8, "UP_AREA": 409.9, "PFAF_ID": 625006609, "ENDO": 0, "COAST": 0, "ORDER_": 2, "SORT": 32434.0, "Shape_Length": 121053.10734996313, "Shape_Area": 408587038.32291055, "ID_basin": 22, "HyLength": 1158.3367444941803, "HyDensity": 0.0028265903965206938, "COUNT_area": 171, "MEAN_area": 1600.1306508771931, "PropCount_km2": 0.41727672035139091, "AvgArea_km2": 0.039046623984314133, "SUM_area_swa": 74.484822036639997, "PctWater_swa": 0.18175896055793067, "CLASS_analyses": "1", "WatershedArea_m2": 408.58703832291053, "RdLength": 0.95701745364153457, "RdDensity": 0.0023422609233266813 }, "geometry": { "type": "MultiPolygon", "coordinates": [ [ [ [ 210151.566899999976158, 9628873.343800000846386 ], [ 210520.529400000348687, 9628780.190600000321865 ], [ 210616.130499999970198, 9628413.543999999761581 ], [ 210711.731800000183284, 9628046.89780000038445 ], [ 211080.690100000239909, 9627953.745300000533462 ], [ 212470.6722999997437, 9627957.438500000163913 ], [ 212552.575899999588728, 9627144.736300000920892 ], [ 213468.838899999856949, 9626886.674499999731779 ], [ 212715.589100000448525, 9626182.288100000470877 ], [ 212097.961900000460446, 9626004.7917 ], [ 211946.678199999965727, 9624950.818099999800324 ], [ 211485.057099999859929, 9624318.472899999469519 ], [ 211624.435200000181794, 9623566.852700000628829 ], [ 212504.94539999961853, 9622562.625 ], [ 211782.136099999770522, 9622354.887199999764562 ], [ 211336.788599999621511, 9622029.294600000604987 ], [ 210258.712299999780953, 9621870.181099999696016 ], [ 210104.651100000366569, 9620796.517899999395013 ], [ 209779.914499999955297, 9620351.626199999824166 ], [ 209646.392, 9618951.104299999773502 ], [ 208859.642099999822676, 9618043.890799999237061 ], [ 208728.213899999856949, 9614211.3213 ], [ 208116.565100000239909, 9613721.705199999734759 ], [ 207636.590400000102818, 9613583.714500000700355 ], [ 206571.430200000293553, 9612658.623099999502301 ], [ 206248.959300000220537, 9612794.364399999380112 ], [ 205613.436700000427663, 9613253.626499999314547 ], [ 204716.393699999898672, 9613088.775900000706315 ], [ 204570.826399999670684, 9611560.130799999460578 ], [ 204109.344800000078976, 9610927.6733 ], [ 204247.522099999710917, 9610637.090800000354648 ], [ 204574.718100000172853, 9610193.999500000849366 ], [ 204713.428399999625981, 9609716.30210000090301 ], [ 205040.621399999596179, 9609273.212999999523163 ], [ 205109.97620000038296, 9609034.3651 ], [ 205379.647900000214577, 9608996.038499999791384 ], [ 206697.299700000323355, 9607694.828099999576807 ], [ 206966.964499999769032, 9607656.50029999949038 ], [ 206901.295599999837577, 9606373.7511 ], [ 206262.080900000408292, 9606208.556600000709295 ], [ 204904.22580000013113, 9604947.02559999935329 ], [ 204132.713299999944866, 9604747.5822 ], [ 204261.849700000137091, 9603715.67259999923408 ], [ 205064.789800000376999, 9602824.026100000366569 ], [ 205133.937699999660254, 9600735.395500000566244 ], [ 205174.539800000376999, 9600463.636800000444055 ], [ 205793.428999999538064, 9599854.302300000563264 ], [ 206332.72510000038892, 9599777.681099999696016 ], [ 206721.213000000454485, 9599395.951899999752641 ], [ 206990.858099999837577, 9599357.6403 ], [ 206881.526399999856949, 9598972.849199999123812 ], [ 204766.057599999941885, 9598812.002299999818206 ], [ 204594.458399999886751, 9597613.935200000181794 ], [ 204216.960400000214577, 9597505.286399999633431 ], [ 204121.278099999763072, 9597871.925000000745058 ], [ 203752.380800000391901, 9597964.977800000458956 ], [ 202825.935800000093877, 9597962.239 ], [ 202362.710900000296533, 9597960.866399999707937 ], [ 202231.902900000102818, 9598462.032600000500679 ], [ 201219.964800000190735, 9597559.173900000751019 ], [ 199965.118900000117719, 9597429.876700000837445 ], [ 199366.035799999721348, 9597889.159800000488758 ], [ 199120.092699999921024, 9597951.198100000619888 ], [ 199024.389000000432134, 9598317.845899999141693 ], [ 198655.471699999645352, 9598410.884700000286102 ], [ 198615.385300000198185, 9598679.052699999883771 ], [ 197999.484899999573827, 9599291.456299999728799 ], [ 197726.216699999757111, 9599330.260800000280142 ], [ 197787.275100000202656, 9601874.91950000077486 ], [ 198573.761300000362098, 9602782.386800000444055 ], [ 198708.764600000344217, 9603572.153699999675155 ], [ 197314.466400000266731, 9605084.065199999138713 ], [ 197159.520499999634922, 9606617.10359999909997 ], [ 196074.041500000283122, 9606771.0417 ], [ 195626.870600000023842, 9607094.145600000396371 ], [ 195146.094200000166893, 9607229.38120000064373 ], [ 194587.338700000196695, 9607633.092499999329448 ], [ 194387.770499999634922, 9608320.051100000739098 ], [ 194060.505599999800324, 9608763.1393 ], [ 193921.732900000177324, 9609240.859400000423193 ], [ 193027.771200000308454, 9610259.99349999986589 ], [ 192356.683400000445545, 9610448.776499999687076 ], [ 191797.897599999792874, 9610852.494699999690056 ], [ 191558.54619999974966, 9611676.351600000634789 ], [ 190499.276499999687076, 9611826.567299999296665 ], [ 190052.059899999760091, 9612149.677500000223517 ], [ 189759.278800000436604, 9612285.471999999135733 ], [ 189117.010800000280142, 9611815.651100000366569 ], [ 188038.400500000454485, 9612762.009199999272823 ], [ 187954.159500000067055, 9613595.091600000858307 ], [ 187855.194799999706447, 9613974.143999999389052 ], [ 186942.861299999989569, 9614115.966499999165535 ], [ 186331.301599999889731, 9613641.341199999675155 ], [ 185273.362399999983609, 9614573.808299999684095 ], [ 185106.065299999900162, 9615214.559499999508262 ], [ 184767.573400000110269, 9615646.525499999523163 ], [ 184639.930800000205636, 9616135.415500000119209 ], [ 184301.435899999924004, 9616567.383899999782443 ], [ 184236.232800000347197, 9617272.955199999734759 ], [ 184140.501699999906123, 9617639.643500000238419 ], [ 183771.473600000143051, 9617732.693800000473857 ], [ 183810.481300000101328, 9618004.730799999088049 ], [ 184425.9693, 9618617.806600000709295 ], [ 184964.989799999631941, 9618697.618000000715256 ], [ 185430.261400000192225, 9619160.126700000837445 ], [ 188207.482200000435114, 9619090.130400000140071 ], [ 189098.798299999907613, 9618211.1656 ], [ 189523.066999999806285, 9618632.883099999278784 ], [ 190719.29079999960959, 9618675.486700000241399 ], [ 190780.316800000146031, 9619381.395700000226498 ], [ 191116.245400000363588, 9619815.335899999365211 ], [ 191272.184299999848008, 9620427.367799999192357 ], [ 191886.286500000394881, 9620586.0768 ], [ 192320.39780000038445, 9620922.876900000497699 ], [ 193275.041199999861419, 9621051.18720000050962 ], [ 193709.155399999581277, 9621387.976500000804663 ], [ 194200.436300000175834, 9621514.9419 ], [ 194634.55350000038743, 9621851.723500000312924 ], [ 195208.264700000174344, 9621978.917400000616908 ], [ 195436.046699999831617, 9621106.019400000572205 ], [ 195892.7511, 9620933.14049999974668 ], [ 196489.290199999697506, 9621395.928400000557303 ], [ 197124.464599999599159, 9621560.059800000861287 ], [ 197256.749099999666214, 9623088.748099999502301 ], [ 198516.830799999646842, 9624447.396500000730157 ], [ 198640.340599999763072, 9625398.040699999779463 ], [ 199438.396599999628961, 9626294.278200000524521 ], [ 199500.802500000223517, 9626539.060200000181794 ], [ 200209.8114, 9626603.803899999707937 ], [ 200806.400999999605119, 9627066.527200000360608 ], [ 203105.597900000400841, 9626940.596400000154972 ], [ 203335.452899999916553, 9626059.326500000432134 ], [ 204051.147699999623001, 9626614.389799999073148 ], [ 204380.336199999786913, 9626489.745400000363588 ], [ 204979.441899999976158, 9626030.3267 ], [ 205771.280799999833107, 9626158.032400000840425 ], [ 206667.515300000086427, 9626957.028999999165535 ], [ 207158.794900000095367, 9627083.902599999681115 ], [ 207592.947200000286102, 9627420.581399999558926 ], [ 208207.04700000025332, 9627579.1458 ], [ 208394.323200000450015, 9628313.463999999687076 ], [ 209008.426699999719858, 9628472.018999999389052 ], [ 209442.587899999693036, 9628808.681500000879169 ], [ 209688.229500000365078, 9628872.107799999415874 ], [ 210151.566899999976158, 9628873.343800000846386 ] ] ] ] } },
{ "type": "Feature", "properties": { "OBJECTID": 23, "HYBAS_ID": 6090288750.0, "NEXT_DOWN": 6090285830.0, "NEXT_SINK": 6090008140.0, "MAIN_BAS": 6090008140.0, "DIST_SINK": 460.2, "DIST_MAIN": 460.2, "SUB_AREA": 242.8, "UP_AREA": 242.8, "PFAF_ID": 625006608, "ENDO": 0, "COAST": 0, "ORDER_": 3, "SORT": 32435.0, "Shape_Length": 75018.374973966682, "Shape_Area": 242109171.01368743, "ID_basin": 23, "HyLength": 2997.3450609755068, "HyDensity": 0.012344913760195662, "COUNT_area": 59, "MEAN_area": 2858.4059440677966, "PropCount_km2": 0.24299835255354199, "AvgArea_km2": 0.11772676870130958, "SUM_area_swa": 2.0170220540839998, "PctWater_swa": 0.0083073395967215805, "CLASS_analyses": "1", "WatershedArea_m2": 242.10917101368744, "RdLength": 0.75502023969778476, "RdDensity": 0.0031185115232793075 }, "geometry": { "type": "MultiPolygon", "coordinates": [ [ [ [ 183308.092600000090897, 9617731.30489999987185 ], [ 183771.473600000143051, 9617732.693800000473857 ], [ 184140.501699999906123, 9617639.643500000238419 ], [ 184236.232800000347197, 9617272.955199999734759 ], [ 184301.435899999924004, 9616567.383899999782443 ], [ 184639.930800000205636, 9616135.415500000119209 ], [ 184767.573400000110269, 9615646.525499999523163 ], [ 185106.065299999900162, 9615214.559499999508262 ], [ 185273.362399999983609, 9614573.808299999684095 ], [ 186331.301599999889731, 9613641.341199999675155 ], [ 186942.861299999989569, 9614115.966499999165535 ], [ 187855.194799999706447, 9613974.143999999389052 ], [ 187954.159500000067055, 9613595.091600000858307 ], [ 188038.400500000454485, 9612762.009199999272823 ], [ 189117.010800000280142, 9611815.651100000366569 ], [ 189759.278800000436604, 9612285.471999999135733 ], [ 190052.059899999760091, 9612149.677500000223517 ], [ 190499.276499999687076, 9611826.567299999296665 ], [ 191558.54619999974966, 9611676.351600000634789 ], [ 191797.897599999792874, 9610852.494699999690056 ], [ 192356.683400000445545, 9610448.776499999687076 ], [ 193027.771200000308454, 9610259.99349999986589 ], [ 193921.732900000177324, 9609240.859400000423193 ], [ 194060.505599999800324, 9608763.1393 ], [ 194387.770499999634922, 9608320.051100000739098 ], [ 194587.338700000196695, 9607633.092499999329448 ], [ 195146.094200000166893, 9607229.38120000064373 ], [ 195626.870600000023842, 9607094.145600000396371 ], [ 196074.041500000283122, 9606771.0417 ], [ 197159.520499999634922, 9606617.10359999909997 ], [ 197314.466400000266731, 9605084.065199999138713 ], [ 198708.764600000344217, 9603572.153699999675155 ], [ 198573.761300000362098, 9602782.386800000444055 ], [ 197787.275100000202656, 9601874.91950000077486 ], [ 197726.216699999757111, 9599330.260800000280142 ], [ 197601.265599999576807, 9598839.533700000494719 ], [ 197045.669200000353158, 9599265.439600000157952 ], [ 196336.465900000184774, 9599326.080199999734759 ], [ 194701.12430000025779, 9599258.3586 ], [ 194267.159699999727309, 9598921.501800000667572 ], [ 193230.335099999792874, 9598792.78940000012517 ], [ 192997.92989999987185, 9599682.910000000149012 ], [ 192383.02280000038445, 9599837.963300000876188 ], [ 191947.004300000146031, 9600172.178300000727177 ], [ 189056.263100000098348, 9600288.874399999156594 ], [ 188822.644299999810755, 9599371.10359999909997 ], [ 185898.926099999807775, 9599231.286699999123812 ], [ 185464.96169999986887, 9598894.369200000539422 ], [ 184673.259499999694526, 9598766.32630000077188 ], [ 184074.033200000412762, 9599225.5778 ], [ 183582.064699999988079, 9599349.598899999633431 ], [ 183145.988099999725819, 9599683.79700000025332 ], [ 180221.308899999596179, 9599805.310200000181794 ], [ 180054.838700000196695, 9600442.611400000751019 ], [ 179542.535099999979138, 9601050.109899999573827 ], [ 178262.4852, 9601114.574200000613928 ], [ 178327.478799999691546, 9602276.181500000879169 ], [ 178652.04079999960959, 9602721.323200000450015 ], [ 178787.892699999734759, 9603199.941700000315905 ], [ 179112.46169999986887, 9603645.0779 ], [ 179248.320000000298023, 9604123.692900000140071 ], [ 179572.895999999716878, 9604568.8235 ], [ 179708.760700000450015, 9605047.435100000351667 ], [ 180033.343799999915063, 9605492.560100000351667 ], [ 180203.173799999989569, 9606090.801300000399351 ], [ 180942.606399999931455, 9606303.71309999935329 ], [ 181091.247899999842048, 9607468.8893 ], [ 179720.216099999845028, 9607663.152000000700355 ], [ 179559.881299999542534, 9608736.149000000208616 ], [ 179232.515300000086427, 9609179.242200000211596 ], [ 179092.809000000357628, 9609930.990000000223517 ], [ 179554.217299999669194, 9610563.682900000363588 ], [ 179690.690700000151992, 9610855.136099999770522 ], [ 179143.674800000153482, 9611595.568900000303984 ], [ 178331.909900000318885, 9611823.822599999606609 ], [ 178158.350999999791384, 9612421.004599999636412 ], [ 177824.160500000230968, 9612873.318600000813603 ], [ 178617.517900000326335, 9613788.835999999195337 ], [ 178684.055700000375509, 9614489.284700000658631 ], [ 178777.564299999736249, 9614856.562400000169873 ], [ 179391.668399999849498, 9615015.386199999600649 ], [ 180749.706799999810755, 9616277.3893 ], [ 181240.992899999953806, 9616404.447000000625849 ], [ 182599.065399999730289, 9617666.3926 ], [ 183308.092600000090897, 9617731.30489999987185 ] ] ] ] } },
{ "type": "Feature", "properties": { "OBJECTID": 24, "HYBAS_ID": 6090285220.0, "NEXT_DOWN": 6090282640.0, "NEXT_SINK": 6090008140.0, "MAIN_BAS": 6090008140.0, "DIST_SINK": 485.2, "DIST_MAIN": 485.2, "SUB_AREA": 504.3, "UP_AREA": 504.4, "PFAF_ID": 625006740, "ENDO": 0, "COAST": 0, "ORDER_": 2, "SORT": 32437.0, "Shape_Length": 105986.61087526516, "Shape_Area": 503484731.12659085, "ID_basin": 24, "HyLength": 142.82416772754343, "HyDensity": 0.00028321270618192232, "COUNT_area": 111, "MEAN_area": 5481.2690720720693, "PropCount_km2": 0.22010707911957167, "AvgArea_km2": 0.10869064192092147, "SUM_area_swa": 47.379196859739999, "PctWater_swa": 0.093950420106563542, "CLASS_analyses": "1", "WatershedArea_m2": 503.48473112659087, "RdLength": 0.26871741040304808, "RdDensity": 0.00053371511346882259 }, "geometry": { "type": "MultiPolygon", "coordinates": [ [ [ [ 128199.361899999901652, 9604633.789100000634789 ], [ 128162.714499999769032, 9603903.857999999076128 ], [ 126855.506599999964237, 9602590.549699999392033 ], [ 126778.86629999987781, 9602053.369000000879169 ], [ 126395.365899999625981, 9601666.139499999582767 ], [ 126358.752100000157952, 9600936.194199999794364 ], [ 124721.999499999918044, 9600992.950200000777841 ], [ 123820.249099999666214, 9601786.712200000882149 ], [ 121146.167299999855459, 9601902.387800000607967 ], [ 119652.977699999697506, 9600512.632500000298023 ], [ 118860.894299999810755, 9600384.012000000104308 ], [ 118122.358900000341237, 9600949.293500000610948 ], [ 117912.943799999542534, 9601748.999800000339746 ], [ 116838.054999999701977, 9601886.20160000026226 ], [ 116401.501600000075996, 9602220.314899999648333 ], [ 115826.67920000012964, 9602343.780500000342727 ], [ 115693.490399999544024, 9601819.050499999895692 ], [ 114496.426599999889731, 9601853.632999999448657 ], [ 113641.939799999818206, 9602694.956499999389052 ], [ 112908.441399999894202, 9602731.292400000616908 ], [ 112903.178100000135601, 9604115.526599999517202 ], [ 112656.988699999637902, 9604177.413599999621511 ], [ 111755.036999999545515, 9604971.186000000685453 ], [ 111262.647199999541044, 9605094.959599999710917 ], [ 110826.048799999989569, 9605429.079900000244379 ], [ 108942.773599999956787, 9605547.548000000417233 ], [ 108332.51630000025034, 9606050.138000000268221 ], [ 108179.714399999938905, 9607689.373999999836087 ], [ 107419.931699999608099, 9607880.323400000110269 ], [ 107227.795199999585748, 9608614.038899999111891 ], [ 106858.454300000332296, 9608706.851199999451637 ], [ 106816.35869999974966, 9609436.635600000619888 ], [ 106429.867700000293553, 9609821.055500000715256 ], [ 106347.439500000327826, 9610819.191199999302626 ], [ 105495.524100000038743, 9611663.299599999561906 ], [ 105414.850399999879301, 9612200.000700000673532 ], [ 105028.349200000055134, 9612584.430800000205636 ], [ 104988.012799999676645, 9612852.782700000330806 ], [ 104718.063500000163913, 9612890.8903 ], [ 103166.693900000303984, 9614420.272900000214577 ], [ 103122.778599999845028, 9615614.466600000858307 ], [ 102852.817599999718368, 9615652.577500000596046 ], [ 101767.268199999816716, 9616721.8443 ], [ 101686.0921, 9617261.943600000813603 ], [ 101299.563699999824166, 9617646.392899999395013 ], [ 101218.892400000244379, 9618183.11710000038147 ], [ 100832.360600000247359, 9618567.569900000467896 ], [ 100751.690799999982119, 9619104.296800000593066 ], [ 100365.1557, 9619488.753100000321865 ], [ 100324.821299999952316, 9619757.117799999192357 ], [ 100709.346800000406802, 9619856.844699999317527 ], [ 100862.56180000025779, 9621045.271500000730157 ], [ 101636.861499999649823, 9621246.08 ], [ 101767.886800000444055, 9622776.152699999511242 ], [ 102229.413099999539554, 9623373.287799999117851 ], [ 102101.923000000417233, 9623700.323899999260902 ], [ 101762.850499999709427, 9624132.366499999538064 ], [ 101634.759499999694526, 9624621.523900000378489 ], [ 100352.748499999754131, 9625985.825999999418855 ], [ 100700.53139999974519, 9626435.777200000360608 ], [ 100856.105200000107288, 9627048.415300000458956 ], [ 101593.546699999831617, 9627239.578299999237061 ], [ 101749.130199999548495, 9627852.208399999886751 ], [ 102085.020700000226498, 9628286.739199999719858 ], [ 102240.614099999889731, 9628899.363900000229478 ], [ 102993.900299999862909, 9629094.615000000223517 ], [ 103146.81900000013411, 9630279.426599999889731 ], [ 103748.107499999925494, 9630782.08390000090003 ], [ 103993.91440000012517, 9630845.800899999216199 ], [ 104239.720999999903142, 9630909.517000000923872 ], [ 104673.963399999774992, 9631246.886399999260902 ], [ 105165.576200000010431, 9631374.311899999156594 ], [ 105599.82079999987036, 9631711.67259999923408 ], [ 106091.432900000363588, 9631839.090600000694394 ], [ 106539.793399999849498, 9632187.42090000025928 ], [ 106990.638199999928474, 9631842.316099999472499 ], [ 109908.540000000037253, 9631722.316999999806285 ], [ 110422.377899999730289, 9631113.677799999713898 ], [ 110582.380599999800324, 9630502.242499999701977 ], [ 110951.760700000450015, 9630409.343100000172853 ], [ 111017.41370000038296, 9629703.3597999997437 ], [ 111356.412499999627471, 9629271.309299999848008 ], [ 111529.616100000217557, 9628609.572499999776483 ], [ 112104.918100000359118, 9628169.170399999246001 ], [ 112720.517300000414252, 9628014.332699999213219 ], [ 112925.701500000432134, 9627230.305299999192357 ], [ 113500.988699999637902, 9626789.909199999645352 ], [ 114457.139600000344217, 9626667.6798 ], [ 114893.730700000189245, 9626333.468599999323487 ], [ 115386.173000000417233, 9626209.582699999213219 ], [ 116288.085900000296533, 9625415.6272 ], [ 117925.341900000348687, 9625358.624500000849366 ], [ 117886.97510000038892, 9625090.017899999395013 ], [ 117041.27350000012666, 9624239.766699999570847 ], [ 117007.857900000177324, 9622586.981100000441074 ], [ 117254.066999999806285, 9622525.043400000780821 ], [ 118155.947100000455976, 9621731.117200000211596 ], [ 118771.474899999797344, 9621576.291400000452995 ], [ 118931.459400000050664, 9620964.905799999833107 ], [ 119735.708800000138581, 9620073.168099999427795 ], [ 119867.019899999722838, 9618661.319700000807643 ], [ 120205.965400000102818, 9618229.312300000339746 ], [ 120333.971099999733269, 9617740.227299999445677 ], [ 120672.914099999703467, 9617308.223200000822544 ], [ 120741.904900000430644, 9615679.552899999544024 ], [ 122501.453300000168383, 9615612.148499999195337 ], [ 122993.742999999783933, 9615004.122199999168515 ], [ 123132.871000000275671, 9614526.20409999974072 ], [ 123460.668800000101328, 9614083.058399999514222 ], [ 123621.600300000049174, 9613009.622700000181794 ], [ 124701.358500000089407, 9612857.208499999716878 ], [ 125614.236700000241399, 9612074.50789999961853 ], [ 125854.838899999856949, 9612007.002499999478459 ], [ 125918.83559999987483, 9611762.472799999639392 ], [ 126257.74280000012368, 9611330.491499999538064 ], [ 126430.912899999879301, 9610668.85050000064075 ], [ 127006.050099999643862, 9610228.5252 ], [ 127498.366200000047684, 9610104.6711 ], [ 127934.846699999645352, 9609770.513699999079108 ], [ 128550.251400000415742, 9609615.71309999935329 ], [ 128742.192599999718368, 9608882.104100000113249 ], [ 129111.437699999660254, 9608789.232300000265241 ], [ 129153.371399999596179, 9608059.592800000682473 ], [ 129539.694500000216067, 9607675.176799999549985 ], [ 129581.632100000046194, 9606945.540200000628829 ], [ 129583.296900000423193, 9606484.200899999588728 ], [ 129544.958899999968708, 9606215.619999999180436 ], [ 129161.427299999631941, 9605828.425699999555945 ], [ 129084.242899999953806, 9605287.654699999839067 ], [ 128468.939000000245869, 9604673.892000000923872 ], [ 128199.361899999901652, 9604633.789100000634789 ] ] ] ] } },
{ "type": "Feature", "properties": { "OBJECTID": 25, "HYBAS_ID": 6090288230.0, "NEXT_DOWN": 6090285030.0, "NEXT_SINK": 6090008140.0, "MAIN_BAS": 6090008140.0, "DIST_SINK": 523.4, "DIST_MAIN": 523.4, "SUB_AREA": 380.6, "UP_AREA": 380.6, "PFAF_ID": 625006760, "ENDO": 0, "COAST": 0, "ORDER_": 2, "SORT": 32438.0, "Shape_Length": 100684.00122857923, "Shape_Area": 380178381.07127482, "ID_basin": 25, "HyLength": 2215.4985170758282, "HyDensity": 0.0058210680953122125, "COUNT_area": 7, "MEAN_area": 36063.216471428568, "PropCount_km2": 0.01839201261166579, "AvgArea_km2": 0.94753590308535385, "SUM_area_swa": 21.726930295083001, "PctWater_swa": 0.057085996571421438, "CLASS_analyses": "1", "WatershedArea_m2": 380.17838107127483, "RdLength": 0.32436887440110557, "RdDensity": 0.00085320178776892035 }, "geometry": { "type": "MultiPolygon", "coordinates": [ [ [ [ 100854.175300000235438, 9602684.662599999457598 ], [ 100484.821399999782443, 9602777.436300000175834 ], [ 100388.707799999974668, 9603144.307800000533462 ], [ 100386.896399999968708, 9603605.7752 ], [ 100140.670099999755621, 9603667.638399999588728 ], [ 99223.971300000324845, 9604474.17960000038147 ], [ 97677.424999999813735, 9603022.907700000330806 ], [ 97544.505499999970198, 9600925.970300000160933 ], [ 96767.773299999535084, 9600724.280099999159575 ], [ 96630.09360000025481, 9599654.201899999752641 ], [ 96294.42339999973774, 9599219.532400000840425 ], [ 96237.839999999850988, 9597589.992499999701977 ], [ 95504.560700000263751, 9597547.904899999499321 ], [ 94618.777099999599159, 9596661.925300000235438 ], [ 93725.846800000406802, 9597540.717700000852346 ], [ 93185.947200000286102, 9597616.800000000745058 ], [ 92331.104500000365078, 9598458.084499999880791 ], [ 91791.192099999636412, 9598534.165400000289083 ], [ 91401.880300000309944, 9598915.829700000584126 ], [ 90941.127100000157952, 9598992.230399999767542 ], [ 90476.077100000344217, 9598528.8191 ], [ 90206.434299999848008, 9598488.584599999710917 ], [ 90170.092699999921024, 9597758.368699999526143 ], [ 89786.628600000403821, 9597370.846699999645352 ], [ 89711.830299999564886, 9596368.579800000414252 ], [ 89096.374400000087917, 9595754.026100000366569 ], [ 85311.301900000311434, 9595660.106699999421835 ], [ 84925.125599999912083, 9595275.231599999591708 ], [ 84655.479799999855459, 9595234.970899999141693 ], [ 84286.07079999987036, 9595327.672900000587106 ], [ 84125.710500000044703, 9595939.176200000569224 ], [ 83320.844700000248849, 9596830.762599999085069 ], [ 83128.082999999634922, 9597565.677899999544024 ], [ 82575.01589999999851, 9597135.362600000575185 ], [ 81761.511099999770522, 9597006.288799999281764 ], [ 80716.814199999906123, 9597925.057600000873208 ], [ 80224.25870000012219, 9598048.684599999338388 ], [ 79619.105100000277162, 9598546.754599999636412 ], [ 79473.133500000461936, 9599612.292999999597669 ], [ 78963.164599999785423, 9600215.795499999076128 ], [ 78142.209699999541044, 9600285.017899999395013 ], [ 78101.763399999588728, 9600553.427699999883771 ], [ 75386.598000000230968, 9603236.036399999633431 ], [ 75305.703499999828637, 9603772.8717 ], [ 74918.970200000330806, 9604157.2741 ], [ 74878.52350000012666, 9604425.693099999800324 ], [ 74985.127799999900162, 9604802.6097999997437 ], [ 76179.191800000146031, 9604980.664899999275804 ], [ 76331.866799999959767, 9606055.818900000303984 ], [ 76656.355999999679625, 9606501.691500000655651 ], [ 76788.693199999630451, 9607746.354000000283122 ], [ 75856.733599999919534, 9608806.338899999856949 ], [ 75682.427699999883771, 9609403.909600000828505 ], [ 74942.602400000207126, 9609611.157500000670552 ], [ 74784.009800000116229, 9610665.359400000423193 ], [ 74455.842199999839067, 9611108.555500000715256 ], [ 74311.517699999734759, 9612784.069900000467896 ], [ 74772.766499999910593, 9613417.826500000432134 ], [ 74838.652300000190735, 9614119.012900000438094 ], [ 75207.390800000168383, 9614214.759500000625849 ], [ 75393.824300000444055, 9614950.200300000607967 ], [ 76131.304800000041723, 9615141.6798 ], [ 76286.689399999566376, 9615754.526000000536442 ], [ 76622.472099999897182, 9616189.291300000622869 ], [ 76777.86710000038147, 9616802.131799999624491 ], [ 77515.356100000441074, 9616993.584499999880791 ], [ 77670.761099999770522, 9617606.416500000283122 ], [ 78930.541299999691546, 9618967.9956 ], [ 79085.967799999751151, 9619580.813100000843406 ], [ 79454.71820000000298, 9619676.519400000572205 ], [ 79820.216099999845028, 9619592.398600000888109 ], [ 79974.486999999731779, 9619106.31110000051558 ], [ 79503.382500000298023, 9618522.784800000488758 ], [ 79865.919300000183284, 9618080.910399999469519 ], [ 79985.816800000146031, 9617583.307099999859929 ], [ 80333.406600000336766, 9617159.632500000298023 ], [ 80479.212000000290573, 9616554.406500000506639 ], [ 81074.167299999855459, 9616049.084699999541044 ], [ 83430.319500000216067, 9615941.101099999621511 ], [ 84790.017300000414252, 9614679.180600000545382 ], [ 85040.483199999667704, 9614621.502800000831485 ], [ 85142.841699999757111, 9614231.0152000002563 ], [ 87260.647099999710917, 9614098.08669999986887 ], [ 87427.104500000365078, 9613463.007500000298023 ], [ 88697.455500000156462, 9612111.602600000798702 ], [ 88864.295099999755621, 9611474.957499999552965 ], [ 91435.873300000093877, 9611347.447200000286102 ], [ 91949.101700000464916, 9610739.860200000926852 ], [ 92015.018600000068545, 9610033.7665 ], [ 95043.104299999773502, 9610108.485400000587106 ], [ 96080.329900000244379, 9611035.523 ], [ 96894.839999999850988, 9610913.026100000366569 ], [ 97939.229700000025332, 9609994.1075 ], [ 99216.436700000427663, 9610124.719399999827147 ], [ 100253.656600000336766, 9611051.676599999889731 ], [ 100745.497899999842048, 9610877.400299999862909 ], [ 100889.518699999898672, 9609823.532600000500679 ], [ 101694.072599999606609, 9608931.862400000914931 ], [ 101854.238800000399351, 9608320.420199999585748 ], [ 102608.825500000268221, 9608130.829800000414252 ], [ 102771.062300000339746, 9606943.623400000855327 ], [ 103156.280399999581277, 9606846.83390000090003 ], [ 103094.099700000137091, 9606601.779999999329448 ], [ 101834.634999999776483, 9605240.66469999961555 ], [ 101713.891499999910593, 9603827.6239 ], [ 101378.184700000099838, 9603393.00730000063777 ], [ 101222.787700000219047, 9602780.33420000039041 ], [ 100854.175300000235438, 9602684.662599999457598 ] ] ] ] } },
{ "type": "Feature", "properties": { "OBJECTID": 26, "HYBAS_ID": 6090296570.0, "NEXT_DOWN": 6090295780.0, "NEXT_SINK": 6090008140.0, "MAIN_BAS": 6090008140.0, "DIST_SINK": 592.6, "DIST_MAIN": 592.6, "SUB_AREA": 298.1, "UP_AREA": 298.1, "PFAF_ID": 625006814, "ENDO": 0, "COAST": 0, "ORDER_": 3, "SORT": 32448.0, "Shape_Length": 98179.734969148907, "Shape_Area": 297712398.36694282, "ID_basin": 26, "HyLength": 1153.6010263261701, "HyDensity": 0.0038698457776792012, "COUNT_area": 22, "MEAN_area": 23572.266854545447, "PropCount_km2": 0.073800738007380073, "AvgArea_km2": 0.79075031380561711, "SUM_area_swa": 1.10181867185, "PctWater_swa": 0.0036961377787655143, "CLASS_analyses": "1", "WatershedArea_m2": 297.71239836694281, "RdLength": 1.887726182397901, "RdDensity": 0.0063407711360116102 }, "geometry": { "type": "MultiPolygon", "coordinates": [ [ [ [ 96237.839999999850988, 9597589.992499999701977 ], [ 96294.42339999973774, 9599219.532400000840425 ], [ 96630.09360000025481, 9599654.201899999752641 ], [ 96767.773299999535084, 9600724.280099999159575 ], [ 97544.505499999970198, 9600925.970300000160933 ], [ 97677.424999999813735, 9603022.907700000330806 ], [ 99223.971300000324845, 9604474.17960000038147 ], [ 100140.670099999755621, 9603667.638399999588728 ], [ 100386.896399999968708, 9603605.7752 ], [ 100388.707799999974668, 9603144.307800000533462 ], [ 100484.821399999782443, 9602777.436300000175834 ], [ 100854.175300000235438, 9602684.662599999457598 ], [ 101222.787700000219047, 9602780.33420000039041 ], [ 101378.184700000099838, 9603393.00730000063777 ], [ 101713.891499999910593, 9603827.6239 ], [ 101834.634999999776483, 9605240.66469999961555 ], [ 103094.099700000137091, 9606601.779999999329448 ], [ 103156.280399999581277, 9606846.83390000090003 ], [ 103426.220999999903142, 9606808.7456 ], [ 103815.440899999812245, 9606427.051100000739098 ], [ 104818.967899999581277, 9606352.660800000652671 ], [ 105208.177299999631941, 9605970.9679000005126 ], [ 105478.1097999997437, 9605932.877399999648333 ], [ 106004.362700000405312, 9606069.454 ], [ 105874.145499999634922, 9607102.106899999082088 ], [ 105476.158999999985099, 9607609.197200000286102 ], [ 106612.717600000090897, 9608643.089199999347329 ], [ 106858.454300000332296, 9608706.851199999451637 ], [ 107227.795199999585748, 9608614.038899999111891 ], [ 107419.931699999608099, 9607880.323400000110269 ], [ 108179.714399999938905, 9607689.373999999836087 ], [ 108332.51630000025034, 9606050.138000000268221 ], [ 108942.773599999956787, 9605547.548000000417233 ], [ 110826.048799999989569, 9605429.079900000244379 ], [ 111262.647199999541044, 9605094.959599999710917 ], [ 111755.036999999545515, 9604971.186000000685453 ], [ 112656.988699999637902, 9604177.413599999621511 ], [ 112903.178100000135601, 9604115.526599999517202 ], [ 112908.441399999894202, 9602731.292400000616908 ], [ 112638.836799999698997, 9602691.137599999085069 ], [ 112252.607499999925494, 9602306.4989 ], [ 111983.002700000070035, 9602266.341 ], [ 110810.087299999780953, 9602199.027799999341369 ], [ 110238.202200000174344, 9601754.366499999538064 ], [ 110038.886500000022352, 9600968.814200000837445 ], [ 109424.597699999809265, 9600809.403999999165535 ], [ 108350.617600000463426, 9599832.279100000858307 ], [ 108233.489000000059605, 9596469.8651 ], [ 106974.280399999581277, 9595108.754599999636412 ], [ 106855.451200000010431, 9593234.337200000882149 ], [ 106519.819899999536574, 9592799.723899999633431 ], [ 106394.888100000098348, 9592471.730399999767542 ], [ 106946.792999999597669, 9591768.684399999678135 ], [ 106832.353600000031292, 9591250.904699999839067 ], [ 105753.923499999567866, 9591104.693099999800324 ], [ 105182.144100000150502, 9590659.918600000441074 ], [ 105076.146999999880791, 9590241.901900000870228 ], [ 104806.249499999918044, 9590279.950300000607967 ], [ 104417.038599999621511, 9590661.584599999710917 ], [ 103956.386900000274181, 9590737.9978 ], [ 103453.612099999561906, 9590236.99970000050962 ], [ 103026.286600000225008, 9590655.9967 ], [ 102292.792399999685585, 9590692.1732 ], [ 101908.409599999897182, 9590592.342599999159575 ], [ 101770.80420000012964, 9589522.310100000351667 ], [ 101435.207000000402331, 9589087.645500000566244 ], [ 101374.957999999634922, 9588381.110600000247359 ], [ 99714.607499999925494, 9588335.216 ], [ 97943.396099999547005, 9586560.2873 ], [ 94622.622100000269711, 9586468.289000000804663 ], [ 94236.518299999646842, 9586083.449799999594688 ], [ 88867.115600000135601, 9586021.828500000759959 ], [ 88403.48369999974966, 9586019.872999999672174 ], [ 88463.74959999974817, 9587765.068900000303984 ], [ 89250.956199999898672, 9587969.690899999812245 ], [ 89377.959800000302494, 9589820.012800000607967 ], [ 88446.337000000290573, 9590852.051400000229478 ], [ 88318.042700000107288, 9591341.2179000005126 ], [ 87335.910199999809265, 9592410.058000000193715 ], [ 85594.40679999999702, 9592469.60840000025928 ], [ 85553.964900000020862, 9592737.997700000181794 ], [ 85167.309899999760091, 9593122.355100000277162 ], [ 85084.501000000163913, 9594120.675200000405312 ], [ 84697.84250000026077, 9594505.037900000810623 ], [ 84655.479799999855459, 9595234.970899999141693 ], [ 84925.125599999912083, 9595275.231599999591708 ], [ 85311.301900000311434, 9595660.106699999421835 ], [ 89096.374400000087917, 9595754.026100000366569 ], [ 89711.830299999564886, 9596368.579800000414252 ], [ 89786.628600000403821, 9597370.846699999645352 ], [ 90170.092699999921024, 9597758.368699999526143 ], [ 90206.434299999848008, 9598488.584599999710917 ], [ 90476.077100000344217, 9598528.8191 ], [ 90941.127100000157952, 9598992.230399999767542 ], [ 91401.880300000309944, 9598915.829700000584126 ], [ 91791.192099999636412, 9598534.165400000289083 ], [ 92331.104500000365078, 9598458.084499999880791 ], [ 93185.947200000286102, 9597616.800000000745058 ], [ 93725.846800000406802, 9597540.717700000852346 ], [ 94618.777099999599159, 9596661.925300000235438 ], [ 95504.560700000263751, 9597547.904899999499321 ], [ 96237.839999999850988, 9597589.992499999701977 ] ] ] ] } },
{ "type": "Feature", "properties": { "OBJECTID": 27, "HYBAS_ID": 6090298030.0, "NEXT_DOWN": 6090297850.0, "NEXT_SINK": 6090008140.0, "MAIN_BAS": 6090008140.0, "DIST_SINK": 609.0, "DIST_MAIN": 609.0, "SUB_AREA": 339.0, "UP_AREA": 339.1, "PFAF_ID": 625006818, "ENDO": 0, "COAST": 0, "ORDER_": 3, "SORT": 32457.0, "Shape_Length": 94574.642428432577, "Shape_Area": 338463853.708978, "ID_basin": 27, "HyLength": 4048.1046660529078, "HyDensity": 0.011941311699271113, "COUNT_area": 55, "MEAN_area": 7226.011685454544, "PropCount_km2": 0.16224188790560473, "AvgArea_km2": 0.21315668688656472, "SUM_area_swa": null, "PctWater_swa": 0.0, "CLASS_analyses": "1", "WatershedArea_m2": 338.46385370897798, "RdLength": 3.7103329726264991, "RdDensity": 0.010962272431657538 }, "geometry": { "type": "MultiPolygon", "coordinates": [ [ [ [ 115693.490399999544024, 9601819.050499999895692 ], [ 115826.67920000012964, 9602343.780500000342727 ], [ 116401.501600000075996, 9602220.314899999648333 ], [ 116838.054999999701977, 9601886.20160000026226 ], [ 117912.943799999542534, 9601748.999800000339746 ], [ 118122.358900000341237, 9600949.293500000610948 ], [ 118860.894299999810755, 9600384.012000000104308 ], [ 119652.977699999697506, 9600512.632500000298023 ], [ 121146.167299999855459, 9601902.387800000607967 ], [ 123820.249099999666214, 9601786.712200000882149 ], [ 124721.999499999918044, 9600992.950200000777841 ], [ 126358.752100000157952, 9600936.194199999794364 ], [ 126399.050499999895692, 9600667.8925 ], [ 126785.392199999652803, 9600283.502900000661612 ], [ 126865.989599999971688, 9599746.901799999177456 ], [ 127331.230399999767542, 9599284.0373 ], [ 127257.736899999901652, 9597902.925899999216199 ], [ 126795.949900000356138, 9597436.623299999162555 ], [ 126877.985299999825656, 9596517.441600000485778 ], [ 127343.224999999627471, 9596054.590700000524521 ], [ 127266.325899999588728, 9595596.176400000229478 ], [ 126804.559500000439584, 9595129.863800000399351 ], [ 126885.499900000169873, 9594668.545800000429153 ], [ 127970.405899999663234, 9593599.604399999603629 ], [ 128240.242700000293553, 9593561.492900000885129 ], [ 128146.981300000101328, 9593193.9912 ], [ 127532.8284, 9593034.673800000920892 ], [ 126637.136800000444055, 9592234.214800000190735 ], [ 125682.337899999693036, 9592104.980699999257922 ], [ 125248.4046, 9591767.602 ], [ 125002.750799999572337, 9591703.856100000441074 ], [ 124894.519199999980628, 9592075.377599999308586 ], [ 124021.54009999986738, 9592229.872400000691414 ], [ 123388.808899999596179, 9591766.093800000846386 ], [ 121054.672600000165403, 9591620.428400000557303 ], [ 120609.531899999827147, 9591294.084000000730157 ], [ 120129.419800000265241, 9591155.489499999210238 ], [ 118179.238599999807775, 9589327.276900000870228 ], [ 117959.179100000299513, 9588549.691199999302626 ], [ 117359.068599999882281, 9588376.392699999734759 ], [ 116452.24239999987185, 9587586.79619999974966 ], [ 115373.849299999885261, 9587426.245899999514222 ], [ 115201.005400000140071, 9586210.685799999162555 ], [ 114363.585699999704957, 9586125.970899999141693 ], [ 114328.897199999541044, 9584931.332399999722838 ], [ 113713.42879999987781, 9584316.85950000025332 ], [ 113170.717400000430644, 9584235.918600000441074 ], [ 112558.776700000278652, 9583618.775299999862909 ], [ 112520.545199999585748, 9583350.135600000619888 ], [ 112274.896300000138581, 9583286.33049999922514 ], [ 111379.362999999895692, 9582485.533600000664592 ], [ 109843.540900000371039, 9582343.298900000751019 ], [ 109682.917500000447035, 9581709.642100000753999 ], [ 109240.764200000092387, 9581136.95240000076592 ], [ 108576.094700000248849, 9580964.256999999284744 ], [ 108142.235000000335276, 9580626.701099999248981 ], [ 107650.939100000075996, 9580499.049499999731779 ], [ 107217.082399999722838, 9580161.484400000423193 ], [ 106888.628999999724329, 9580034.490800000727177 ], [ 106274.47719999961555, 9580504.355399999767542 ], [ 105826.518600000068545, 9580155.7939 ], [ 101789.793700000271201, 9580013.503000000491738 ], [ 101189.777900000102818, 9580472.488800000399351 ], [ 100480.047799999825656, 9580532.374399999156594 ], [ 100110.754300000146031, 9580625.066700000315905 ], [ 99950.450600000098348, 9581236.476199999451637 ], [ 99611.320600000210106, 9581668.38230000063777 ], [ 99483.735299999825656, 9581995.373800000175834 ], [ 99944.831699999980628, 9582592.723300000652671 ], [ 100006.933199999853969, 9582837.8026 ], [ 100105.413800000213087, 9583226.455 ], [ 101758.890100000426173, 9583379.729800000786781 ], [ 101919.487399999983609, 9584013.445800000801682 ], [ 102255.04590000025928, 9584448.123999999836087 ], [ 102376.16260000038892, 9585699.0658 ], [ 101910.164300000295043, 9586292.589500000700355 ], [ 101780.057799999602139, 9587243.1645 ], [ 101440.946999999694526, 9587675.0888 ], [ 101374.957999999634922, 9588381.110600000247359 ], [ 101435.207000000402331, 9589087.645500000566244 ], [ 101770.80420000012964, 9589522.310100000351667 ], [ 101908.409599999897182, 9590592.342599999159575 ], [ 102292.792399999685585, 9590692.1732 ], [ 103026.286600000225008, 9590655.9967 ], [ 103453.612099999561906, 9590236.99970000050962 ], [ 103956.386900000274181, 9590737.9978 ], [ 104417.038599999621511, 9590661.584599999710917 ], [ 104806.249499999918044, 9590279.950300000607967 ], [ 105076.146999999880791, 9590241.901900000870228 ], [ 105182.144100000150502, 9590659.918600000441074 ], [ 105753.923499999567866, 9591104.693099999800324 ], [ 106832.353600000031292, 9591250.904699999839067 ], [ 106946.792999999597669, 9591768.684399999678135 ], [ 106394.888100000098348, 9592471.730399999767542 ], [ 106519.819899999536574, 9592799.723899999633431 ], [ 106855.451200000010431, 9593234.337200000882149 ], [ 106974.280399999581277, 9595108.754599999636412 ], [ 108233.489000000059605, 9596469.8651 ], [ 108350.617600000463426, 9599832.279100000858307 ], [ 109424.597699999809265, 9600809.403999999165535 ], [ 110038.886500000022352, 9600968.814200000837445 ], [ 110238.202200000174344, 9601754.366499999538064 ], [ 110810.087299999780953, 9602199.027799999341369 ], [ 111983.002700000070035, 9602266.341 ], [ 112252.607499999925494, 9602306.4989 ], [ 112638.836799999698997, 9602691.137599999085069 ], [ 112908.441399999894202, 9602731.292400000616908 ], [ 113641.939799999818206, 9602694.956499999389052 ], [ 114496.426599999889731, 9601853.632999999448657 ], [ 115693.490399999544024, 9601819.050499999895692 ] ] ] ] } },
{ "type": "Feature", "properties": { "OBJECTID": 28, "HYBAS_ID": 6090299430.0, "NEXT_DOWN": 6090298300.0, "NEXT_SINK": 6090008140.0, "MAIN_BAS": 6090008140.0, "DIST_SINK": 638.4, "DIST_MAIN": 638.4, "SUB_AREA": 739.0, "UP_AREA": 5051.3, "PFAF_ID": 625006830, "ENDO": 0, "COAST": 0, "ORDER_": 2, "SORT": 32465.0, "Shape_Length": 128012.76446900894, "Shape_Area": 737524944.50448263, "ID_basin": 28, "HyLength": 2942.7687229281441, "HyDensity": 0.0039820957008499924, "COUNT_area": 147, "MEAN_area": 4096.1114054421796, "PropCount_km2": 0.19891745602165087, "AvgArea_km2": 0.055427759207607306, "SUM_area_swa": 32.479493902544, "PctWater_swa": 0.043950600680032474, "CLASS_analyses": "1", "WatershedArea_m2": 737.52494450448262, "RdLength": 0.65260135705488276, "RdDensity": 0.0008848532675641811 }, "geometry": { "type": "MultiPolygon", "coordinates": [ [ [ [ 139440.728600000031292, 9572843.987199999392033 ], [ 137341.282700000330806, 9572898.759800000116229 ], [ 136904.921000000089407, 9573232.786299999803305 ], [ 135648.86710000038147, 9573353.57289999909699 ], [ 135052.778400000184774, 9572889.949200000613928 ], [ 132407.57079999987036, 9572754.074799999594688 ], [ 131807.890599999576807, 9573213.079 ], [ 131478.534199999645352, 9573337.418500000610948 ], [ 130868.34499999973923, 9572862.770400000736117 ], [ 130417.75069999974221, 9573207.656400000676513 ], [ 128072.034500000067055, 9573324.086200000718236 ], [ 127635.602400000207126, 9573658.0998 ], [ 127020.362800000235438, 9573812.693499999120831 ], [ 126924.298600000329316, 9574179.473500000312924 ], [ 126883.94649999961257, 9574447.765699999406934 ], [ 126266.780899999663234, 9575060.448999999091029 ], [ 124140.192800000309944, 9575091.218699999153614 ], [ 124138.368300000205636, 9575552.583599999547005 ], [ 123674.946100000292063, 9575550.750800000503659 ], [ 123578.870199999772012, 9575917.540200000628829 ], [ 122816.809100000187755, 9576109.016799999400973 ], [ 122674.906700000166893, 9578098.448400000110269 ], [ 122324.162100000306964, 9578545.340099999681115 ], [ 123133.013000000268221, 9579456.221999999135733 ], [ 123255.479799999855459, 9580407.613700000569224 ], [ 123591.037499999627471, 9580842.141000000759959 ], [ 123713.522499999962747, 9581793.526200000196695 ], [ 124049.091199999675155, 9582228.0456000007689 ], [ 124173.385800000280142, 9582718.060200000181794 ], [ 124970.631699999794364, 9583615.729900000616908 ], [ 125091.377700000070035, 9585028.457499999552965 ], [ 125426.972699999809265, 9585462.956299999728799 ], [ 125550.142500000074506, 9586252.233200000599027 ], [ 125084.388899999670684, 9586845.738199999555945 ], [ 124951.630099999718368, 9588556.770300000905991 ], [ 125412.838100000284612, 9589153.823899999260902 ], [ 125537.17850000038743, 9589643.82179999910295 ], [ 125872.808600000105798, 9590078.302500000223517 ], [ 125997.690999999642372, 9590427.314300000667572 ], [ 125066.783699999563396, 9591459.335999999195337 ], [ 125002.750799999572337, 9591703.856100000441074 ], [ 125248.4046, 9591767.602 ], [ 125682.337899999693036, 9592104.980699999257922 ], [ 126637.136800000444055, 9592234.214800000190735 ], [ 127532.8284, 9593034.673800000920892 ], [ 128146.981300000101328, 9593193.9912 ], [ 128240.242700000293553, 9593561.492900000885129 ], [ 127970.405899999663234, 9593599.604399999603629 ], [ 126885.499900000169873, 9594668.545800000429153 ], [ 126804.559500000439584, 9595129.863800000399351 ], [ 127266.325899999588728, 9595596.176400000229478 ], [ 127343.224999999627471, 9596054.590700000524521 ], [ 126877.985299999825656, 9596517.441600000485778 ], [ 126795.949900000356138, 9597436.623299999162555 ], [ 127257.736899999901652, 9597902.925899999216199 ], [ 127331.230399999767542, 9599284.0373 ], [ 126865.989599999971688, 9599746.901799999177456 ], [ 126785.392199999652803, 9600283.502900000661612 ], [ 126399.050499999895692, 9600667.8925 ], [ 126358.752100000157952, 9600936.194199999794364 ], [ 126395.365899999625981, 9601666.139499999582767 ], [ 126778.86629999987781, 9602053.369000000879169 ], [ 126855.506599999964237, 9602590.549699999392033 ], [ 128162.714499999769032, 9603903.857999999076128 ], [ 128199.361899999901652, 9604633.789100000634789 ], [ 128468.939000000245869, 9604673.892000000923872 ], [ 129084.242899999953806, 9605287.654699999839067 ], [ 129161.427299999631941, 9605828.425699999555945 ], [ 129544.958899999968708, 9606215.619999999180436 ], [ 129583.296900000423193, 9606484.200899999588728 ], [ 129829.441100000403821, 9606422.277699999511242 ], [ 130265.900600000284612, 9606088.132099999114871 ], [ 130758.182900000363588, 9605964.284800000488758 ], [ 131801.926400000229478, 9605045.369000000879169 ], [ 132732.987200000323355, 9605192.5471 ], [ 133230.998599999584258, 9605791.2331000007689 ], [ 133390.579599999822676, 9606419.449699999764562 ], [ 134464.315999999642372, 9606564.5175 ], [ 134898.353099999949336, 9606901.768400000408292 ], [ 139213.580199999734759, 9607046.08559999987483 ], [ 139447.353699999861419, 9607966.060499999672174 ], [ 140022.0472999997437, 9607842.459599999710917 ], [ 140458.434999999590218, 9607508.2961 ], [ 141533.1102, 9607370.820599999278784 ], [ 141633.157399999909103, 9606988.296 ], [ 141713.972599999979138, 9604772.238099999725819 ], [ 142808.735299999825656, 9604617.57909999974072 ], [ 143256.224700000137091, 9604294.574899999424815 ], [ 146277.580299999564886, 9604236.737999999895692 ], [ 146319.41370000038296, 9603507.204700000584126 ], [ 146705.611499999649823, 9603122.79869999922812 ], [ 146747.448499999940395, 9602393.268200000748038 ], [ 146749.05449999962002, 9601931.999099999666214 ], [ 146713.910099999979138, 9600740.925499999895692 ], [ 146252.089399999938905, 9600274.805400000885129 ], [ 146332.908900000154972, 9599813.549200000241399 ], [ 147417.42339999973774, 9598744.5351 ], [ 147960.633600000292063, 9598667.682299999520183 ], [ 148655.939299999736249, 9597977.011399999260902 ], [ 148585.428899999707937, 9595673.503599999472499 ], [ 148123.650999999605119, 9595207.378799999132752 ], [ 148203.861399999819696, 9594749.6206 ], [ 148590.041699999943376, 9594365.24239999987185 ], [ 148646.677400000393391, 9589484.363900000229478 ], [ 148686.93099999986589, 9589216.110300000756979 ], [ 149073.104899999685585, 9588831.750099999830127 ], [ 149116.661899999715388, 9587640.975999999791384 ], [ 148847.17850000038743, 9587600.894899999722838 ], [ 148232.069099999964237, 9586987.262599999085069 ], [ 148154.901300000026822, 9586446.583399999886751 ], [ 147309.801799999549985, 9585596.512299999594688 ], [ 147271.480899999849498, 9585327.972500000149012 ], [ 147640.580500000156462, 9585235.125399999320507 ], [ 147800.495900000445545, 9584623.902899999171495 ], [ 148266.017300000414252, 9584030.419700000435114 ], [ 148144.384200000204146, 9582780.0647 ], [ 147221.448900000192225, 9581741.3498 ], [ 147353.963499999605119, 9580009.539599999785423 ], [ 147692.729399999603629, 9579577.662799999117851 ], [ 147758.4057, 9578871.917199999094009 ], [ 147760.101999999955297, 9578410.650299999862909 ], [ 147803.779900000430644, 9577219.86460000090301 ], [ 148268.821999999694526, 9576757.079700000584126 ], [ 148191.307099999859929, 9576295.034099999815226 ], [ 147576.443900000303984, 9575681.4452 ], [ 147033.927899999544024, 9575600.67710000090301 ], [ 146422.064799999818206, 9574983.891000000759959 ], [ 146347.208100000396371, 9573985.525100000202656 ], [ 145963.906600000336766, 9573598.341099999845028 ], [ 145887.338800000026822, 9573061.244599999859929 ], [ 145466.519100000150502, 9572636.148600000888109 ], [ 145890.514999999664724, 9572214.222500000149012 ], [ 145932.544099999591708, 9571484.693900000303984 ], [ 145867.86629999987781, 9569268.17369999922812 ], [ 144659.715699999593198, 9569088.402000000700355 ], [ 144553.08530000038445, 9568711.775000000372529 ], [ 143708.3454, 9568794.341 ], [ 143538.217899999581277, 9570899.460899999365211 ], [ 142916.737499999813735, 9571083.189999999478459 ], [ 142463.667100000195205, 9571400.412100000306964 ], [ 141525.011300000362098, 9571539.1974 ], [ 141071.929700000211596, 9571856.418500000610948 ], [ 140020.033800000324845, 9572011.91950000077486 ], [ 139797.239900000393391, 9572738.579800000414252 ], [ 139440.728600000031292, 9572843.987199999392033 ] ] ] ] } },
{ "type": "Feature", "properties": { "OBJECTID": 29, "HYBAS_ID": 6090298540.0, "NEXT_DOWN": 6090299430.0, "NEXT_SINK": 6090008140.0, "MAIN_BAS": 6090008140.0, "DIST_SINK": 668.2, "DIST_MAIN": 668.2, "SUB_AREA": 513.7, "UP_AREA": 3490.5, "PFAF_ID": 625006850, "ENDO": 0, "COAST": 0, "ORDER_": 2, "SORT": 32475.0, "Shape_Length": 115172.13652669075, "Shape_Area": 512547737.83760929, "ID_basin": 29, "HyLength": 980.77052962890025, "HyDensity": 0.0019092282064023752, "COUNT_area": 622, "MEAN_area": 609.41665900321425, "PropCount_km2": 1.2108234378041658, "AvgArea_km2": 0.011863279326517699, "SUM_area_swa": 69.225638997063996, "PctWater_swa": 0.1347588845572591, "CLASS_analyses": "1", "WatershedArea_m2": 512.54773783760925, "RdLength": 0.46020624690577105, "RdDensity": 0.0008978797737891459 }, "geometry": { "type": "MultiPolygon", "coordinates": [ [ [ [ 149116.661899999715388, 9587640.975999999791384 ], [ 149073.104899999685585, 9588831.750099999830127 ], [ 148686.93099999986589, 9589216.110300000756979 ], [ 148646.677400000393391, 9589484.363900000229478 ], [ 148590.041699999943376, 9594365.24239999987185 ], [ 148203.861399999819696, 9594749.6206 ], [ 148123.650999999605119, 9595207.378799999132752 ], [ 148585.428899999707937, 9595673.503599999472499 ], [ 148655.939299999736249, 9597977.011399999260902 ], [ 147960.633600000292063, 9598667.682299999520183 ], [ 147417.42339999973774, 9598744.5351 ], [ 146332.908900000154972, 9599813.549200000241399 ], [ 146252.089399999938905, 9600274.805400000885129 ], [ 146713.910099999979138, 9600740.925499999895692 ], [ 146749.05449999962002, 9601931.999099999666214 ], [ 146747.448499999940395, 9602393.268200000748038 ], [ 148871.0472999997437, 9602361.5208 ], [ 149259.932400000281632, 9601979.829500000923872 ], [ 149529.729299999773502, 9601941.647900000214577 ], [ 149898.217199999839067, 9602037.102600000798702 ], [ 150084.939399999566376, 9602771.906099999323487 ], [ 150821.919700000435114, 9602962.803400000557303 ], [ 151008.654699999839067, 9603697.5976 ], [ 151622.79590000025928, 9603856.67989999987185 ], [ 152056.80379999987781, 9604193.817600000649691 ], [ 152765.891499999910593, 9604259.033299999311566 ], [ 152842.238800000399351, 9603436.377699999138713 ], [ 153601.595300000160933, 9603245.202099999412894 ], [ 153799.534699999727309, 9602488.167600000277162 ], [ 155798.794900000095367, 9602361.5625 ], [ 156235.063699999824166, 9602027.39809999987483 ], [ 156944.537200000137091, 9601967.003799999132752 ], [ 157190.172199999913573, 9602030.630899999290705 ], [ 157624.164800000376999, 9602367.7358 ], [ 158115.435100000351667, 9602494.9835 ], [ 158711.812699999660254, 9602958.21680000051856 ], [ 159967.931900000199676, 9602836.836200000718236 ], [ 161334.04839999973774, 9601583.335799999535084 ], [ 162752.917200000025332, 9601462.482200000435114 ], [ 163189.136099999770522, 9601128.310699999332428 ], [ 165998.096800000406802, 9601012.037900000810623 ], [ 166434.292600000277162, 9600677.862999999895692 ], [ 167049.389399999752641, 9600522.931700000539422 ], [ 167145.21030000038445, 9600156.220799999311566 ], [ 167878.316200000233948, 9600119.5274 ], [ 168267.065799999982119, 9599737.831599999219179 ], [ 169000.161600000225008, 9599701.13289999961853 ], [ 169368.597199999727309, 9599796.508199999108911 ], [ 169462.003499999642372, 9600163.834000000730157 ], [ 171121.793800000101328, 9600130.148299999535084 ], [ 171589.903800000436604, 9599670.494599999859929 ], [ 172049.730899999849498, 9599750.205299999564886 ], [ 172514.837299999780953, 9600212.8914 ], [ 172978.679800000041723, 9600135.581399999558926 ], [ 174059.774799999780953, 9599063.618599999696016 ], [ 174099.933600000105798, 9598795.409099999815226 ], [ 174101.42850000038743, 9598334.245300000533462 ], [ 174466.470499999821186, 9598249.935599999502301 ], [ 174625.541000000201166, 9597747.28830000013113 ], [ 173478.369800000451505, 9596557.344200000166893 ], [ 172822.950000000186265, 9596401.440600000321865 ], [ 172315.218299999833107, 9595810.210400000214577 ], [ 172199.099200000055134, 9595312.17339999973774 ], [ 171854.928700000047684, 9594886.343900000676513 ], [ 171738.816399999894202, 9594388.303600000217557 ], [ 170353.736700000241399, 9592911.976199999451637 ], [ 170475.801400000229478, 9591617.031500000506639 ], [ 170822.776499999687076, 9591193.486400000751019 ], [ 170884.020499999634922, 9590483.67820000089705 ], [ 170646.875199999660254, 9590411.72690000012517 ], [ 169167.940100000239909, 9589070.985400000587106 ], [ 168930.9682, 9588277.9309 ], [ 168219.544800000265241, 9588062.0439 ], [ 168007.490600000135601, 9587352.421800000593066 ], [ 167296.072200000286102, 9587136.521099999547005 ], [ 167084.030600000172853, 9586426.88990000076592 ], [ 166372.617200000211596, 9586210.975400000810623 ], [ 166195.925800000317395, 9585619.6086 ], [ 165808.589900000020862, 9585071.8421 ], [ 165106.035299999639392, 9584858.60329999960959 ], [ 163731.892, 9583612.557399999350309 ], [ 161727.987099999561906, 9583452.595599999651313 ], [ 161644.77240000013262, 9582611.69370000064373 ], [ 161684.9989, 9582343.466399999335408 ], [ 162071.074099999852479, 9581959.119400000199676 ], [ 162151.527200000360608, 9581422.666999999433756 ], [ 162575.471199999563396, 9581000.621200000867248 ], [ 161655.221900000236928, 9580075.107100000604987 ], [ 162079.168800000101328, 9579653.066400000825524 ], [ 162161.531999999657273, 9578652.065400000661612 ], [ 162781.129099999554455, 9578042.637599999085069 ], [ 163320.533900000154972, 9577966.318199999630451 ], [ 163709.298899999819696, 9577584.695599999278784 ], [ 163978.998100000433624, 9577546.534900000318885 ], [ 164442.265599999576807, 9577548.1634 ], [ 164348.964700000360608, 9577180.798499999567866 ], [ 163980.621399999596179, 9577085.331299999728799 ], [ 163982.246399999596179, 9576624.127599999308586 ], [ 163712.825400000438094, 9576584.067700000479817 ], [ 163097.414800000376999, 9575970.134099999442697 ], [ 163027.20160000026226, 9573585.111099999397993 ], [ 162643.8898, 9573198.048499999567866 ], [ 162605.564799999818206, 9572929.545199999585748 ], [ 161896.324099999852479, 9572989.804400000721216 ], [ 161460.142099999822676, 9573323.873199999332428 ], [ 160968.158499999903142, 9573447.7006 ], [ 160531.968999999575317, 9573781.769300000742078 ], [ 160039.978400000371039, 9573905.594699999317527 ], [ 159603.78139999974519, 9574239.6634 ], [ 159111.783900000154972, 9574363.4869 ], [ 158537.019899999722838, 9574803.6941 ], [ 158363.963700000196695, 9575465.153000000864267 ], [ 157388.469100000336766, 9576528.1732 ], [ 155742.96889999974519, 9576667.92 ], [ 155545.619199999608099, 9577422.318600000813603 ], [ 155176.576000000350177, 9577515.164899999275804 ], [ 152860.040500000119209, 9577506.774299999698997 ], [ 151687.387199999764562, 9577565.30519999936223 ], [ 151251.123499999754131, 9577899.3728 ], [ 149832.416100000031292, 9578019.789000000804663 ], [ 149396.138199999928474, 9578353.855200000107288 ], [ 148321.826799999922514, 9578491.133099999278784 ], [ 148221.74349999986589, 9578873.619100000709295 ], [ 147758.4057, 9578871.917199999094009 ], [ 147692.729399999603629, 9579577.662799999117851 ], [ 147353.963499999605119, 9580009.539599999785423 ], [ 147221.448900000192225, 9581741.3498 ], [ 148144.384200000204146, 9582780.0647 ], [ 148266.017300000414252, 9584030.419700000435114 ], [ 147800.495900000445545, 9584623.902899999171495 ], [ 147640.580500000156462, 9585235.125399999320507 ], [ 147271.480899999849498, 9585327.972500000149012 ], [ 147309.801799999549985, 9585596.512299999594688 ], [ 148154.901300000026822, 9586446.583399999886751 ], [ 148232.069099999964237, 9586987.262599999085069 ], [ 148847.17850000038743, 9587600.894899999722838 ], [ 149116.661899999715388, 9587640.975999999791384 ] ] ] ] } },
{ "type": "Feature", "properties": { "OBJECTID": 30, "HYBAS_ID": 6090263440.0, "NEXT_DOWN": 6090263800.0, "NEXT_SINK": 6090008620.0, "MAIN_BAS": 6090008620.0, "DIST_SINK": 240.0, "DIST_MAIN": 240.0, "SUB_AREA": 388.9, "UP_AREA": 389.0, "PFAF_ID": 631021602, "ENDO": 0, "COAST": 0, "ORDER_": 3, "SORT": 32644.0, "Shape_Length": 101331.3361647859, "Shape_Area": 387288537.79731685, "ID_basin": 30, "HyLength": 7028.2289624129098, "HyDensity": 0.018072072415564182, "COUNT_area": 492, "MEAN_area": 1018.432881707315, "PropCount_km2": 1.2651067112368219, "AvgArea_km2": 0.026187525886019927, "SUM_area_swa": null, "PctWater_swa": 0.0, "CLASS_analyses": "1", "WatershedArea_m2": 387.28853779731685, "RdLength": 2.2502565604004947, "RdDensity": 0.0058102844282423389 }, "geometry": { "type": "MultiPolygon", "coordinates": [ [ [ [ 314684.478500000201166, 9728623.741699999198318 ], [ 315147.897900000214577, 9728624.318399999290705 ], [ 315085.107900000177324, 9728379.806600000709295 ], [ 314622.431499999947846, 9727784.736400000751019 ], [ 314749.604799999855459, 9726997.149299999698997 ], [ 315149.095200000330806, 9726485.9846 ], [ 314470.297799999825656, 9725921.722300000488758 ], [ 313978.759499999694526, 9725795.64130000025034 ], [ 313081.229299999773502, 9724998.465399999171495 ], [ 312011.011099999770522, 9724856.488099999725819 ], [ 311509.184000000357628, 9724256.654400000348687 ], [ 311383.627899999730289, 9723767.616599999368191 ], [ 310584.149100000038743, 9722873.193299999460578 ], [ 310459.803399999625981, 9721462.641100000590086 ], [ 309660.349200000055134, 9720568.199899999424815 ], [ 309519.887400000356138, 9719500.186599999666214 ], [ 308766.735999999567866, 9719306.96059999987483 ], [ 308609.839300000108778, 9718695.648299999535084 ], [ 308273.199400000274181, 9718262.560399999842048 ], [ 308139.215400000102818, 9716741.789599999785423 ], [ 307531.877100000157952, 9716236.804999999701977 ], [ 306917.471099999733269, 9716079.140699999406934 ], [ 306760.59389999974519, 9715467.818299999460578 ], [ 306413.016200000420213, 9715020.64049999974668 ], [ 306761.812800000421703, 9714574.413599999621511 ], [ 306827.131799999624491, 9712947.76549999974668 ], [ 306692.735399999655783, 9712424.083100000396371 ], [ 305655.070899999700487, 9712548.116100000217557 ], [ 305056.529099999926984, 9713008.054999999701977 ], [ 304727.826799999922514, 9712882.13230000063777 ], [ 303830.438099999912083, 9712084.807399999350309 ], [ 301267.721499999985099, 9712018.463400000706315 ], [ 300998.141200000420213, 9711979.007799999788404 ], [ 300148.425900000147521, 9711134.385700000450015 ], [ 299224.987800000235438, 9711054.914899999275804 ], [ 298757.683100000023842, 9711515.025399999693036 ], [ 298297.035799999721348, 9711592.50929999910295 ], [ 296676.113499999977648, 9709979.037799999117851 ], [ 296637.737999999895692, 9709247.0945999994874 ], [ 295928.406299999915063, 9709308.78969999961555 ], [ 295028.715400000102818, 9710103.575099999085069 ], [ 293064.179999999701977, 9710226.143100000917912 ], [ 292801.230299999937415, 9709200.959000000730157 ], [ 291784.859000000171363, 9710098.761800000444055 ], [ 291538.916799999773502, 9710161.131300000473857 ], [ 290805.916100000031292, 9710120.956900000572205 ], [ 290418.955799999646842, 9709737.722899999469519 ], [ 288105.23450000025332, 9709656.065099999308586 ], [ 287637.867899999953806, 9710116.1612 ], [ 286441.309600000269711, 9710153.407199999317527 ], [ 285708.170699999667704, 9710191.357100000604987 ], [ 285320.033999999985099, 9710573.421800000593066 ], [ 285050.318799999542534, 9710612.082599999383092 ], [ 284675.456399999558926, 9710723.671 ], [ 284513.597199999727309, 9711769.015599999576807 ], [ 284192.483, 9712217.900699999183416 ], [ 284047.935800000093877, 9713215.291999999433756 ], [ 284938.654500000178814, 9713483.439899999648333 ], [ 285116.523199999704957, 9714074.018300000578165 ], [ 285903.4534, 9714990.577600000426173 ], [ 285577.886500000022352, 9715445.723899999633431 ], [ 285432.767099999822676, 9716839.385099999606609 ], [ 285012.105000000447035, 9717427.426999999210238 ], [ 286805.251799999736249, 9717611.993699999526143 ], [ 286962.995099999941885, 9718945.1963 ], [ 286498.576899999752641, 9719594.416600000113249 ], [ 286354.856999999843538, 9720066.4529 ], [ 286033.752999999560416, 9720515.351399999111891 ], [ 285887.608599999919534, 9722630.099700000137091 ], [ 286350.122000000439584, 9723280.689400000497699 ], [ 286420.614599999971688, 9723977.72859999909997 ], [ 286666.401899999938905, 9724040.82630000077188 ], [ 287563.896399999968708, 9724838.272099999710917 ], [ 288518.940999999642372, 9724965.128699999302626 ], [ 289091.719100000336766, 9725407.801200000569224 ], [ 289261.517300000414252, 9726069.5320999994874 ], [ 289705.126500000245869, 9726640.282299999147654 ], [ 290370.180200000293553, 9726810.99100000038743 ], [ 291267.705799999646842, 9727608.385600000619888 ], [ 291759.286500000394881, 9727734.551699999719858 ], [ 292193.997299999929965, 9728070.48450000025332 ], [ 292808.49239999987185, 9728228.185799999162555 ], [ 292902.613699999637902, 9728595.007200000807643 ], [ 293175.967299999669194, 9728555.78800000064075 ], [ 293869.866200000047684, 9727864.361700000241399 ], [ 293791.901200000196695, 9727406.535000000149012 ], [ 293329.085799999535084, 9726941.851500000804663 ], [ 293409.279400000348687, 9726020.262399999424815 ], [ 294065.810800000093877, 9725372.57289999909699 ], [ 294991.3284, 9726292.410599999129772 ], [ 295417.501000000163913, 9725872.824300000444055 ], [ 296150.677600000053644, 9725834.767200000584126 ], [ 296883.743300000205636, 9725874.8542 ], [ 297733.60259999986738, 9726719.4452 ], [ 298466.667500000447035, 9726759.5208 ], [ 298566.87430000025779, 9727149.92369999922812 ], [ 300682.451000000350177, 9727293.819700000807643 ], [ 300876.799800000153482, 9728051.018500000238419 ], [ 301245.493700000457466, 9728145.614 ], [ 301954.891499999910593, 9728083.8279 ], [ 302390.497399999760091, 9727749.102700000628829 ], [ 303809.277499999850988, 9727625.519999999552965 ], [ 304244.874699999578297, 9727290.793299999088049 ], [ 307354.556300000287592, 9727169.408600000664592 ], [ 307951.915400000289083, 9727630.946399999782443 ], [ 308443.469700000248849, 9727757.046700000762939 ], [ 308878.182500000111759, 9728092.903000000864267 ], [ 309833.166799999773502, 9728219.592700000852346 ], [ 310267.88190000038594, 9728555.441700000315905 ], [ 311222.864400000311434, 9728682.119599999859929 ], [ 311657.581899999640882, 9729017.961400000378489 ], [ 312449.752500000409782, 9729144.422700000926852 ], [ 313167.760099999606609, 9728592.578600000590086 ], [ 313293.636400000192225, 9729082.751800000667572 ], [ 313563.337199999950826, 9729044.018799999728799 ], [ 313951.359000000171363, 9728661.897099999710917 ], [ 314684.478500000201166, 9728623.741699999198318 ] ] ] ] } },
{ "type": "Feature", "properties": { "OBJECTID": 31, "HYBAS_ID": 6090269710.0, "NEXT_DOWN": 6090265240.0, "NEXT_SINK": 6090008620.0, "MAIN_BAS": 6090008620.0, "DIST_SINK": 265.4, "DIST_MAIN": 265.4, "SUB_AREA": 443.8, "UP_AREA": 5067.3, "PFAF_ID": 631022010, "ENDO": 0, "COAST": 0, "ORDER_": 2, "SORT": 32649.0, "Shape_Length": 121882.02294279533, "Shape_Area": 441884477.76927578, "ID_basin": 31, "HyLength": 1808.0918343588778, "HyDensity": 0.0040741140927419506, "COUNT_area": 1086, "MEAN_area": 263.52528287292819, "PropCount_km2": 2.4470482199188823, "AvgArea_km2": 0.0059379288614900445, "SUM_area_swa": null, "PctWater_swa": 0.0, "CLASS_analyses": "1", "WatershedArea_m2": 441.8844777692758, "RdLength": 1.3089980842173439, "RdDensity": 0.002962308363546592 }, "geometry": { "type": "MultiPolygon", "coordinates": [ [ [ [ 281818.701899999752641, 9702773.059499999508262 ], [ 280971.802000000141561, 9702857.594799999147654 ], [ 280889.650999999605119, 9704154.0428 ], [ 280927.779000000096858, 9704883.070599999278784 ], [ 281311.989199999719858, 9705269.056500000879169 ], [ 281389.728500000201166, 9705805.459799999371171 ], [ 281773.943699999712408, 9706191.441500000655651 ], [ 281809.899799999780953, 9708302.932800000533462 ], [ 282079.49349999986589, 9708342.434599999338388 ], [ 283391.860700000077486, 9709648.800899999216199 ], [ 284394.479299999773502, 9709728.512399999424815 ], [ 285010.911799999885261, 9710340.306399999186397 ], [ 285050.318799999542534, 9710612.082599999383092 ], [ 285320.033999999985099, 9710573.421800000593066 ], [ 285708.170699999667704, 9710191.357100000604987 ], [ 286441.309600000269711, 9710153.407199999317527 ], [ 287637.867899999953806, 9710116.1612 ], [ 288105.23450000025332, 9709656.065099999308586 ], [ 290418.955799999646842, 9709737.722899999469519 ], [ 290805.916100000031292, 9710120.956900000572205 ], [ 291538.916799999773502, 9710161.131300000473857 ], [ 291784.859000000171363, 9710098.761800000444055 ], [ 292801.230299999937415, 9709200.959000000730157 ], [ 293064.179999999701977, 9710226.143100000917912 ], [ 295028.715400000102818, 9710103.575099999085069 ], [ 295928.406299999915063, 9709308.78969999961555 ], [ 296637.737999999895692, 9709247.0945999994874 ], [ 296677.426099999807775, 9708979.034800000488758 ], [ 297526.864199999719858, 9708134.153300000354648 ], [ 297606.915500000119209, 9707137.2511 ], [ 297992.2796, 9706752.479100000113249 ], [ 298071.655600000172853, 9706216.363199999555945 ], [ 298921.074000000022352, 9705371.490399999544024 ], [ 298961.438699999824166, 9704642.651699999347329 ], [ 299207.3602, 9704580.278200000524521 ], [ 299805.921299999579787, 9704120.375600000843406 ], [ 300134.60080000013113, 9704246.327199999243021 ], [ 300569.201200000010431, 9704582.272900000214577 ], [ 301183.559600000269711, 9704740.004499999806285 ], [ 301403.406200000084937, 9705597.044399999082088 ], [ 302121.438299999572337, 9705045.305600000545382 ], [ 302450.118999999947846, 9705171.248700000345707 ], [ 302884.724700000137091, 9705507.18129999935627 ], [ 304766.302000000141561, 9705635.341299999505281 ], [ 305280.314100000075996, 9706032.645199999213219 ], [ 305847.883899999782443, 9705357.821900000795722 ], [ 305987.09250000026077, 9703826.009999999776483 ], [ 306512.193500000052154, 9703709.746500000357628 ], [ 307219.5777000002563, 9704256.5197 ], [ 307548.606499999761581, 9704131.518999999389052 ], [ 307984.152900000102818, 9703796.83500000089407 ], [ 308939.314600000157952, 9703672.713400000706315 ], [ 310766.823300000280142, 9701957.701099999248981 ], [ 311381.58629999961704, 9701801.7303 ], [ 311578.341000000014901, 9701043.5471 ], [ 312867.350599999539554, 9700976.384700000286102 ], [ 312937.341500000096858, 9699234.468499999493361 ], [ 313579.129800000227988, 9699071.63539999909699 ], [ 314014.640599999576807, 9698736.951400000602007 ], [ 314260.528500000014901, 9698674.561899999156594 ], [ 314723.850300000049174, 9698675.203700000420213 ], [ 314724.488199999555945, 9698214.456000000238419 ], [ 314203.458800000138581, 9698065.530600000172853 ], [ 314349.20920000039041, 9696913.278300000354648 ], [ 315189.722099999897182, 9696832.856799999251962 ], [ 315128.90749999973923, 9695206.093900000676513 ], [ 314792.362399999983609, 9694772.996799999848008 ], [ 314627.929299999959767, 9694132.037200000137091 ], [ 313587.360799999907613, 9693207.343699999153614 ], [ 312058.582999999634922, 9693069.900399999693036 ], [ 311552.480899999849498, 9692464.6404 ], [ 311427.690200000070035, 9691514.82660000026226 ], [ 311091.168399999849498, 9691081.706599999219179 ], [ 310956.783499999903142, 9689554.279100000858307 ], [ 310168.814299999736249, 9689351.942399999126792 ], [ 309242.005199999548495, 9688314.453600000590086 ], [ 309116.571600000374019, 9687825.384800000116229 ], [ 308780.071000000461936, 9687392.247999999672174 ], [ 308654.641900000162423, 9686903.176999999210238 ], [ 308318.146399999968708, 9686470.036499999463558 ], [ 308192.721900000236928, 9685980.963400000706315 ], [ 307856.231499999761581, 9685547.819199999794364 ], [ 307730.811499999836087, 9685058.743899999186397 ], [ 307383.376000000163913, 9684611.518100000917912 ], [ 307732.153900000266731, 9684165.339400000870228 ], [ 307897.266900000162423, 9683529.33699999935925 ], [ 309186.134300000034273, 9683462.315400000661612 ], [ 309147.250500000081956, 9683194.154500000178814 ], [ 307837.957100000232458, 9681885.336500000208616 ], [ 307799.777700000442564, 9681156.409399999305606 ], [ 307090.63190000038594, 9681218.063400000333786 ], [ 306516.780799999833107, 9681659.019099999219179 ], [ 306306.867499999701977, 9682467.479800000786781 ], [ 305017.990600000135601, 9682534.4671 ], [ 304978.293700000271201, 9682802.5143 ], [ 304592.987300000153482, 9683187.249500000849366 ], [ 304551.175599999725819, 9684837.609200000762939 ], [ 304305.293600000441074, 9684899.967399999499321 ], [ 302928.875300000421703, 9686166.601299999281764 ], [ 302478.962299999780953, 9685818.716399999335408 ], [ 299833.813000000081956, 9685689.151399999856949 ], [ 299096.940200000070035, 9686255.299599999561906 ], [ 298893.507500000298023, 9687038.667600000277162 ], [ 298155.783099999651313, 9687225.721799999475479 ], [ 297997.145299999974668, 9687836.6118 ], [ 297195.2648, 9688728.808499999344349 ], [ 297067.490100000053644, 9689760.282600000500679 ], [ 297983.339100000448525, 9689995.551100000739098 ], [ 298055.591799999587238, 9690817.750800000503659 ], [ 298518.92200000025332, 9690818.46680000051856 ], [ 298478.508500000461936, 9691547.305700000375509 ], [ 298093.161000000312924, 9691932.049799999222159 ], [ 298052.748700000345707, 9692660.8902000002563 ], [ 297696.4841, 9692766.970000000670552 ], [ 297480.918200000189245, 9693474.955700000748038 ], [ 296887.137699999846518, 9693651.749099999666214 ], [ 296337.562699999660254, 9694038.004499999806285 ], [ 296124.681300000287592, 9694737.185799999162555 ], [ 295734.58420000039041, 9695282.535700000822544 ], [ 295030.895800000056624, 9695492.045199999585748 ], [ 294572.772699999623001, 9695814.019099999219179 ], [ 294115.648199999704957, 9695490.626599999144673 ], [ 293576.115899999625981, 9695347.6261 ], [ 293306.479799999855459, 9696233.249399999156594 ], [ 292569.500300000421703, 9696452.656400000676513 ], [ 292412.815700000151992, 9697957.001599999144673 ], [ 290699.463999999687076, 9699786.102099999785423 ], [ 290555.732800000347197, 9700258.11879999935627 ], [ 290165.601099999621511, 9700803.478499999269843 ], [ 289461.860799999907613, 9701012.9846 ], [ 288912.227699999697506, 9701399.2445 ], [ 288657.807900000363588, 9702234.82909999974072 ], [ 287465.174300000071526, 9702413.643400000408292 ], [ 287279.98369999974966, 9704191.831599999219179 ], [ 286688.635499999858439, 9703773.503799999132752 ], [ 285750.586600000038743, 9703629.8651 ], [ 285299.148299999535084, 9703310.505899999290705 ], [ 284824.503399999812245, 9703167.588400000706315 ], [ 284373.067499999888241, 9702848.223500000312924 ], [ 283208.931400000117719, 9702775.286000000312924 ], [ 281818.701899999752641, 9702773.059499999508262 ] ] ] ] } },
{ "type": "Feature", "properties": { "OBJECTID": 32, "HYBAS_ID": 6090263850.0, "NEXT_DOWN": 6090263160.0, "NEXT_SINK": 6090008620.0, "MAIN_BAS": 6090008620.0, "DIST_SINK": 278.7, "DIST_MAIN": 278.7, "SUB_AREA": 105.4, "UP_AREA": 105.5, "PFAF_ID": 631021606, "ENDO": 0, "COAST": 0, "ORDER_": 3, "SORT": 32652.0, "Shape_Length": 52286.915038421517, "Shape_Area": 104924218.78699382, "ID_basin": 32, "HyLength": 2661.3980677451809, "HyDensity": 0.025250456050713289, "COUNT_area": 257, "MEAN_area": 516.19037354085572, "PropCount_km2": 2.4383301707779883, "AvgArea_km2": 0.048974418742016669, "SUM_area_swa": null, "PctWater_swa": 0.0, "CLASS_analyses": "1", "WatershedArea_m2": 104.92421878699382, "RdLength": 0.098472851162236322, "RdDensity": 0.00093851402755874326 }, "geometry": { "type": "MultiPolygon", "coordinates": [ [ [ [ 281809.899799999780953, 9708302.932800000533462 ], [ 281540.182400000281632, 9708341.584300000220537 ], [ 280921.83530000038445, 9708951.46000000089407 ], [ 280841.858099999837577, 9709491.195499999448657 ], [ 280456.409599999897182, 9709875.959599999710917 ], [ 280376.240799999795854, 9710872.9419 ], [ 279760.969600000418723, 9711485.885900000110269 ], [ 279217.894700000062585, 9711563.710100000724196 ], [ 278829.725700000301003, 9711945.772900000214577 ], [ 278290.267400000244379, 9712023.075899999588728 ], [ 277902.093700000084937, 9712405.139000000432134 ], [ 277362.630599999800324, 9712482.440199999138713 ], [ 276510.261599999852479, 9713324.60329999960959 ], [ 276240.526300000026822, 9713363.253100000321865 ], [ 276277.940700000151992, 9714553.133899999782443 ], [ 276662.19510000012815, 9714939.121600000187755 ], [ 276739.449199999682605, 9715939.503000000491738 ], [ 277818.972699999809265, 9717013.341 ], [ 278824.766499999910593, 9717093.303099999204278 ], [ 280442.681599999777973, 9718709.932199999690056 ], [ 280361.271399999968708, 9720550.282600000500679 ], [ 279938.076399999670684, 9720972.738800000399351 ], [ 280359.986700000241399, 9721396.479299999773502 ], [ 280437.778800000436604, 9721932.877800000831485 ], [ 280859.694500000216067, 9722356.613399999216199 ], [ 280357.777499999850988, 9722857.6535 ], [ 280435.692999999970198, 9723315.35329999960959 ], [ 281282.785000000149012, 9724162.819700000807643 ], [ 281359.401399999856949, 9725624.103199999779463 ], [ 281976.290699999779463, 9726236.204299999400973 ], [ 282245.92200000025332, 9726275.67960000038147 ], [ 282245.24210000038147, 9726736.5 ], [ 282485.64919999986887, 9726668.544800000265241 ], [ 282932.489400000311434, 9726345.000900000333786 ], [ 283413.299700000323355, 9726209.089600000530481 ], [ 284324.292299999855459, 9725425.409800000488758 ], [ 284805.0954, 9725289.497400000691414 ], [ 285251.923100000247359, 9724965.953700000420213 ], [ 286337.628499999642372, 9724810.465600000694394 ], [ 286420.614599999971688, 9723977.72859999909997 ], [ 286350.122000000439584, 9723280.689400000497699 ], [ 285887.608599999919534, 9722630.099700000137091 ], [ 286033.752999999560416, 9720515.351399999111891 ], [ 286354.856999999843538, 9720066.4529 ], [ 286498.576899999752641, 9719594.416600000113249 ], [ 286962.995099999941885, 9718945.1963 ], [ 286805.251799999736249, 9717611.993699999526143 ], [ 285012.105000000447035, 9717427.426999999210238 ], [ 285432.767099999822676, 9716839.385099999606609 ], [ 285577.886500000022352, 9715445.723899999633431 ], [ 285903.4534, 9714990.577600000426173 ], [ 285116.523199999704957, 9714074.018300000578165 ], [ 284938.654500000178814, 9713483.439899999648333 ], [ 284047.935800000093877, 9713215.291999999433756 ], [ 284192.483, 9712217.900699999183416 ], [ 284513.597199999727309, 9711769.015599999576807 ], [ 284675.456399999558926, 9710723.671 ], [ 285050.318799999542534, 9710612.082599999383092 ], [ 285010.911799999885261, 9710340.306399999186397 ], [ 284394.479299999773502, 9709728.512399999424815 ], [ 283391.860700000077486, 9709648.800899999216199 ], [ 282079.49349999986589, 9708342.434599999338388 ], [ 281809.899799999780953, 9708302.932800000533462 ] ] ] ] } },
{ "type": "Feature", "properties": { "OBJECTID": 33, "HYBAS_ID": 6090271710.0, "NEXT_DOWN": 6090269710.0, "NEXT_SINK": 6090008620.0, "MAIN_BAS": 6090008620.0, "DIST_SINK": 288.2, "DIST_MAIN": 288.2, "SUB_AREA": 445.0, "UP_AREA": 2951.9, "PFAF_ID": 631022030, "ENDO": 0, "COAST": 0, "ORDER_": 2, "SORT": 32657.0, "Shape_Length": 108814.68111232149, "Shape_Area": 443121483.22918451, "ID_basin": 33, "HyLength": 2634.7535033159593, "HyDensity": 0.0059207943894740659, "COUNT_area": 521, "MEAN_area": 494.42625854126663, "PropCount_km2": 1.1707865168539326, "AvgArea_km2": 0.011110702439129587, "SUM_area_swa": 4.3186322865499998, "PctWater_swa": 0.0097047916551685383, "CLASS_analyses": "1", "WatershedArea_m2": 443.12148322918449, "RdLength": 4.2536025830703963, "RdDensity": 0.0095991793313040825 }, "geometry": { "type": "MultiPolygon", "coordinates": [ [ [ [ 288837.936700000427663, 9661772.203299999237061 ], [ 288568.319799999706447, 9661810.801699999719858 ], [ 287950.101400000043213, 9662420.5208 ], [ 287909.809000000357628, 9662692.181500000879169 ], [ 287908.992600000463426, 9663152.9923 ], [ 287908.177299999631941, 9663613.803099999204278 ], [ 287638.554999999701977, 9663652.402100000530481 ], [ 287019.985399999655783, 9664262.462099999189377 ], [ 286938.784300000406802, 9665644.799000000581145 ], [ 287401.231200000271201, 9666109.652699999511242 ], [ 287437.619500000029802, 9667760.288499999791384 ], [ 287476.435100000351667, 9668028.488900000229478 ], [ 287860.465400000102818, 9668414.519600000232458 ], [ 287936.636300000362098, 9669794.012299999594688 ], [ 287242.776499999687076, 9670485.226199999451637 ], [ 286699.880900000222027, 9670562.959300000220537 ], [ 285847.69579999987036, 9671404.9529 ], [ 282991.94539999961853, 9671478.094000000506639 ], [ 281909.243800000287592, 9672548.287599999457598 ], [ 281828.675099999643862, 9673548.402200000360608 ], [ 280515.00899999961257, 9674853.1107 ], [ 280434.671299999579787, 9675850.082800000905991 ], [ 279315.346300000324845, 9676962.4572 ], [ 278889.039499999955297, 9676539.947799999266863 ], [ 278429.09499999973923, 9676460.975999999791384 ], [ 277961.705699999816716, 9676920.980699999257922 ], [ 277692.039200000464916, 9676959.579199999570847 ], [ 277691.219800000078976, 9677420.414200000464916 ], [ 277627.703200000338256, 9677664.78319999948144 ], [ 277289.765599999576807, 9678096.892699999734759 ], [ 277162.731800000183284, 9678585.631999999284744 ], [ 276360.631799999624491, 9679477.757999999448657 ], [ 276201.856100000441074, 9680088.704 ], [ 275446.916400000452995, 9680279.942500000819564 ], [ 275304.300499999895692, 9681429.356699999421835 ], [ 276076.205000000074506, 9681627.840600000694394 ], [ 276665.542100000195205, 9682118.408900000154972 ], [ 276818.092000000178814, 9682814.547399999573827 ], [ 276291.416000000201166, 9682947.996600000187755 ], [ 276380.999900000169873, 9683297.646299999207258 ], [ 276836.886699999682605, 9683472.534900000318885 ], [ 277435.551400000229478, 9683012.744599999859929 ], [ 279181.516800000332296, 9682890.300899999216199 ], [ 280689.670199999585748, 9684287.2820999994874 ], [ 281140.755499999970198, 9683940.822200000286102 ], [ 282178.369099999777973, 9683817.11460000090301 ], [ 282312.581199999898672, 9684340.908700000494719 ], [ 283048.707499999552965, 9684381.4243 ], [ 283662.217199999839067, 9684996.70409999974072 ], [ 283739.376799999736249, 9685997.247899999842048 ], [ 284355.884700000286102, 9686609.3903 ], [ 285821.662100000306964, 9686689.989 ], [ 286246.376799999736249, 9687110.82010000012815 ], [ 286751.722599999979138, 9686613.379799999296665 ], [ 287211.692800000309944, 9686692.292700000107288 ], [ 287598.537499999627471, 9687075.590399999171495 ], [ 287868.0773, 9687115.109899999573827 ], [ 287967.926400000229478, 9687504.663899999111891 ], [ 289472.729100000113249, 9688898.226399999111891 ], [ 289964.14989999961108, 9689024.499299999326468 ], [ 290861.273400000296533, 9689822.078400000929832 ], [ 292396.85869999974966, 9689960.399800000712276 ], [ 292594.347900000400841, 9690730.831399999558926 ], [ 293667.941200000233948, 9690873.625900000333786 ], [ 294706.483, 9691796.850700000301003 ], [ 295056.712100000120699, 9691671.926200000569224 ], [ 295956.354299999773502, 9690877.222500000149012 ], [ 297128.928000000305474, 9690816.31389999948442 ], [ 298055.591799999587238, 9690817.750800000503659 ], [ 297983.339100000448525, 9689995.551100000739098 ], [ 297067.490100000053644, 9689760.282600000500679 ], [ 297195.2648, 9688728.808499999344349 ], [ 297997.145299999974668, 9687836.6118 ], [ 298155.783099999651313, 9687225.721799999475479 ], [ 298893.507500000298023, 9687038.667600000277162 ], [ 299096.940200000070035, 9686255.299599999561906 ], [ 299833.813000000081956, 9685689.151399999856949 ], [ 302478.962299999780953, 9685818.716399999335408 ], [ 302928.875300000421703, 9686166.601299999281764 ], [ 304305.293600000441074, 9684899.967399999499321 ], [ 304551.175599999725819, 9684837.609200000762939 ], [ 304592.987300000153482, 9683187.249500000849366 ], [ 304978.293700000271201, 9682802.5143 ], [ 305017.990600000135601, 9682534.4671 ], [ 303739.166799999773502, 9682457.615900000557303 ], [ 303560.556699999608099, 9681832.550000000745058 ], [ 303235.271200000308454, 9681388.295 ], [ 303098.411899999715388, 9681097.285399999469519 ], [ 303568.909799999557436, 9680458.752399999648333 ], [ 303237.423299999907613, 9680005.973400000482798 ], [ 303082.148199999704957, 9678933.10080000013113 ], [ 302003.939299999736249, 9678775.301899999380112 ], [ 301447.046799999661744, 9678369.32880000025034 ], [ 301211.474399999715388, 9677544.967000000178814 ], [ 300018.269899999722838, 9677370.27250000089407 ], [ 299843.610100000165403, 9676163.287699999287724 ], [ 298765.41399999987334, 9676005.44370000064373 ], [ 297740.24199999962002, 9675117.681399999186397 ], [ 297617.920199999585748, 9674689.505599999800324 ], [ 297551.918700000271201, 9673068.125900000333786 ], [ 297089.688900000415742, 9672436.593599999323487 ], [ 297229.755699999630451, 9670763.6502 ], [ 298622.02350000012666, 9669250.878100000321865 ], [ 298386.018799999728799, 9668684.441800000146031 ], [ 297868.617499999701977, 9668307.1689 ], [ 296790.488300000317395, 9668149.263499999418855 ], [ 296635.34250000026077, 9667076.337400000542402 ], [ 296310.142, 9666632.0241 ], [ 296244.227800000458956, 9665010.628200000151992 ], [ 295998.577200000174344, 9664947.4759 ], [ 295564.180200000293553, 9664611.4189 ], [ 295072.879800000227988, 9664485.109400000423193 ], [ 294500.502700000070035, 9664042.273800000548363 ], [ 294295.62459999974817, 9663242.466 ], [ 293222.291500000283122, 9663099.543700000271201 ], [ 292787.906000000424683, 9662763.467700000852346 ], [ 291152.535099999979138, 9662697.886399999260902 ], [ 289956.568300000391901, 9662656.717000000178814 ], [ 289340.511199999600649, 9662044.822000000625849 ], [ 289301.180800000205636, 9661773.022299999371171 ], [ 288837.936700000427663, 9661772.203299999237061 ] ] ] ] } },
{ "type": "Feature", "properties": { "OBJECTID": 34, "HYBAS_ID": 6090271600.0, "NEXT_DOWN": 6090269710.0, "NEXT_SINK": 6090008620.0, "MAIN_BAS": 6090008620.0, "DIST_SINK": 288.4, "DIST_MAIN": 288.4, "SUB_AREA": 166.7, "UP_AREA": 1671.8, "PFAF_ID": 631022021, "ENDO": 0, "COAST": 0, "ORDER_": 3, "SORT": 32658.0, "Shape_Length": 68785.914945029625, "Shape_Area": 166016818.87744418, "ID_basin": 34, "HyLength": 3665.5110919976773, "HyDensity": 0.021988668818222423, "COUNT_area": 112, "MEAN_area": 1113.8608517857142, "PropCount_km2": 0.67186562687462514, "AvgArea_km2": 0.06681828744965293, "SUM_area_swa": null, "PctWater_swa": 0.0, "CLASS_analyses": "0", "WatershedArea_m2": 166.01681887744417, "RdLength": 2.3306459841913925, "RdDensity": 0.014038613677520869 }, "geometry": { "type": "MultiPolygon", "coordinates": [ [ [ [ 282312.581199999898672, 9684340.908700000494719 ], [ 282247.5148, 9685506.9221 ], [ 281909.599100000225008, 9685939.046900000423193 ], [ 281782.599399999715388, 9686427.783399999141693 ], [ 281444.681099999696016, 9686859.909700000658631 ], [ 281316.121899999678135, 9688270.297800000756979 ], [ 280978.200600000098348, 9688702.427200000733137 ], [ 280839.006299999542534, 9690229.658299999311566 ], [ 280449.000799999572337, 9690328.495400000363588 ], [ 280448.22510000038892, 9690789.322499999776483 ], [ 280379.154400000348687, 9691028.114900000393391 ], [ 280052.371100000105798, 9691471.405899999663234 ], [ 279914.229100000113249, 9691948.991900000721216 ], [ 279510.300900000147521, 9692496.955600000917912 ], [ 280221.889600000344217, 9692700.568 ], [ 280667.608199999667704, 9693025.520099999383092 ], [ 281147.881299999542534, 9693162.940700000151992 ], [ 281704.863400000147521, 9693568.982100000604987 ], [ 281901.251500000245869, 9694256.43779999949038 ], [ 282331.800099999643862, 9694844.615900000557303 ], [ 283606.362499999813735, 9695031.234200000762939 ], [ 283758.375500000081956, 9697136.448100000619888 ], [ 284504.813000000081956, 9697349.990499999374151 ], [ 284675.545199999585748, 9697947.532600000500679 ], [ 285000.877199999988079, 9698391.8849 ], [ 285137.752700000070035, 9698682.890000000596046 ], [ 284673.349899999797344, 9699312.993000000715256 ], [ 284534.502100000157952, 9700251.3936 ], [ 284207.739400000311434, 9700694.700500000268221 ], [ 284069.629700000397861, 9701172.286299999803305 ], [ 283742.864599999971688, 9701615.594699999317527 ], [ 283604.754300000146031, 9702093.181800000369549 ], [ 283277.986800000071526, 9702536.491800000891089 ], [ 283208.931400000117719, 9702775.286000000312924 ], [ 284373.067499999888241, 9702848.223500000312924 ], [ 284824.503399999812245, 9703167.588400000706315 ], [ 285299.148299999535084, 9703310.505899999290705 ], [ 285750.586600000038743, 9703629.8651 ], [ 286688.635499999858439, 9703773.503799999132752 ], [ 287279.98369999974966, 9704191.831599999219179 ], [ 287465.174300000071526, 9702413.643400000408292 ], [ 288657.807900000363588, 9702234.82909999974072 ], [ 288912.227699999697506, 9701399.2445 ], [ 289461.860799999907613, 9701012.9846 ], [ 290165.601099999621511, 9700803.478499999269843 ], [ 290555.732800000347197, 9700258.11879999935627 ], [ 290699.463999999687076, 9699786.102099999785423 ], [ 292412.815700000151992, 9697957.001599999144673 ], [ 292569.500300000421703, 9696452.656400000676513 ], [ 293306.479799999855459, 9696233.249399999156594 ], [ 293576.115899999625981, 9695347.6261 ], [ 294115.648199999704957, 9695490.626599999144673 ], [ 294572.772699999623001, 9695814.019099999219179 ], [ 295030.895800000056624, 9695492.045199999585748 ], [ 295734.58420000039041, 9695282.535700000822544 ], [ 296124.681300000287592, 9694737.185799999162555 ], [ 296337.562699999660254, 9694038.004499999806285 ], [ 296887.137699999846518, 9693651.749099999666214 ], [ 297480.918200000189245, 9693474.955700000748038 ], [ 297696.4841, 9692766.970000000670552 ], [ 298052.748700000345707, 9692660.8902000002563 ], [ 298093.161000000312924, 9691932.049799999222159 ], [ 298478.508500000461936, 9691547.305700000375509 ], [ 298518.92200000025332, 9690818.46680000051856 ], [ 298055.591799999587238, 9690817.750800000503659 ], [ 297128.928000000305474, 9690816.31389999948442 ], [ 295956.354299999773502, 9690877.222500000149012 ], [ 295056.712100000120699, 9691671.926200000569224 ], [ 294706.483, 9691796.850700000301003 ], [ 293667.941200000233948, 9690873.625900000333786 ], [ 292594.347900000400841, 9690730.831399999558926 ], [ 292396.85869999974966, 9689960.399800000712276 ], [ 290861.273400000296533, 9689822.078400000929832 ], [ 289964.14989999961108, 9689024.499299999326468 ], [ 289472.729100000113249, 9688898.226399999111891 ], [ 287967.926400000229478, 9687504.663899999111891 ], [ 287868.0773, 9687115.109899999573827 ], [ 287598.537499999627471, 9687075.590399999171495 ], [ 287211.692800000309944, 9686692.292700000107288 ], [ 286751.722599999979138, 9686613.379799999296665 ], [ 286246.376799999736249, 9687110.82010000012815 ], [ 285821.662100000306964, 9686689.989 ], [ 284355.884700000286102, 9686609.3903 ], [ 283739.376799999736249, 9685997.247899999842048 ], [ 283662.217199999839067, 9684996.70409999974072 ], [ 283048.707499999552965, 9684381.4243 ], [ 282312.581199999898672, 9684340.908700000494719 ] ] ] ] } },
{ "type": "Feature", "properties": { "OBJECTID": 35, "HYBAS_ID": 6090274450.0, "NEXT_DOWN": 6090272770.0, "NEXT_SINK": 6090008620.0, "MAIN_BAS": 6090008620.0, "DIST_SINK": 303.7, "DIST_MAIN": 303.7, "SUB_AREA": 199.0, "UP_AREA": 199.2, "PFAF_ID": 631023032, "ENDO": 0, "COAST": 0, "ORDER_": 2, "SORT": 32660.0, "Shape_Length": 68355.211721261774, "Shape_Area": 198136552.97426784, "ID_basin": 35, "HyLength": 162.76846728650671, "HyDensity": 0.00081793199641460657, "COUNT_area": 513, "MEAN_area": 152.47517953216379, "PropCount_km2": 2.5778894472361809, "AvgArea_km2": 0.0076620693232243115, "SUM_area_swa": 33.637136635099999, "PctWater_swa": 0.16903083736231156, "CLASS_analyses": "1", "WatershedArea_m2": 198.13655297426783, "RdLength": 0.94841930114675521, "RdDensity": 0.0047866952710635237 }, "geometry": { "type": "MultiPolygon", "coordinates": [ [ [ [ 296707.466799999587238, 9665011.410900000482798 ], [ 296244.227800000458956, 9665010.628200000151992 ], [ 296310.142, 9666632.0241 ], [ 296635.34250000026077, 9667076.337400000542402 ], [ 296790.488300000317395, 9668149.263499999418855 ], [ 297868.617499999701977, 9668307.1689 ], [ 298386.018799999728799, 9668684.441800000146031 ], [ 298622.02350000012666, 9669250.878100000321865 ], [ 297229.755699999630451, 9670763.6502 ], [ 297089.688900000415742, 9672436.593599999323487 ], [ 297551.918700000271201, 9673068.125900000333786 ], [ 297617.920199999585748, 9674689.505599999800324 ], [ 297740.24199999962002, 9675117.681399999186397 ], [ 298765.41399999987334, 9676005.44370000064373 ], [ 299843.610100000165403, 9676163.287699999287724 ], [ 300018.269899999722838, 9677370.27250000089407 ], [ 301211.474399999715388, 9677544.967000000178814 ], [ 301447.046799999661744, 9678369.32880000025034 ], [ 302003.939299999736249, 9678775.301899999380112 ], [ 303082.148199999704957, 9678933.10080000013113 ], [ 303237.423299999907613, 9680005.973400000482798 ], [ 303568.909799999557436, 9680458.752399999648333 ], [ 303098.411899999715388, 9681097.285399999469519 ], [ 303235.271200000308454, 9681388.295 ], [ 303560.556699999608099, 9681832.550000000745058 ], [ 303739.166799999773502, 9682457.615900000557303 ], [ 305017.990600000135601, 9682534.4671 ], [ 306306.867499999701977, 9682467.479800000786781 ], [ 306516.780799999833107, 9681659.019099999219179 ], [ 307090.63190000038594, 9681218.063400000333786 ], [ 307799.777700000442564, 9681156.409399999305606 ], [ 307890.900700000114739, 9679744.593599999323487 ], [ 308700.275200000032783, 9680308.729599999263883 ], [ 308963.7977, 9680164.1656 ], [ 309418.871000000275671, 9679849.055299999192357 ], [ 312207.333499999716878, 9679708.2796 ], [ 313126.331799999810755, 9678933.099600000306964 ], [ 313825.654799999669194, 9678861.657500000670552 ], [ 314095.264499999582767, 9678822.9858 ], [ 314483.229700000025332, 9678440.950300000607967 ], [ 314752.837500000372529, 9678402.277799999341369 ], [ 314684.414900000207126, 9675402.988099999725819 ], [ 314367.594499999657273, 9674950.388399999588728 ], [ 314213.94579999987036, 9672959.793199999257922 ], [ 312471.485299999825656, 9672776.537200000137091 ], [ 312055.60149999987334, 9672182.372999999672174 ], [ 311882.57909999974072, 9671066.888599999248981 ], [ 310832.076000000350177, 9670175.252399999648333 ], [ 308716.326899999752641, 9670007.200799999758601 ], [ 309134.75829999987036, 9669413.3026 ], [ 309207.994599999859929, 9669178.7237 ], [ 308962.343100000172853, 9669115.606699999421835 ], [ 308527.916000000201166, 9668779.626499999314547 ], [ 307888.522300000302494, 9668615.357100000604987 ], [ 307821.223500000312924, 9667333.4836 ], [ 307743.067900000140071, 9666033.780500000342727 ], [ 305923.069500000216067, 9665885.380300000309944 ], [ 305280.811900000087917, 9666336.793500000610948 ], [ 303879.444600000046194, 9666476.721200000494719 ], [ 303225.358099999837577, 9666936.4353 ], [ 302952.468500000424683, 9666793.799000000581145 ], [ 302501.216900000348687, 9666474.479299999773502 ], [ 301563.526300000026822, 9666330.751199999824166 ], [ 301112.277800000272691, 9666011.423100000247359 ], [ 299137.637099999934435, 9665857.56110000051558 ], [ 298883.375900000333786, 9665012.475999999791384 ], [ 298133.845099999569356, 9664481.92369999922812 ], [ 296822.026800000108778, 9664635.1491 ], [ 296707.466799999587238, 9665011.410900000482798 ] ] ] ] } },
{ "type": "Feature", "properties": { "OBJECTID": 36, "HYBAS_ID": 6090271700.0, "NEXT_DOWN": 6090271600.0, "NEXT_SINK": 6090008620.0, "MAIN_BAS": 6090008620.0, "DIST_SINK": 310.2, "DIST_MAIN": 310.2, "SUB_AREA": 167.4, "UP_AREA": 1387.0, "PFAF_ID": 631022023, "ENDO": 0, "COAST": 0, "ORDER_": 3, "SORT": 32661.0, "Shape_Length": 60932.143334707267, "Shape_Area": 166774445.84812269, "ID_basin": 36, "HyLength": 5609.5668831333387, "HyDensity": 0.033509957485862239, "COUNT_area": 36, "MEAN_area": 3007.3616638888889, "PropCount_km2": 0.21505376344086022, "AvgArea_km2": 0.17965123440196468, "SUM_area_swa": 4.04950052491, "PctWater_swa": 0.024190564664934286, "CLASS_analyses": "0", "WatershedArea_m2": 166.7744458481227, "RdLength": 3.8847523152268559, "RdDensity": 0.023293450597129266 }, "geometry": { "type": "MultiPolygon", "coordinates": [ [ [ [ 267477.428199999965727, 9688462.550100000575185 ], [ 267538.430900000035763, 9689628.878799999132752 ], [ 269262.637699999846518, 9691447.25 ], [ 269387.960500000044703, 9691936.456399999558926 ], [ 269724.421500000171363, 9692369.775699999183416 ], [ 269846.387699999846518, 9694784.380400000140071 ], [ 269319.644299999810755, 9694917.841700000688434 ], [ 269318.841400000266731, 9695378.697100000455976 ], [ 269318.03969999961555, 9695839.552400000393391 ], [ 269587.621000000275671, 9695879.10050000064075 ], [ 269974.498100000433624, 9696262.467199999839067 ], [ 270513.660799999721348, 9696341.558499999344349 ], [ 271593.014600000344217, 9697415.735500000417233 ], [ 271630.386800000444055, 9698608.655200000852346 ], [ 272826.814600000157952, 9698649.768999999389052 ], [ 273213.707999999634922, 9699033.113099999725819 ], [ 275146.333800000138581, 9699114.655600000172853 ], [ 275759.989299999549985, 9699730.004499999806285 ], [ 275836.157599999569356, 9701188.106300000101328 ], [ 276220.345900000073016, 9701574.125399999320507 ], [ 276297.515399999916553, 9702574.4233 ], [ 278380.787999999709427, 9704649.901000000536442 ], [ 279768.360100000165403, 9704573.989099999889731 ], [ 280156.519199999980628, 9704191.9408 ], [ 280426.231800000183284, 9704153.297800000756979 ], [ 280889.650999999605119, 9704154.0428 ], [ 280971.802000000141561, 9702857.594799999147654 ], [ 281818.701899999752641, 9702773.059499999508262 ], [ 283208.931400000117719, 9702775.286000000312924 ], [ 283277.986800000071526, 9702536.491800000891089 ], [ 283604.754300000146031, 9702093.181800000369549 ], [ 283742.864599999971688, 9701615.594699999317527 ], [ 284069.629700000397861, 9701172.286299999803305 ], [ 284207.739400000311434, 9700694.700500000268221 ], [ 284534.502100000157952, 9700251.3936 ], [ 284673.349899999797344, 9699312.993000000715256 ], [ 285137.752700000070035, 9698682.890000000596046 ], [ 285000.877199999988079, 9698391.8849 ], [ 284675.545199999585748, 9697947.532600000500679 ], [ 284504.813000000081956, 9697349.990499999374151 ], [ 283758.375500000081956, 9697136.448100000619888 ], [ 283606.362499999813735, 9695031.234200000762939 ], [ 282331.800099999643862, 9694844.615900000557303 ], [ 281901.251500000245869, 9694256.43779999949038 ], [ 281704.863400000147521, 9693568.982100000604987 ], [ 281147.881299999542534, 9693162.940700000151992 ], [ 280667.608199999667704, 9693025.520099999383092 ], [ 280221.889600000344217, 9692700.568 ], [ 279510.300900000147521, 9692496.955600000917912 ], [ 279914.229100000113249, 9691948.991900000721216 ], [ 280052.371100000105798, 9691471.405899999663234 ], [ 280379.154400000348687, 9691028.114900000393391 ], [ 280448.22510000038892, 9690789.322499999776483 ], [ 280449.000799999572337, 9690328.495400000363588 ], [ 280355.006599999964237, 9689961.620400000363588 ], [ 279986.407100000418723, 9689866.885600000619888 ], [ 278234.617300000041723, 9689796.725999999791384 ], [ 278071.029000000096858, 9689158.318 ], [ 277560.809399999678135, 9688547.7599 ], [ 274645.928100000135601, 9688412.473899999633431 ], [ 274197.293100000359118, 9688065.440400000661612 ], [ 273747.449099999852479, 9688410.907700000330806 ], [ 272954.975499999709427, 9688535.009099999442697 ], [ 272357.887600000016391, 9688073.112199999392033 ], [ 271866.441100000403821, 9687946.75789999961853 ], [ 271431.931099999696016, 9687610.628100000321865 ], [ 270176.507500000298023, 9687482.911000000312924 ], [ 269577.783200000412762, 9687942.700799999758601 ], [ 269085.884200000204146, 9688067.314300000667572 ], [ 268650.174599999561906, 9688401.903999999165535 ], [ 267477.428199999965727, 9688462.550100000575185 ] ] ] ] } },
{ "type": "Feature", "properties": { "OBJECTID": 37, "HYBAS_ID": 6090271830.0, "NEXT_DOWN": 6090271600.0, "NEXT_SINK": 6090008620.0, "MAIN_BAS": 6090008620.0, "DIST_SINK": 310.2, "DIST_MAIN": 310.2, "SUB_AREA": 118.0, "UP_AREA": 118.1, "PFAF_ID": 631022022, "ENDO": 0, "COAST": 0, "ORDER_": 4, "SORT": 32662.0, "Shape_Length": 55753.085452816129, "Shape_Area": 117516217.16712306, "ID_basin": 37, "HyLength": 3053.4751750613727, "HyDensity": 0.025876908263231971, "COUNT_area": 63, "MEAN_area": 2194.2980952380954, "PropCount_km2": 0.53389830508474578, "AvgArea_km2": 0.18595746569814367, "SUM_area_swa": 3.5872149552580002, "PctWater_swa": 0.030400126739474575, "CLASS_analyses": "1", "WatershedArea_m2": 117.51621716712306, "RdLength": 1.0833023208875481, "RdDensity": 0.0092183219218752929 }, "geometry": { "type": "MultiPolygon", "coordinates": [ [ [ [ 265160.419599999673665, 9688458.370899999514222 ], [ 267477.428199999965727, 9688462.550100000575185 ], [ 268650.174599999561906, 9688401.903999999165535 ], [ 269085.884200000204146, 9688067.314300000667572 ], [ 269577.783200000412762, 9687942.700799999758601 ], [ 270176.507500000298023, 9687482.911000000312924 ], [ 271431.931099999696016, 9687610.628100000321865 ], [ 271866.441100000403821, 9687946.75789999961853 ], [ 272357.887600000016391, 9688073.112199999392033 ], [ 272954.975499999709427, 9688535.009099999442697 ], [ 273747.449099999852479, 9688410.907700000330806 ], [ 274197.293100000359118, 9688065.440400000661612 ], [ 274645.928100000135601, 9688412.473899999633431 ], [ 277560.809399999678135, 9688547.7599 ], [ 278071.029000000096858, 9689158.318 ], [ 278234.617300000041723, 9689796.725999999791384 ], [ 279986.407100000418723, 9689866.885600000619888 ], [ 280355.006599999964237, 9689961.620400000363588 ], [ 280449.000799999572337, 9690328.495400000363588 ], [ 280839.006299999542534, 9690229.658299999311566 ], [ 280978.200600000098348, 9688702.427200000733137 ], [ 281316.121899999678135, 9688270.297800000756979 ], [ 281444.681099999696016, 9686859.909700000658631 ], [ 281782.599399999715388, 9686427.783399999141693 ], [ 281909.599100000225008, 9685939.046900000423193 ], [ 282247.5148, 9685506.9221 ], [ 282312.581199999898672, 9684340.908700000494719 ], [ 282178.369099999777973, 9683817.11460000090301 ], [ 281140.755499999970198, 9683940.822200000286102 ], [ 280689.670199999585748, 9684287.2820999994874 ], [ 279181.516800000332296, 9682890.300899999216199 ], [ 277435.551400000229478, 9683012.744599999859929 ], [ 276836.886699999682605, 9683472.534900000318885 ], [ 276380.999900000169873, 9683297.646299999207258 ], [ 276291.416000000201166, 9682947.996600000187755 ], [ 275582.351300000213087, 9682884.005400000140071 ], [ 275147.86739999987185, 9682547.88260000012815 ], [ 274656.451000000350177, 9682421.52559999935329 ], [ 274221.969700000248849, 9682085.39670000039041 ], [ 272039.897599999792874, 9681956.008400000631809 ], [ 271321.683600000105798, 9682507.566700000315905 ], [ 271133.444899999536574, 9681772.630899999290705 ], [ 270797.035799999721348, 9681339.297800000756979 ], [ 270671.748599999584258, 9680850.088400000706315 ], [ 270160.250099999830127, 9680237.835899999365211 ], [ 267955.882500000298023, 9680167.906300000846386 ], [ 267714.36670000012964, 9680100.552899999544024 ], [ 267114.404900000430644, 9679656.39809999987483 ], [ 266189.489000000059605, 9679790.604499999433756 ], [ 266033.831399999558926, 9680865.558700000867248 ], [ 265704.187300000339746, 9681306.013000000268221 ], [ 265567.89850000012666, 9682247.299200000241399 ], [ 265238.251799999736249, 9682687.755999999120831 ], [ 265085.235700000077486, 9683744.419099999591708 ], [ 264463.672500000335276, 9683915.312300000339746 ], [ 264019.588800000026822, 9684241.543299999088049 ], [ 262851.023199999704957, 9684306.291500000283122 ], [ 262886.415199999697506, 9686418.02449999935925 ], [ 263733.077499999664724, 9687265.864299999549985 ], [ 263771.040500000119209, 9687994.972899999469519 ], [ 264040.61089999973774, 9688034.54590000025928 ], [ 264427.443599999882281, 9688417.95920000039041 ], [ 265160.419599999673665, 9688458.370899999514222 ] ] ] ] } },
{ "type": "Feature", "properties": { "OBJECTID": 38, "HYBAS_ID": 6090274780.0, "NEXT_DOWN": 6090271710.0, "NEXT_SINK": 6090008620.0, "MAIN_BAS": 6090008620.0, "DIST_SINK": 315.3, "DIST_MAIN": 315.3, "SUB_AREA": 75.5, "UP_AREA": 2191.3, "PFAF_ID": 631022050, "ENDO": 0, "COAST": 0, "ORDER_": 2, "SORT": 32663.0, "Shape_Length": 39526.788751475557, "Shape_Area": 75222941.126555622, "ID_basin": 38, "HyLength": 4057.6315909029868, "HyDensity": 0.053743464780172008, "COUNT_area": 63, "MEAN_area": 1396.1712206349205, "PropCount_km2": 0.83443708609271527, "AvgArea_km2": 0.18492334048144643, "SUM_area_swa": null, "PctWater_swa": 0.0, "CLASS_analyses": "0", "WatershedArea_m2": 75.222941126555625, "RdLength": 2.210155953780593, "RdDensity": 0.029381408393248151 }, "geometry": { "type": "MultiPolygon", "coordinates": [ [ [ [ 273069.663099999539554, 9670960.236700000241399 ], [ 271410.033099999651313, 9670996.234300000593066 ], [ 270327.426900000311434, 9672066.167199999094009 ], [ 270247.35080000013113, 9672605.708399999886751 ], [ 269632.045800000429153, 9673218.511900000274181 ], [ 269358.750599999912083, 9673257.606799999251962 ], [ 269317.242200000211596, 9674447.405200000852346 ], [ 268701.926599999889731, 9675060.213500000536442 ], [ 268428.626000000163913, 9675099.309499999508262 ], [ 268427.767500000074506, 9675560.168600000441074 ], [ 268386.264999999664724, 9676749.972999999299645 ], [ 267536.565399999730289, 9677594.659299999475479 ], [ 267454.572700000368059, 9679434.7335 ], [ 267917.083200000226498, 9679899.674100000411272 ], [ 267955.882500000298023, 9680167.906300000846386 ], [ 270160.250099999830127, 9680237.835899999365211 ], [ 270671.748599999584258, 9680850.088400000706315 ], [ 270797.035799999721348, 9681339.297800000756979 ], [ 271133.444899999536574, 9681772.630899999290705 ], [ 271321.683600000105798, 9682507.566700000315905 ], [ 272039.897599999792874, 9681956.008400000631809 ], [ 274221.969700000248849, 9682085.39670000039041 ], [ 274656.451000000350177, 9682421.52559999935329 ], [ 275147.86739999987185, 9682547.88260000012815 ], [ 275582.351300000213087, 9682884.005400000140071 ], [ 276291.416000000201166, 9682947.996600000187755 ], [ 276818.092000000178814, 9682814.547399999573827 ], [ 276665.542100000195205, 9682118.408900000154972 ], [ 276076.205000000074506, 9681627.840600000694394 ], [ 275304.300499999895692, 9681429.356699999421835 ], [ 275446.916400000452995, 9680279.942500000819564 ], [ 276201.856100000441074, 9680088.704 ], [ 276360.631799999624491, 9679477.757999999448657 ], [ 277162.731800000183284, 9678585.631999999284744 ], [ 277289.765599999576807, 9678096.892699999734759 ], [ 277627.703200000338256, 9677664.78319999948144 ], [ 277691.219800000078976, 9677420.414200000464916 ], [ 277692.039200000464916, 9676959.579199999570847 ], [ 277692.859899999573827, 9676498.744100000709295 ], [ 277447.167799999937415, 9676435.563500000163913 ], [ 273602.484199999831617, 9672695.62470000050962 ], [ 273459.273599999956787, 9671060.454700000584126 ], [ 273069.663099999539554, 9670960.236700000241399 ] ] ] ] } },
{ "type": "Feature", "properties": { "OBJECTID": 39, "HYBAS_ID": 6090274930.0, "NEXT_DOWN": 6090271710.0, "NEXT_SINK": 6090008620.0, "MAIN_BAS": 6090008620.0, "DIST_SINK": 315.4, "DIST_MAIN": 315.4, "SUB_AREA": 315.6, "UP_AREA": 315.7, "PFAF_ID": 631022040, "ENDO": 0, "COAST": 0, "ORDER_": 3, "SORT": 32664.0, "Shape_Length": 90761.431696759188, "Shape_Area": 314318082.0690816, "ID_basin": 39, "HyLength": 3078.944690695103, "HyDensity": 0.0097558450275510213, "COUNT_area": 882, "MEAN_area": 266.49516190476203, "PropCount_km2": 2.79467680608365, "AvgArea_km2": 0.0084440799082624203, "SUM_area_swa": 1.9221275939670002, "PctWater_swa": 0.0060903916158650184, "CLASS_analyses": "1", "WatershedArea_m2": 314.31808206908158, "RdLength": 0.092262314576925269, "RdDensity": 0.00029353167965897562 }, "geometry": { "type": "MultiPolygon", "coordinates": [ [ [ [ 287909.809000000357628, 9662692.181500000879169 ], [ 287950.101400000043213, 9662420.5208 ], [ 288568.319799999706447, 9661810.801699999719858 ], [ 288837.936700000427663, 9661772.203299999237061 ], [ 289301.180800000205636, 9661773.022299999371171 ], [ 290255.65749999973923, 9661677.877699999138713 ], [ 289694.510800000280142, 9660887.688300000503659 ], [ 289861.202399999834597, 9660041.443600000813603 ], [ 290670.895499999634922, 9659800.5088 ], [ 292015.191700000315905, 9658327.464999999850988 ], [ 292087.893799999728799, 9657630.689099999144673 ], [ 292003.610799999907613, 9656794.247700000181794 ], [ 290462.652099999599159, 9656635.096799999475479 ], [ 289810.14919999986887, 9656173.123400000855327 ], [ 288147.109600000083447, 9656312.336899999529123 ], [ 287554.581000000238419, 9656728.6535 ], [ 287388.755699999630451, 9655082.128499999642372 ], [ 287069.299399999901652, 9654632.13289999961853 ], [ 286927.213999999687076, 9654159.65819999948144 ], [ 286607.763399999588728, 9653709.658600000664592 ], [ 286422.0329, 9653091.896099999547005 ], [ 284305.012799999676645, 9652926.544399999082088 ], [ 283831.002299999818206, 9652322.071399999782443 ], [ 283688.936200000345707, 9651849.582599999383092 ], [ 283226.934200000017881, 9651198.772199999541044 ], [ 283389.080299999564886, 9649866.068 ], [ 284227.488199999555945, 9649782.58669999986887 ], [ 284228.351800000295043, 9649321.765900000929832 ], [ 283850.765399999916553, 9649213.5768 ], [ 283678.368900000117719, 9648019.566099999472499 ], [ 282841.340699999593198, 9647936.678999999538064 ], [ 282595.48340000025928, 9647998.95409999974072 ], [ 282159.912299999967217, 9648333.472200000658631 ], [ 279732.940899999812245, 9648454.323100000619888 ], [ 279598.880499999970198, 9647930.48960000090301 ], [ 279135.667200000025332, 9647929.597899999469519 ], [ 279063.739699999801815, 9648165.57740000076592 ], [ 278190.162899999879301, 9649176.511199999600649 ], [ 277387.125900000333786, 9649415.392899999395013 ], [ 277207.298999999649823, 9650005.346100000664592 ], [ 276882.06900000013411, 9650459.8574 ], [ 277209.978600000031292, 9650921.855599999427795 ], [ 276420.248800000175834, 9651835.788899999111891 ], [ 276260.055800000205636, 9653368.807399999350309 ], [ 274566.812400000169873, 9653537.345599999651313 ], [ 274485.572700000368059, 9657137.476299999281764 ], [ 274523.461400000378489, 9657866.546900000423193 ], [ 274907.423100000247359, 9658252.667999999597669 ], [ 274944.443500000052154, 9659442.579700000584126 ], [ 274880.905299999751151, 9659686.94539999961853 ], [ 274542.959300000220537, 9660119.021500000730157 ], [ 274414.402499999850988, 9661388.61710000038147 ], [ 275339.011800000444055, 9662424.749199999496341 ], [ 275464.244599999859929, 9662913.95549999922514 ], [ 276262.989099999889731, 9663809.005799999460578 ], [ 276388.492200000211596, 9664157.382999999448657 ], [ 275459.990100000053644, 9665190.036000000312924 ], [ 275332.925900000147521, 9665678.770300000905991 ], [ 274530.824300000444055, 9666570.837899999693036 ], [ 274402.345499999821186, 9667819.3597 ], [ 274864.548100000247359, 9668414.83699999935925 ], [ 274988.800699999555945, 9669446.865299999713898 ], [ 274216.253200000151992, 9669642.558700000867248 ], [ 273172.652599999681115, 9670564.047900000587106 ], [ 273069.663099999539554, 9670960.236700000241399 ], [ 273459.273599999956787, 9671060.454700000584126 ], [ 273602.484199999831617, 9672695.62470000050962 ], [ 277447.167799999937415, 9676435.563500000163913 ], [ 277692.859899999573827, 9676498.744100000709295 ], [ 277692.039200000464916, 9676959.579199999570847 ], [ 277961.705699999816716, 9676920.980699999257922 ], [ 278429.09499999973923, 9676460.975999999791384 ], [ 278889.039499999955297, 9676539.947799999266863 ], [ 279315.346300000324845, 9676962.4572 ], [ 280434.671299999579787, 9675850.082800000905991 ], [ 280515.00899999961257, 9674853.1107 ], [ 281828.675099999643862, 9673548.402200000360608 ], [ 281909.243800000287592, 9672548.287599999457598 ], [ 282991.94539999961853, 9671478.094000000506639 ], [ 285847.69579999987036, 9671404.9529 ], [ 286699.880900000222027, 9670562.959300000220537 ], [ 287242.776499999687076, 9670485.226199999451637 ], [ 287936.636300000362098, 9669794.012299999594688 ], [ 287860.465400000102818, 9668414.519600000232458 ], [ 287476.435100000351667, 9668028.488900000229478 ], [ 287437.619500000029802, 9667760.288499999791384 ], [ 287401.231200000271201, 9666109.652699999511242 ], [ 286938.784300000406802, 9665644.799000000581145 ], [ 287019.985399999655783, 9664262.462099999189377 ], [ 287638.554999999701977, 9663652.402100000530481 ], [ 287908.177299999631941, 9663613.803099999204278 ], [ 287908.992600000463426, 9663152.9923 ], [ 287909.809000000357628, 9662692.181500000879169 ] ] ] ] } },
{ "type": "Feature", "properties": { "OBJECTID": 40, "HYBAS_ID": 6090277870.0, "NEXT_DOWN": 6090277080.0, "NEXT_SINK": 6090008620.0, "MAIN_BAS": 6090008620.0, "DIST_SINK": 320.4, "DIST_MAIN": 320.4, "SUB_AREA": 149.9, "UP_AREA": 149.9, "PFAF_ID": 631023036, "ENDO": 0, "COAST": 0, "ORDER_": 2, "SORT": 32668.0, "Shape_Length": 68224.909328927257, "Shape_Area": 149262499.49999037, "ID_basin": 40, "HyLength": 1440.7780723702033, "HyDensity": 0.0096115948790540581, "COUNT_area": 50, "MEAN_area": 1994.65039, "PropCount_km2": 0.33355570380253502, "AvgArea_km2": 0.13306540293529015, "SUM_area_swa": null, "PctWater_swa": 0.0, "CLASS_analyses": "1", "WatershedArea_m2": 149.26249949999038, "RdLength": 0.29092706831766085, "RdDensity": 0.0019490968548177073 }, "geometry": { "type": "MultiPolygon", "coordinates": [ [ [ [ 291152.535099999979138, 9662697.886399999260902 ], [ 292787.906000000424683, 9662763.467700000852346 ], [ 293222.291500000283122, 9663099.543700000271201 ], [ 294295.62459999974817, 9663242.466 ], [ 294500.502700000070035, 9664042.273800000548363 ], [ 295072.879800000227988, 9664485.109400000423193 ], [ 295564.180200000293553, 9664611.4189 ], [ 295998.577200000174344, 9664947.4759 ], [ 296244.227800000458956, 9665010.628200000151992 ], [ 296707.466799999587238, 9665011.410900000482798 ], [ 296822.026800000108778, 9664635.1491 ], [ 298133.845099999569356, 9664481.92369999922812 ], [ 298883.375900000333786, 9665012.475999999791384 ], [ 299137.637099999934435, 9665857.56110000051558 ], [ 301112.277800000272691, 9666011.423100000247359 ], [ 301563.526300000026822, 9666330.751199999824166 ], [ 302501.216900000348687, 9666474.479299999773502 ], [ 302952.468500000424683, 9666793.799000000581145 ], [ 303225.358099999837577, 9666936.4353 ], [ 303879.444600000046194, 9666476.721200000494719 ], [ 305280.811900000087917, 9666336.793500000610948 ], [ 305923.069500000216067, 9665885.380300000309944 ], [ 307743.067900000140071, 9666033.780500000342727 ], [ 307821.223500000312924, 9667333.4836 ], [ 308071.062599999830127, 9667392.449799999594688 ], [ 308642.275799999944866, 9667854.116100000217557 ], [ 309125.086799999698997, 9667695.438500000163913 ], [ 309270.159099999815226, 9667087.165699999779463 ], [ 310080.217600000090897, 9666203.362800000235438 ], [ 310224.148699999786913, 9665599.740299999713898 ], [ 311298.406700000166893, 9664617.213899999856949 ], [ 311889.106200000271201, 9665094.644600000232458 ], [ 312805.389000000432134, 9664964.871899999678135 ], [ 313325.537399999797344, 9664365.401599999517202 ], [ 313384.803399999625981, 9664116.893400000408292 ], [ 313848.000599999912083, 9664117.611999999731779 ], [ 313848.715099999681115, 9663656.86009999923408 ], [ 313480.242600000463426, 9663562.209699999541044 ], [ 313323.554299999959767, 9662950.851600000634789 ], [ 312880.288099999539554, 9662380.10249999910593 ], [ 312215.657599999569356, 9662209.313500000163913 ], [ 311643.280899999663234, 9661766.590199999511242 ], [ 311536.359299999661744, 9661349.459100000560284 ], [ 311266.904799999669194, 9661309.961100000888109 ], [ 310880.162299999967217, 9660926.731300000101328 ], [ 310610.708200000226498, 9660887.231200000271201 ], [ 310519.152099999599159, 9661239.780099999159575 ], [ 310042.493300000205636, 9661409.8191 ], [ 309004.307599999941885, 9660486.632200000807643 ], [ 308513.044999999925494, 9660360.376299999654293 ], [ 307153.774400000460446, 9659101.340199999511242 ], [ 306415.756400000303984, 9658911.63539999909699 ], [ 306846.18819999974221, 9658361.013900000602007 ], [ 306911.160600000061095, 9657195.1371 ], [ 306202.349999999627471, 9657131.238800000399351 ], [ 305767.987700000405312, 9656795.218599999323487 ], [ 305276.738499999977648, 9656668.938500000163913 ], [ 304828.262199999764562, 9656321.97719999961555 ], [ 304240.307000000029802, 9656773.748400000855327 ], [ 304036.846800000406802, 9657557.079500000923872 ], [ 303299.298200000077486, 9657744.016000000759959 ], [ 303108.921500000171363, 9658477.08669999986887 ], [ 302494.302400000393391, 9658632.878499999642372 ], [ 302043.676400000229478, 9658979.096699999645352 ], [ 301133.743800000287592, 9658169.8158 ], [ 298952.396999999880791, 9658040.649399999529123 ], [ 298353.942099999636412, 9658500.41609999909997 ], [ 296172.128800000064075, 9658622.145600000396371 ], [ 295437.27379999961704, 9658053.545199999585748 ], [ 295233.286299999803305, 9657257.112199999392033 ], [ 294321.889999999664724, 9657111.074300000444055 ], [ 293723.405500000342727, 9657570.8256 ], [ 292087.893799999728799, 9657630.689099999144673 ], [ 292015.191700000315905, 9658327.464999999850988 ], [ 290670.895499999634922, 9659800.5088 ], [ 289861.202399999834597, 9660041.443600000813603 ], [ 289694.510800000280142, 9660887.688300000503659 ], [ 290255.65749999973923, 9661677.877699999138713 ], [ 289301.180800000205636, 9661773.022299999371171 ], [ 289340.511199999600649, 9662044.822000000625849 ], [ 289956.568300000391901, 9662656.717000000178814 ], [ 291152.535099999979138, 9662697.886399999260902 ] ] ] ] } },
{ "type": "Feature", "properties": { "OBJECTID": 41, "HYBAS_ID": 6090270570.0, "NEXT_DOWN": 6090271700.0, "NEXT_SINK": 6090008620.0, "MAIN_BAS": 6090008620.0, "DIST_SINK": 323.7, "DIST_MAIN": 323.7, "SUB_AREA": 116.9, "UP_AREA": 900.7, "PFAF_ID": 631022025, "ENDO": 0, "COAST": 0, "ORDER_": 3, "SORT": 32671.0, "Shape_Length": 48845.330372100856, "Shape_Area": 116427966.34822819, "ID_basin": 41, "HyLength": 691.29798519177291, "HyDensity": 0.0059135841333770129, "COUNT_area": 35, "MEAN_area": 3183.3019857142858, "PropCount_km2": 0.29940119760479039, "AvgArea_km2": 0.27230983624587557, "SUM_area_swa": 4.5040527823099996, "PctWater_swa": 0.03852910848853721, "CLASS_analyses": "0", "WatershedArea_m2": 116.42796634822818, "RdLength": 0.047830550259770642, "RdDensity": 0.00041081667712646204 }, "geometry": { "type": "MultiPolygon", "coordinates": [ [ [ [ 254958.275299999862909, 9692126.645700000226498 ], [ 254956.554999999701977, 9693048.434599999338388 ], [ 255420.003600000403821, 9693049.2972999997437 ], [ 255419.146999999880791, 9693510.190400000661612 ], [ 255664.898599999956787, 9693573.3969 ], [ 256705.367999999783933, 9694498.8301 ], [ 256900.916400000452995, 9695262.370999999344349 ], [ 257515.301099999807775, 9695420.371099999174476 ], [ 258579.846400000154972, 9696384.124800000339746 ], [ 258719.2027000002563, 9697447.868200000375509 ], [ 259055.677799999713898, 9697881.230399999767542 ], [ 259179.338700000196695, 9699292.234999999403954 ], [ 259622.711600000038743, 9699863.244300000369549 ], [ 260410.606900000013411, 9700065.816600000485778 ], [ 260504.58490000013262, 9700432.74129999987781 ], [ 260882.769299999810755, 9700325.938300000503659 ], [ 261062.913900000043213, 9699110.281899999827147 ], [ 262122.086099999956787, 9698199.545299999415874 ], [ 262723.082000000402331, 9698029.829199999570847 ], [ 262979.839499999769032, 9697142.686799999326468 ], [ 263531.177400000393391, 9697280.300000000745058 ], [ 264164.763600000180304, 9697742.292500000447035 ], [ 266311.229100000113249, 9697609.4342 ], [ 266758.106999999843538, 9697285.98369999974966 ], [ 267888.719499999657273, 9697124.360200000926852 ], [ 268321.301199999637902, 9696537.5998 ], [ 268481.127799999900162, 9695458.546399999409914 ], [ 269318.841400000266731, 9695378.697100000455976 ], [ 269319.644299999810755, 9694917.841700000688434 ], [ 269846.387699999846518, 9694784.380400000140071 ], [ 269724.421500000171363, 9692369.775699999183416 ], [ 269387.960500000044703, 9691936.456399999558926 ], [ 269262.637699999846518, 9691447.25 ], [ 267538.430900000035763, 9689628.878799999132752 ], [ 267477.428199999965727, 9688462.550100000575185 ], [ 265160.419599999673665, 9688458.370899999514222 ], [ 264427.443599999882281, 9688417.95920000039041 ], [ 264040.61089999973774, 9688034.54590000025928 ], [ 263771.040500000119209, 9687994.972899999469519 ], [ 263501.469899999909103, 9687955.39919999986887 ], [ 263114.6402000002563, 9687571.979900000616908 ], [ 260337.411899999715388, 9687488.693800000473857 ], [ 259639.895499999634922, 9688176.378499999642372 ], [ 259559.822700000368059, 9688637.563500000163913 ], [ 260060.027800000272691, 9689140.386 ], [ 259406.813699999824166, 9689790.85840000025928 ], [ 258863.760200000368059, 9689868.542700000107288 ], [ 258475.503100000321865, 9690250.544600000604987 ], [ 256624.891200000420213, 9690325.2668999992311 ], [ 256121.110500000417233, 9689825.86849999986589 ], [ 254999.902599999681115, 9690933.750099999830127 ], [ 254958.275299999862909, 9692126.645700000226498 ] ] ] ] } },
{ "type": "Feature", "properties": { "OBJECTID": 42, "HYBAS_ID": 6090275190.0, "NEXT_DOWN": 6090274780.0, "NEXT_SINK": 6090008620.0, "MAIN_BAS": 6090008620.0, "DIST_SINK": 325.8, "DIST_MAIN": 325.8, "SUB_AREA": 163.3, "UP_AREA": 992.9, "PFAF_ID": 631022070, "ENDO": 0, "COAST": 0, "ORDER_": 2, "SORT": 32673.0, "Shape_Length": 72536.33504555453, "Shape_Area": 162723516.37761977, "ID_basin": 42, "HyLength": 5224.516088264656, "HyDensity": 0.031993362451100162, "COUNT_area": 18, "MEAN_area": 3028.3665333333338, "PropCount_km2": 0.11022657685241885, "AvgArea_km2": 0.18544804245764443, "SUM_area_swa": 43.648651359221006, "PctWater_swa": 0.26729119019731173, "CLASS_analyses": "1", "WatershedArea_m2": 162.72351637761977, "RdLength": 0.66075268573320034, "RdDensity": 0.0040605850982217166 }, "geometry": { "type": "MultiPolygon", "coordinates": [ [ [ [ 251752.860999999567866, 9672301.663100000470877 ], [ 251506.901600000448525, 9672363.919199999421835 ], [ 250606.80449999962002, 9673158.415100000798702 ], [ 250114.877700000070035, 9673282.926000000908971 ], [ 248750.429999999701977, 9674537.397399999201298 ], [ 248135.506199999712408, 9674693.01490000076592 ], [ 247944.74210000038147, 9675426.239199999719858 ], [ 247575.783699999563396, 9675519.60249999910593 ], [ 247574.849100000225008, 9675980.518899999558926 ], [ 248038.256799999624491, 9675981.457100000232458 ], [ 248037.325199999846518, 9676442.372199999168515 ], [ 248306.88910000026226, 9676482.001199999824166 ], [ 249848.338700000196695, 9678018.472999999299645 ], [ 249924.348899999633431, 9679401.13370000012219 ], [ 249460.010999999940395, 9679864.348899999633431 ], [ 249379.437800000421703, 9680861.482799999415874 ], [ 248993.846099999733269, 9681246.16330000013113 ], [ 248953.104799999855459, 9681975.187699999660254 ], [ 249342.792600000277162, 9682075.469799999147654 ], [ 249414.713299999944866, 9682897.925000000745058 ], [ 250118.262799999676645, 9682967.611999999731779 ], [ 250751.780899999663234, 9683429.762399999424815 ], [ 253489.827800000086427, 9683291.76659999974072 ], [ 254444.972799999639392, 9682224.895300000905991 ], [ 254596.357499999925494, 9680712.64159999974072 ], [ 255358.38910000026226, 9680497.511 ], [ 255542.033400000073016, 9679259.285199999809265 ], [ 256142.167600000277162, 9678825.06110000051558 ], [ 256596.380199999548495, 9679156.420499999076128 ], [ 257076.593399999663234, 9679293.9507 ], [ 257710.081299999728799, 9679756.061300000175834 ], [ 258929.537100000306964, 9679621.799200000241399 ], [ 259564.786399999633431, 9679162.128900000825524 ], [ 260612.038800000213087, 9679353.497099999338388 ], [ 260461.411600000225008, 9681447.206800000742078 ], [ 259080.144999999552965, 9681644.499900000169873 ], [ 259243.583899999968708, 9682351.55320000089705 ], [ 259850.807500000111759, 9682525.458499999716878 ], [ 260305.040400000289083, 9682856.78690000064671 ], [ 260769.070700000040233, 9682521.0011 ], [ 261223.284599999897182, 9682852.324500000104308 ], [ 261913.898199999704957, 9683050.076400000602007 ], [ 262320.25650000013411, 9683605.47749999910593 ], [ 262490.8443, 9684203.156099999323487 ], [ 262851.023199999704957, 9684306.291500000283122 ], [ 264019.588800000026822, 9684241.543299999088049 ], [ 264463.672500000335276, 9683915.312300000339746 ], [ 265085.235700000077486, 9683744.419099999591708 ], [ 265238.251799999736249, 9682687.755999999120831 ], [ 265567.89850000012666, 9682247.299200000241399 ], [ 265704.187300000339746, 9681306.013000000268221 ], [ 266033.831399999558926, 9680865.558700000867248 ], [ 266189.489000000059605, 9679790.604499999433756 ], [ 267114.404900000430644, 9679656.39809999987483 ], [ 267714.36670000012964, 9680100.552899999544024 ], [ 267955.882500000298023, 9680167.906300000846386 ], [ 267917.083200000226498, 9679899.674100000411272 ], [ 267454.572700000368059, 9679434.7335 ], [ 267536.565399999730289, 9677594.659299999475479 ], [ 268386.264999999664724, 9676749.972999999299645 ], [ 268427.767500000074506, 9675560.168600000441074 ], [ 268428.626000000163913, 9675099.309499999508262 ], [ 268334.702800000086427, 9674732.373400000855327 ], [ 267966.139600000344217, 9674637.584599999710917 ], [ 267720.443400000222027, 9674574.378699999302626 ], [ 267286.005800000391901, 9674238.192900000140071 ], [ 266671.746899999678135, 9674080.190300000831485 ], [ 266577.830799999646842, 9673713.248500000685453 ], [ 265844.949199999682605, 9673672.782500000670552 ], [ 265458.193500000052154, 9673289.342599999159575 ], [ 264071.534799999557436, 9673208.539799999445677 ], [ 263604.057900000363588, 9673668.519600000232458 ], [ 261290.360100000165403, 9673742.239 ], [ 260824.646800000220537, 9673280.458200000226498 ], [ 260555.107200000435114, 9673240.854100000113249 ], [ 258919.070700000040233, 9673300.42090000025928 ], [ 258483.330099999904633, 9673634.958699999377131 ], [ 258133.031299999915063, 9673759.773199999704957 ], [ 257094.784099999815226, 9672835.955800000578165 ], [ 255839.427400000393391, 9672707.976700000464916 ], [ 255121.077899999916553, 9673259.456299999728799 ], [ 254901.688400000333786, 9672402.076999999582767 ], [ 254287.42989999987185, 9672243.994599999859929 ], [ 253853.007000000216067, 9671907.728700000792742 ], [ 253524.393000000156462, 9671781.568 ], [ 252925.580699999816716, 9672241.2697 ], [ 251752.860999999567866, 9672301.663100000470877 ] ] ] ] } },
{ "type": "Feature", "properties": { "OBJECTID": 43, "HYBAS_ID": 6090275240.0, "NEXT_DOWN": 6090274780.0, "NEXT_SINK": 6090008620.0, "MAIN_BAS": 6090008620.0, "DIST_SINK": 325.8, "DIST_MAIN": 325.8, "SUB_AREA": 3.5, "UP_AREA": 1122.9, "PFAF_ID": 631022061, "ENDO": 0, "COAST": 0, "ORDER_": 3, "SORT": 32674.0, "Shape_Length": 9832.3469927218775, "Shape_Area": 3441872.0773668792, "ID_basin": 43, "HyLength": 1772.0837424623614, "HyDensity": 0.50630964070353179, "COUNT_area": 6, "MEAN_area": 1625.4304833333333, "PropCount_km2": 1.7142857142857142, "AvgArea_km2": 4.6440870952380946, "SUM_area_swa": null, "PctWater_swa": 0.0, "CLASS_analyses": "0", "WatershedArea_m2": 3.4418720773668792, "RdLength": 1.4691250916553777, "RdDensity": 0.42683895816932754 }, "geometry": { "type": "MultiPolygon", "coordinates": [ [ [ [ 267967.866200000047684, 9673715.863800000399351 ], [ 266577.830799999646842, 9673713.248500000685453 ], [ 266671.746899999678135, 9674080.190300000831485 ], [ 267286.005800000391901, 9674238.192900000140071 ], [ 267720.443400000222027, 9674574.378699999302626 ], [ 267966.139600000344217, 9674637.584599999710917 ], [ 268334.702800000086427, 9674732.373400000855327 ], [ 268428.626000000163913, 9675099.309499999508262 ], [ 268701.926599999889731, 9675060.213500000536442 ], [ 269317.242200000211596, 9674447.405200000852346 ], [ 269358.750599999912083, 9673257.606799999251962 ], [ 268518.014999999664724, 9673170.710400000214577 ], [ 268433.802799999713898, 9672334.154500000178814 ], [ 267970.465300000272691, 9672333.282600000500679 ], [ 267968.731399999931455, 9673255.003499999642372 ], [ 267967.866200000047684, 9673715.863800000399351 ] ] ] ] } },
{ "type": "Feature", "properties": { "OBJECTID": 44, "HYBAS_ID": 6090275620.0, "NEXT_DOWN": 6090275240.0, "NEXT_SINK": 6090008620.0, "MAIN_BAS": 6090008620.0, "DIST_SINK": 328.0, "DIST_MAIN": 328.0, "SUB_AREA": 53.2, "UP_AREA": 537.6, "PFAF_ID": 631022063, "ENDO": 0, "COAST": 0, "ORDER_": 3, "SORT": 32675.0, "Shape_Length": 31621.340452688466, "Shape_Area": 52993282.410298549, "ID_basin": 44, "HyLength": 7298.6382904831089, "HyDensity": 0.13719244906923136, "COUNT_area": 10, "MEAN_area": 1984.03078, "PropCount_km2": 0.18796992481203006, "AvgArea_km2": 0.37293811654135339, "SUM_area_swa": null, "PctWater_swa": 0.0, "CLASS_analyses": "0", "WatershedArea_m2": 52.993282410298548, "RdLength": 1.1752145547522139, "RdDensity": 0.02217667034952012 }, "geometry": { "type": "MultiPolygon", "coordinates": [ [ [ [ 259172.246600000187755, 9669551.0777000002563 ], [ 259108.67960000038147, 9669795.46059999987483 ], [ 258770.643199999816716, 9670227.550799999386072 ], [ 258641.086900000460446, 9671948.496999999508262 ], [ 259268.315100000239909, 9672699.565300000831485 ], [ 260457.166400000452995, 9672858.133400000631809 ], [ 260555.107200000435114, 9673240.854100000113249 ], [ 260824.646800000220537, 9673280.458200000226498 ], [ 261290.360100000165403, 9673742.239 ], [ 263604.057900000363588, 9673668.519600000232458 ], [ 264071.534799999557436, 9673208.539799999445677 ], [ 265458.193500000052154, 9673289.342599999159575 ], [ 265844.949199999682605, 9673672.782500000670552 ], [ 266577.830799999646842, 9673713.248500000685453 ], [ 267967.866200000047684, 9673715.863800000399351 ], [ 267968.731399999931455, 9673255.003499999642372 ], [ 267970.465300000272691, 9672333.282600000500679 ], [ 267907.843100000172853, 9672088.668999999761581 ], [ 267571.489099999889731, 9671655.300000000745058 ], [ 267446.249200000427663, 9671166.070599999278784 ], [ 266647.443799999542534, 9670270.951899999752641 ], [ 266523.975599999539554, 9668859.988900000229478 ], [ 266187.640800000168383, 9668426.606000000610948 ], [ 266064.194500000216067, 9667015.637000000104308 ], [ 265727.870199999772012, 9666582.248099999502301 ], [ 265571.371700000017881, 9665970.67850000038743 ], [ 264957.157999999821186, 9665812.636099999770522 ], [ 264508.651100000366569, 9665465.470799999311566 ], [ 264043.649100000038743, 9665822.519099999219179 ], [ 263133.705299999564886, 9665012.817700000479817 ], [ 262888.027499999850988, 9664949.586500000208616 ], [ 262818.895700000226498, 9665188.402599999681115 ], [ 262492.019899999722838, 9665631.6085 ], [ 262353.755499999970198, 9666109.241900000721216 ], [ 262026.877100000157952, 9666552.449400000274181 ], [ 261867.799200000241399, 9667625.007799999788404 ], [ 260788.895600000396371, 9667779.0274 ], [ 260230.50719999987632, 9668183.112299999222159 ], [ 259990.337299999780953, 9669012.477299999445677 ], [ 259173.156000000424683, 9669090.193399999290705 ], [ 259172.246600000187755, 9669551.0777000002563 ] ] ] ] } },
{ "type": "Feature", "properties": { "OBJECTID": 45, "HYBAS_ID": 6090275630.0, "NEXT_DOWN": 6090275240.0, "NEXT_SINK": 6090008620.0, "MAIN_BAS": 6090008620.0, "DIST_SINK": 328.0, "DIST_MAIN": 328.0, "SUB_AREA": 581.8, "UP_AREA": 581.9, "PFAF_ID": 631022062, "ENDO": 0, "COAST": 0, "ORDER_": 4, "SORT": 32676.0, "Shape_Length": 132096.65159764141, "Shape_Area": 579563232.26566887, "ID_basin": 45, "HyLength": 5199.652264533951, "HyDensity": 0.0089371816165932476, "COUNT_area": 302, "MEAN_area": 1783.8885456953635, "PropCount_km2": 0.51907872121003784, "AvgArea_km2": 0.030661542552343827, "SUM_area_swa": 43.836277277295991, "PctWater_swa": 0.075345956131481609, "CLASS_analyses": "1", "WatershedArea_m2": 579.56323226566883, "RdLength": 1.9546967264922128, "RdDensity": 0.0033727065791437057 }, "geometry": { "type": "MultiPolygon", "coordinates": [ [ [ [ 254141.400600000284612, 9638199.755400000140071 ], [ 252945.282700000330806, 9638236.196399999782443 ], [ 252557.039499999955297, 9638618.074899999424815 ], [ 252017.767300000414252, 9638695.04700000025332 ], [ 251165.240899999625981, 9639536.804300000891089 ], [ 250241.815200000070035, 9639612.917300000786781 ], [ 249776.326399999670684, 9639150.962899999693036 ], [ 248580.340699999593198, 9639109.19539999961853 ], [ 247413.491899999789894, 9639174.871200000867248 ], [ 246966.571999999694526, 9639498.17259999923408 ], [ 245425.489199999719858, 9639644.307399999350309 ], [ 245265.126000000163913, 9640723.455199999734759 ], [ 244473.861399999819696, 9641626.488600000739098 ], [ 244333.340800000354648, 9643025.99129999987781 ], [ 243440.131099999882281, 9644045.387700000777841 ], [ 243009.547600000165403, 9644166.810599999502301 ], [ 243108.696399999782443, 9644554.823000000789762 ], [ 244644.041000000201166, 9644694.18720000050962 ], [ 245078.305499999783933, 9645030.581000000238419 ], [ 245708.245099999941885, 9645192.910800000652671 ], [ 245847.718999999575317, 9646261.439300000667572 ], [ 246183.899000000208616, 9646694.979900000616908 ], [ 246308.96889999974519, 9647184.314799999818206 ], [ 247107.438000000081956, 9648079.794600000604987 ], [ 247270.216699999757111, 9648716.621300000697374 ], [ 248558.868599999696016, 9648788.428999999538064 ], [ 248828.533599999733269, 9648749.933900000527501 ], [ 249216.809000000357628, 9648368.035800000652671 ], [ 249486.471699999645352, 9648329.53999999910593 ], [ 249864.116200000047684, 9648437.865399999544024 ], [ 250036.180100000463426, 9649632.159199999645352 ], [ 251710.831699999980628, 9649798.457100000232458 ], [ 252193.099200000055134, 9650400.985200000926852 ], [ 252383.371199999935925, 9651068.44789999909699 ], [ 253566.14919999986887, 9652093.903300000354648 ], [ 254929.020999999716878, 9651947.696100000292063 ], [ 255174.886699999682605, 9651098.958499999716878 ], [ 255725.611100000329316, 9651500.970000000670552 ], [ 256892.229899999685585, 9651571.726500000804663 ], [ 256814.290400000289083, 9652843.897600000724196 ], [ 255893.75069999974221, 9653103.623099999502301 ], [ 257109.700000000186265, 9654269.240800000727177 ], [ 257800.109299999661744, 9654467.1392 ], [ 258206.25, 9655022.63910000026226 ], [ 258342.616399999707937, 9655500.8388 ], [ 258667.64809999987483, 9655945.369200000539422 ], [ 258812.964499999769032, 9657458.182499999180436 ], [ 259615.703099999576807, 9657688.278200000524521 ], [ 261562.299700000323355, 9659768.856300000101328 ], [ 260049.333800000138581, 9659984.808000000193715 ], [ 260184.572499999776483, 9661035.235400000587106 ], [ 260515.860600000247359, 9661488.271299999207258 ], [ 260120.841599999926984, 9662023.937599999830127 ], [ 261261.627899999730289, 9663034.551000000908971 ], [ 261741.794400000013411, 9663172.105799999088049 ], [ 262187.352300000376999, 9663497.271099999547005 ], [ 262427.435899999924004, 9663566.046 ], [ 262466.193699999712408, 9663834.292899999767542 ], [ 262850.175400000065565, 9664220.466 ], [ 262888.027499999850988, 9664949.586500000208616 ], [ 263133.705299999564886, 9665012.817700000479817 ], [ 264043.649100000038743, 9665822.519099999219179 ], [ 264508.651100000366569, 9665465.470799999311566 ], [ 264957.157999999821186, 9665812.636099999770522 ], [ 265571.371700000017881, 9665970.67850000038743 ], [ 265727.870199999772012, 9666582.248099999502301 ], [ 266064.194500000216067, 9667015.637000000104308 ], [ 266187.640800000168383, 9668426.606000000610948 ], [ 266523.975599999539554, 9668859.988900000229478 ], [ 266647.443799999542534, 9670270.951899999752641 ], [ 267446.249200000427663, 9671166.070599999278784 ], [ 267571.489099999889731, 9671655.300000000745058 ], [ 267907.843100000172853, 9672088.668999999761581 ], [ 267970.465300000272691, 9672333.282600000500679 ], [ 268433.802799999713898, 9672334.154500000178814 ], [ 268518.014999999664724, 9673170.710400000214577 ], [ 269358.750599999912083, 9673257.606799999251962 ], [ 269632.045800000429153, 9673218.511900000274181 ], [ 270247.35080000013113, 9672605.708399999886751 ], [ 270327.426900000311434, 9672066.167199999094009 ], [ 271410.033099999651313, 9670996.234300000593066 ], [ 273069.663099999539554, 9670960.236700000241399 ], [ 273172.652599999681115, 9670564.047900000587106 ], [ 274216.253200000151992, 9669642.558700000867248 ], [ 274988.800699999555945, 9669446.865299999713898 ], [ 274864.548100000247359, 9668414.83699999935925 ], [ 274402.345499999821186, 9667819.3597 ], [ 274530.824300000444055, 9666570.837899999693036 ], [ 275332.925900000147521, 9665678.770300000905991 ], [ 275459.990100000053644, 9665190.036000000312924 ], [ 276388.492200000211596, 9664157.382999999448657 ], [ 276262.989099999889731, 9663809.005799999460578 ], [ 275464.244599999859929, 9662913.95549999922514 ], [ 275339.011800000444055, 9662424.749199999496341 ], [ 274414.402499999850988, 9661388.61710000038147 ], [ 274542.959300000220537, 9660119.021500000730157 ], [ 274880.905299999751151, 9659686.94539999961853 ], [ 274944.443500000052154, 9659442.579700000584126 ], [ 274907.423100000247359, 9658252.667999999597669 ], [ 274523.461400000378489, 9657866.546900000423193 ], [ 274485.572700000368059, 9657137.476299999281764 ], [ 274566.812400000169873, 9653537.345599999651313 ], [ 276260.055800000205636, 9653368.807399999350309 ], [ 276420.248800000175834, 9651835.788899999111891 ], [ 277209.978600000031292, 9650921.855599999427795 ], [ 276882.06900000013411, 9650459.8574 ], [ 277207.298999999649823, 9650005.346100000664592 ], [ 277387.125900000333786, 9649415.392899999395013 ], [ 278190.162899999879301, 9649176.511199999600649 ], [ 279063.739699999801815, 9648165.57740000076592 ], [ 279135.667200000025332, 9647929.597899999469519 ], [ 278672.452800000086427, 9647928.704299999400973 ], [ 278609.858900000341237, 9647684.101500000804663 ], [ 277348.982400000095367, 9646327.2652000002563 ], [ 277179.624400000087917, 9645665.414200000464916 ], [ 276593.282599999569356, 9645211.449300000444055 ], [ 275980.545800000429153, 9645682.001000000163913 ], [ 273682.673499999567866, 9645545.255999999120831 ], [ 273519.920800000429153, 9644909.051100000739098 ], [ 273183.70160000026226, 9644475.6579 ], [ 273121.124200000427663, 9644231.043299999088049 ], [ 272657.909400000236928, 9644230.115800000727177 ], [ 271925.240500000305474, 9644189.565199999138713 ], [ 271076.354700000025332, 9643344.301799999549985 ], [ 269611.014299999922514, 9643263.167099999263883 ], [ 269224.421699999831617, 9642879.67820000089705 ], [ 268685.5159, 9642800.4156 ], [ 268298.927099999971688, 9642416.920399999246001 ], [ 266912.666500000283122, 9642335.904100000858307 ], [ 266445.247600000351667, 9642795.806099999696016 ], [ 265058.643500000238419, 9642871.093100000172853 ], [ 264593.131599999964237, 9642409.250600000843406 ], [ 264323.674399999901652, 9642369.606799999251962 ], [ 264324.637699999846518, 9641908.734400000423193 ], [ 264079.018299999646842, 9641845.472699999809265 ], [ 263644.766400000080466, 9641509.182099999859929 ], [ 262690.298600000329316, 9641381.677400000393391 ], [ 262256.049999999813735, 9641045.377399999648333 ], [ 260258.341199999675155, 9640907.83500000089407 ], [ 260064.66399999987334, 9640150.30519999936223 ], [ 259450.61710000038147, 9639992.134700000286102 ], [ 259002.264700000174344, 9639644.867200000211596 ], [ 258552.421299999579787, 9639990.203500000759959 ], [ 257296.906700000166893, 9640112.992499999701977 ], [ 256700.195600000210106, 9639650.80379999987781 ], [ 256086.144199999980628, 9639492.609899999573827 ], [ 255929.803700000047684, 9638880.964500000700355 ], [ 255420.850200000219047, 9638271.058199999853969 ], [ 254141.400600000284612, 9638199.755400000140071 ] ] ] ] } },
{ "type": "Feature", "properties": { "OBJECTID": 46, "HYBAS_ID": 6090276500.0, "NEXT_DOWN": 6090275620.0, "NEXT_SINK": 6090008620.0, "MAIN_BAS": 6090008620.0, "DIST_SINK": 338.6, "DIST_MAIN": 338.6, "SUB_AREA": 349.1, "UP_AREA": 349.1, "PFAF_ID": 631022065, "ENDO": 0, "COAST": 0, "ORDER_": 3, "SORT": 32677.0, "Shape_Length": 115880.93014473061, "Shape_Area": 347878462.72127855, "ID_basin": 46, "HyLength": 1344.8862016741377, "HyDensity": 0.0038524382746323044, "COUNT_area": 293, "MEAN_area": 817.11463105802, "PropCount_km2": 0.83930105986823256, "AvgArea_km2": 0.02340631999593297, "SUM_area_swa": 97.273121900263973, "PctWater_swa": 0.27863970753441408, "CLASS_analyses": "1", "WatershedArea_m2": 347.87846272127854, "RdLength": 1.7822394820293239, "RdDensity": 0.0051231670626797629 }, "geometry": { "type": "MultiPolygon", "coordinates": [ [ [ [ 243894.603799999691546, 9663066.979299999773502 ], [ 243790.816100000403821, 9663425.208799999207258 ], [ 243041.923100000247359, 9663636.442600000649691 ], [ 242892.753100000321865, 9666069.412000000476837 ], [ 242565.802099999971688, 9666512.619799999520183 ], [ 242427.406000000424683, 9666990.28940000012517 ], [ 242023.242600000463426, 9667538.178400000557303 ], [ 242734.739299999549985, 9667742.134199999272823 ], [ 243291.551300000399351, 9668148.540200000628829 ], [ 243526.752700000070035, 9668973.295099999755621 ], [ 244720.1875, 9669148.647299999371171 ], [ 244895.234699999913573, 9670362.621899999678135 ], [ 246549.528699999675155, 9670526.712300000712276 ], [ 246726.619199999608099, 9671147.641699999570847 ], [ 247271.295400000177324, 9671827.878100000321865 ], [ 247807.269100000150502, 9671440.11629999987781 ], [ 248099.958899999968708, 9671304.107100000604987 ], [ 248733.384899999946356, 9671766.3202 ], [ 251642.359299999661744, 9671914.312999999150634 ], [ 251752.860999999567866, 9672301.663100000470877 ], [ 252925.580699999816716, 9672241.2697 ], [ 253524.393000000156462, 9671781.568 ], [ 253853.007000000216067, 9671907.728700000792742 ], [ 254287.42989999987185, 9672243.994599999859929 ], [ 254901.688400000333786, 9672402.076999999582767 ], [ 255121.077899999916553, 9673259.456299999728799 ], [ 255839.427400000393391, 9672707.976700000464916 ], [ 257094.784099999815226, 9672835.955800000578165 ], [ 258133.031299999915063, 9673759.773199999704957 ], [ 258483.330099999904633, 9673634.958699999377131 ], [ 258919.070700000040233, 9673300.42090000025928 ], [ 260555.107200000435114, 9673240.854100000113249 ], [ 260457.166400000452995, 9672858.133400000631809 ], [ 259268.315100000239909, 9672699.565300000831485 ], [ 258641.086900000460446, 9671948.496999999508262 ], [ 258770.643199999816716, 9670227.550799999386072 ], [ 259108.67960000038147, 9669795.46059999987483 ], [ 259172.246600000187755, 9669551.0777000002563 ], [ 259173.156000000424683, 9669090.193399999290705 ], [ 259174.066700000315905, 9668629.309000000357628 ], [ 258928.376500000245869, 9668566.073599999770522 ], [ 258493.973600000143051, 9668229.823699999600649 ], [ 257879.748700000345707, 9668071.747199999168515 ], [ 257723.256299999542534, 9667460.140699999406934 ], [ 256462.101400000043213, 9666103.065700000151992 ], [ 256338.783099999651313, 9664692.003499999642372 ], [ 255540.084099999628961, 9663796.721599999815226 ], [ 255414.914599999785423, 9663307.4386 ], [ 254913.644299999810755, 9662707.036699999123812 ], [ 253843.688699999824166, 9662564.184299999848008 ], [ 252946.934000000357628, 9661766.0304000005126 ], [ 252455.574799999594688, 9661639.508300000801682 ], [ 252021.212000000290573, 9661303.203400000929832 ], [ 250848.849499999545515, 9661238.005300000309944 ], [ 250913.409699999727309, 9660532.709499999880791 ], [ 251377.993700000457466, 9659938.9792 ], [ 251254.450500000268221, 9658689.787000000476837 ], [ 250455.838000000454485, 9657794.413100000470877 ], [ 250299.428299999795854, 9657182.758500000461936 ], [ 249511.841500000096858, 9656979.922900000587106 ], [ 248942.970900000073016, 9656246.526100000366569 ], [ 249070.820700000040233, 9655458.7642 ], [ 249535.418100000359118, 9654865.04839999973774 ], [ 249411.937699999660254, 9653615.835200000554323 ], [ 249075.713399999774992, 9653182.3277000002563 ], [ 248951.605499999597669, 9652232.0954 ], [ 248615.389700000174344, 9651798.582399999722838 ], [ 248558.868599999696016, 9648788.428999999538064 ], [ 247270.216699999757111, 9648716.621300000697374 ], [ 247107.438000000081956, 9648079.794600000604987 ], [ 246308.96889999974519, 9647184.314799999818206 ], [ 246183.899000000208616, 9646694.979900000616908 ], [ 245847.718999999575317, 9646261.439300000667572 ], [ 245708.245099999941885, 9645192.910800000652671 ], [ 245078.305499999783933, 9645030.581000000238419 ], [ 244644.041000000201166, 9644694.18720000050962 ], [ 243108.696399999782443, 9644554.823000000789762 ], [ 243009.547600000165403, 9644166.810599999502301 ], [ 241837.017900000326335, 9644226.903899999335408 ], [ 241281.668399999849498, 9644653.080399999395013 ], [ 241093.826700000092387, 9643917.9167 ], [ 240124.55460000038147, 9642849.842800000682473 ], [ 238597.358900000341237, 9642711.126900000497699 ], [ 238163.10950000025332, 9642374.687699999660254 ], [ 237523.729600000195205, 9642209.8739 ], [ 237457.382100000046194, 9640927.436799999326468 ], [ 237458.459599999710917, 9640466.488199999555945 ], [ 237212.818099999800324, 9640403.155200000852346 ], [ 236932.847799999639392, 9640138.711899999529123 ], [ 237459.538399999961257, 9640005.539599999785423 ], [ 237500.534300000406802, 9639276.471599999815226 ], [ 237886.158300000242889, 9638891.900299999862909 ], [ 237928.240000000223517, 9637701.886900000274181 ], [ 237658.576200000010431, 9637740.3399 ], [ 237270.243700000457466, 9638122.200899999588728 ], [ 237000.577600000426173, 9638160.653200000524521 ], [ 235610.699300000444055, 9638157.367000000551343 ], [ 235538.94440000038594, 9640360.697599999606609 ], [ 234773.037200000137091, 9640554.2949 ], [ 234613.895999999716878, 9641165.305700000375509 ], [ 233811.31900000013411, 9642057.198300000280142 ], [ 233684.386300000362098, 9642384.051300000399351 ], [ 234146.30379999987781, 9642979.910599999129772 ], [ 234271.315799999982119, 9643469.299900000914931 ], [ 234607.460699999704957, 9643902.913200000301003 ], [ 234668.891400000080466, 9644608.563300000503659 ], [ 234707.554100000299513, 9644876.871099999174476 ], [ 235091.402599999681115, 9645263.24860000051558 ], [ 235168.733099999837577, 9645799.861999999731779 ], [ 235590.167999999597669, 9646224.059299999848008 ], [ 235166.768099999986589, 9646646.296800000593066 ], [ 235086.060800000093877, 9647564.798900000751019 ], [ 235548.323900000192225, 9648030.049799999222159 ], [ 235625.667999999597669, 9648566.659600000828505 ], [ 236471.820299999788404, 9649415.036100000143051 ], [ 236505.242899999953806, 9651988.092199999839067 ], [ 238281.012500000186265, 9652072.876700000837445 ], [ 238350.350499999709427, 9655679.848099999129772 ], [ 238448.17949999962002, 9656062.650800000876188 ], [ 239521.718000000342727, 9656206.157700000330806 ], [ 240585.673200000077486, 9657170.419099999591708 ], [ 240724.588700000196695, 9658234.360400000587106 ], [ 241060.828300000168383, 9658667.9035 ], [ 241185.93099999986589, 9659157.249299999326468 ], [ 242446.901100000366569, 9660514.669299999251962 ], [ 242572.016200000420213, 9661004.00760000012815 ], [ 243833.026600000448525, 9662361.385700000450015 ], [ 243894.603799999691546, 9663066.979299999773502 ] ] ] ] } },
{ "type": "Feature", "properties": { "OBJECTID": 47, "HYBAS_ID": 6090276610.0, "NEXT_DOWN": 6090275620.0, "NEXT_SINK": 6090008620.0, "MAIN_BAS": 6090008620.0, "DIST_SINK": 338.6, "DIST_MAIN": 338.6, "SUB_AREA": 135.8, "UP_AREA": 135.9, "PFAF_ID": 631022064, "ENDO": 0, "COAST": 0, "ORDER_": 4, "SORT": 32678.0, "Shape_Length": 64621.315947781848, "Shape_Area": 135291636.49159169, "ID_basin": 47, "HyLength": 1129.7172043080297, "HyDensity": 0.0083189779404125898, "COUNT_area": 318, "MEAN_area": 554.05512672956002, "PropCount_km2": 2.3416789396170836, "AvgArea_km2": 0.040799346592751105, "SUM_area_swa": 12.24873903874, "PctWater_swa": 0.090196900137997041, "CLASS_analyses": "1", "WatershedArea_m2": 135.2916364915917, "RdLength": 0.20514964189210477, "RdDensity": 0.0015163512484000052 }, "geometry": { "type": "MultiPolygon", "coordinates": [ [ [ [ 249486.471699999645352, 9648329.53999999910593 ], [ 249216.809000000357628, 9648368.035800000652671 ], [ 248828.533599999733269, 9648749.933900000527501 ], [ 248558.868599999696016, 9648788.428999999538064 ], [ 248615.389700000174344, 9651798.582399999722838 ], [ 248951.605499999597669, 9652232.0954 ], [ 249075.713399999774992, 9653182.3277000002563 ], [ 249411.937699999660254, 9653615.835200000554323 ], [ 249535.418100000359118, 9654865.04839999973774 ], [ 249070.820700000040233, 9655458.7642 ], [ 248942.970900000073016, 9656246.526100000366569 ], [ 249511.841500000096858, 9656979.922900000587106 ], [ 250299.428299999795854, 9657182.758500000461936 ], [ 250455.838000000454485, 9657794.413100000470877 ], [ 251254.450500000268221, 9658689.787000000476837 ], [ 251377.993700000457466, 9659938.9792 ], [ 250913.409699999727309, 9660532.709499999880791 ], [ 250848.849499999545515, 9661238.005300000309944 ], [ 252021.212000000290573, 9661303.203400000929832 ], [ 252455.574799999594688, 9661639.508300000801682 ], [ 252946.934000000357628, 9661766.0304000005126 ], [ 253843.688699999824166, 9662564.184299999848008 ], [ 254913.644299999810755, 9662707.036699999123812 ], [ 255414.914599999785423, 9663307.4386 ], [ 255540.084099999628961, 9663796.721599999815226 ], [ 256338.783099999651313, 9664692.003499999642372 ], [ 256462.101400000043213, 9666103.065700000151992 ], [ 257723.256299999542534, 9667460.140699999406934 ], [ 257879.748700000345707, 9668071.747199999168515 ], [ 258493.973600000143051, 9668229.823699999600649 ], [ 258928.376500000245869, 9668566.073599999770522 ], [ 259174.066700000315905, 9668629.309000000357628 ], [ 259173.156000000424683, 9669090.193399999290705 ], [ 259990.337299999780953, 9669012.477299999445677 ], [ 260230.50719999987632, 9668183.112299999222159 ], [ 260788.895600000396371, 9667779.0274 ], [ 261867.799200000241399, 9667625.007799999788404 ], [ 262026.877100000157952, 9666552.449400000274181 ], [ 262353.755499999970198, 9666109.241900000721216 ], [ 262492.019899999722838, 9665631.6085 ], [ 262818.895700000226498, 9665188.402599999681115 ], [ 262888.027499999850988, 9664949.586500000208616 ], [ 262850.175400000065565, 9664220.466 ], [ 262466.193699999712408, 9663834.292899999767542 ], [ 262427.435899999924004, 9663566.046 ], [ 262187.352300000376999, 9663497.271099999547005 ], [ 261741.794400000013411, 9663172.105799999088049 ], [ 261261.627899999730289, 9663034.551000000908971 ], [ 260120.841599999926984, 9662023.937599999830127 ], [ 260515.860600000247359, 9661488.271299999207258 ], [ 260184.572499999776483, 9661035.235400000587106 ], [ 260049.333800000138581, 9659984.808000000193715 ], [ 261562.299700000323355, 9659768.856300000101328 ], [ 259615.703099999576807, 9657688.278200000524521 ], [ 258812.964499999769032, 9657458.182499999180436 ], [ 258667.64809999987483, 9655945.369200000539422 ], [ 258342.616399999707937, 9655500.8388 ], [ 258206.25, 9655022.63910000026226 ], [ 257800.109299999661744, 9654467.1392 ], [ 257109.700000000186265, 9654269.240800000727177 ], [ 255893.75069999974221, 9653103.623099999502301 ], [ 256814.290400000289083, 9652843.897600000724196 ], [ 256892.229899999685585, 9651571.726500000804663 ], [ 255725.611100000329316, 9651500.970000000670552 ], [ 255174.886699999682605, 9651098.958499999716878 ], [ 254929.020999999716878, 9651947.696100000292063 ], [ 253566.14919999986887, 9652093.903300000354648 ], [ 252383.371199999935925, 9651068.44789999909699 ], [ 252193.099200000055134, 9650400.985200000926852 ], [ 251710.831699999980628, 9649798.457100000232458 ], [ 250036.180100000463426, 9649632.159199999645352 ], [ 249864.116200000047684, 9648437.865399999544024 ], [ 249486.471699999645352, 9648329.53999999910593 ] ] ] ] } },
{ "type": "Feature", "properties": { "OBJECTID": 48, "HYBAS_ID": 6090275020.0, "NEXT_DOWN": 6090275190.0, "NEXT_SINK": 6090008620.0, "MAIN_BAS": 6090008620.0, "DIST_SINK": 348.2, "DIST_MAIN": 348.2, "SUB_AREA": 248.7, "UP_AREA": 248.7, "PFAF_ID": 631022080, "ENDO": 0, "COAST": 0, "ORDER_": 3, "SORT": 32685.0, "Shape_Length": 110725.23294784276, "Shape_Area": 247863532.0590145, "ID_basin": 48, "HyLength": 2459.494918657233, "HyDensity": 0.0098894045784368046, "COUNT_area": 405, "MEAN_area": 374.76471037036998, "PropCount_km2": 1.6284680337756334, "AvgArea_km2": 0.015068946938897066, "SUM_area_swa": 170.60793457400399, "PctWater_swa": 0.68599893274629675, "CLASS_analyses": "1", "WatershedArea_m2": 247.86353205901449, "RdLength": 0.76054827725936458, "RdDensity": 0.003068415393508891 }, "geometry": { "type": "MultiPolygon", "coordinates": [ [ [ [ 220277.222699999809265, 9656099.113800000399351 ], [ 220031.222799999639392, 9656161.292500000447035 ], [ 219456.816200000233948, 9656601.980900000780821 ], [ 219284.509399999864399, 9657263.32799999974668 ], [ 218838.789099999703467, 9657832.63399999961257 ], [ 218024.823200000450015, 9658038.348300000652671 ], [ 217952.408400000073016, 9659320.622899999842048 ], [ 219704.397199999541044, 9659392.010500000789762 ], [ 219898.827399999834597, 9660153.119200000539422 ], [ 220651.790599999949336, 9660347.2017 ], [ 220791.183699999935925, 9661415.920099999755621 ], [ 221234.220499999821186, 9661987.316299999132752 ], [ 221899.088000000454485, 9662158.7018 ], [ 222333.456299999728799, 9662495.179700000211596 ], [ 222967.435200000181794, 9662658.605499999597669 ], [ 223102.3136, 9664025.316199999302626 ], [ 222637.503499999642372, 9664619.057900000363588 ], [ 222493.141499999910593, 9665687.102600000798702 ], [ 221862.263799999840558, 9665846.594799999147654 ], [ 221426.328200000338256, 9666181.059800000861287 ], [ 220470.846099999733269, 9666304.384600000455976 ], [ 219856.008100000210106, 9666812.02449999935925 ], [ 219718.115100000053644, 9670031.6042 ], [ 220770.308000000193715, 9671211.571900000795722 ], [ 221537.318099999800324, 9671409.185499999672174 ], [ 221724.96100000012666, 9672143.349500000476837 ], [ 222339.307099999859929, 9672301.627900000661612 ], [ 223943.074199999682605, 9673800.561300000175834 ], [ 223077.963000000454485, 9674761.918400000780821 ], [ 223014.315299999900162, 9675006.341099999845028 ], [ 223108.151300000026822, 9675373.415999999269843 ], [ 223722.512799999676645, 9675531.6722999997437 ], [ 224156.959300000220537, 9675868.098999999463558 ], [ 227429.289499999955297, 9676000.8277000002563 ], [ 227863.737800000235438, 9676337.231499999761581 ], [ 229745.61809999961406, 9676466.8454 ], [ 230194.188699999824166, 9676814.181600000709295 ], [ 230644.255099999718368, 9676468.788699999451637 ], [ 232063.18819999974221, 9676346.324200000613928 ], [ 232499.076399999670684, 9676011.816199999302626 ], [ 232849.462299999780953, 9675887.048900000751019 ], [ 233900.869500000029802, 9676822.88399999961257 ], [ 234351.896900000050664, 9676476.737999999895692 ], [ 234681.081399999558926, 9676351.92090000025928 ], [ 235416.083300000056624, 9676921.009700000286102 ], [ 235585.4222999997437, 9677583.051300000399351 ], [ 235921.763000000268221, 9678016.579500000923872 ], [ 235984.346499999985099, 9678261.254699999466538 ], [ 236822.104500000365078, 9678344.378799999132752 ], [ 237304.566800000146031, 9678946.933299999684095 ], [ 237480.057099999859929, 9679562.23450000025332 ], [ 238538.832100000232458, 9679717.747199999168515 ], [ 239172.32880000025034, 9680180.002499999478459 ], [ 239718.862200000323355, 9679926.0152000002563 ], [ 240084.252999999560416, 9679430.680700000375509 ], [ 240222.635900000110269, 9678952.996500000357628 ], [ 240549.597799999639392, 9678509.7631 ], [ 240772.02419999986887, 9677741.99239999987185 ], [ 241526.773599999956787, 9677930.619899999350309 ], [ 241939.941800000146031, 9678495.598500000312924 ], [ 242075.409199999645352, 9679434.775100000202656 ], [ 242400.544300000183284, 9679879.343900000676513 ], [ 242596.729799999855459, 9680567.05460000038147 ], [ 243162.162499999627471, 9680979.621899999678135 ], [ 243806.088899999856949, 9680513.809299999848008 ], [ 244098.250500000081956, 9680651.0143 ], [ 244543.945899999700487, 9680976.230100000277162 ], [ 245622.432599999941885, 9681134.557399999350309 ], [ 245819.209599999710917, 9682498.17879999987781 ], [ 246411.996899999678135, 9682362.751700000837445 ], [ 246858.993400000035763, 9682039.333599999547005 ], [ 248953.104799999855459, 9681975.187699999660254 ], [ 248993.846099999733269, 9681246.16330000013113 ], [ 249379.437800000421703, 9680861.482799999415874 ], [ 249460.010999999940395, 9679864.348899999633431 ], [ 249924.348899999633431, 9679401.13370000012219 ], [ 249848.338700000196695, 9678018.472999999299645 ], [ 248306.88910000026226, 9676482.001199999824166 ], [ 248037.325199999846518, 9676442.372199999168515 ], [ 248038.256799999624491, 9675981.457100000232458 ], [ 247574.849100000225008, 9675980.518899999558926 ], [ 244988.223299999721348, 9675936.164799999445677 ], [ 244601.470700000412762, 9675552.616900000721216 ], [ 244062.336900000460446, 9675473.337099999189377 ], [ 243675.58739999961108, 9675089.782999999821186 ], [ 243136.453200000338256, 9675010.497099999338388 ], [ 242749.706899999640882, 9674626.936599999666214 ], [ 241747.152900000102818, 9674546.680600000545382 ], [ 241360.410000000149012, 9674163.11119999922812 ], [ 240821.273900000378489, 9674083.810900000855327 ], [ 240434.534099999815226, 9673700.235200000926852 ], [ 239895.397599999792874, 9673620.92879999987781 ], [ 239508.661000000312924, 9673237.346699999645352 ], [ 238969.524100000038743, 9673158.034199999645352 ], [ 238582.790599999949336, 9672774.445699999108911 ], [ 237580.228400000371039, 9672694.141799999400973 ], [ 237193.498399999924004, 9672310.544399999082088 ], [ 236654.359400000423193, 9672231.217299999669194 ], [ 235342.763299999758601, 9670923.717199999839067 ], [ 234340.197999999858439, 9670843.372999999672174 ], [ 233724.14809999987483, 9670231.025000000372529 ], [ 233684.913900000043213, 9669959.120300000533462 ], [ 233324.743999999947846, 9669855.849600000306964 ], [ 233154.319099999964237, 9669258.005699999630451 ], [ 232829.256199999712408, 9668813.362800000235438 ], [ 232673.961600000038743, 9667735.453099999576807 ], [ 231320.815200000070035, 9667580.800300000235438 ], [ 230685.373200000263751, 9668040.3619 ], [ 229899.448300000280142, 9668175.244599999859929 ], [ 228833.399000000208616, 9667250.922499999403954 ], [ 228353.188000000081956, 9667113.22069999948144 ], [ 227328.202600000426173, 9666224.449200000613928 ], [ 227137.951299999840558, 9665556.85869999974966 ], [ 226806.696000000461936, 9665103.6436 ], [ 227140.0, 9664651.933800000697374 ], [ 227281.286399999633431, 9662937.570900000631809 ], [ 225432.132299999706447, 9660960.160700000822544 ], [ 225295.847299999557436, 9660481.827600000426173 ], [ 224970.846199999563396, 9660037.120300000533462 ], [ 224834.566800000146031, 9659558.784299999475479 ], [ 224047.232300000265241, 9658652.004799999296665 ], [ 223980.174300000071526, 9657951.845499999821186 ], [ 222344.232400000095367, 9657885.243300000205636 ], [ 221206.73369999974966, 9656854.014599999412894 ], [ 221696.598699999973178, 9656228.317199999466538 ], [ 221204.050699999555945, 9656101.3191 ], [ 220277.222699999809265, 9656099.113800000399351 ] ] ] ] } },
{ "type": "Feature", "properties": { "OBJECTID": 49, "HYBAS_ID": 6090275180.0, "NEXT_DOWN": 6090275190.0, "NEXT_SINK": 6090008620.0, "MAIN_BAS": 6090008620.0, "DIST_SINK": 348.4, "DIST_MAIN": 348.4, "SUB_AREA": 580.2, "UP_AREA": 581.1, "PFAF_ID": 631022090, "ENDO": 0, "COAST": 0, "ORDER_": 2, "SORT": 32686.0, "Shape_Length": 144212.75144971799, "Shape_Area": 578204970.04582787, "ID_basin": 49, "HyLength": 1443.8091645889008, "HyDensity": 0.0024884680534107218, "COUNT_area": 1648, "MEAN_area": 254.25319623786365, "PropCount_km2": 2.8403998621165112, "AvgArea_km2": 0.0043821647059266401, "SUM_area_swa": 269.60827541578368, "PctWater_swa": 0.46468161912406697, "CLASS_analyses": "1", "WatershedArea_m2": 578.20497004582785, "RdLength": 0.39412172765860387, "RdDensity": 0.00068162978195667574 }, "geometry": { "type": "MultiPolygon", "coordinates": [ [ [ [ 228207.9693, 9633990.753900000825524 ], [ 228142.267799999564886, 9632717.2314 ], [ 227531.568400000222027, 9632207.917899999767542 ], [ 226577.011300000362098, 9632080.017899999395013 ], [ 225680.685499999672174, 9631281.329900000244379 ], [ 225066.610799999907613, 9631122.899399999529123 ], [ 224972.917100000195205, 9630755.799900000914931 ], [ 224731.165199999697506, 9630822.119000000879169 ], [ 224118.112099999561906, 9631312.5921 ], [ 223970.323300000280142, 9634220.627299999818206 ], [ 223640.471900000236928, 9634660.987600000575185 ], [ 223504.700500000268221, 9635141.450899999588728 ], [ 223167.450000000186265, 9635591.698799999430776 ], [ 223502.448099999688566, 9636043.626199999824166 ], [ 223634.674300000071526, 9636985.752399999648333 ], [ 223962.334800000302494, 9637427.751199999824166 ], [ 224092.298600000329316, 9639291.851800000295043 ], [ 224419.973699999973178, 9639733.842499999329448 ], [ 224552.678100000135601, 9640495.359099999070168 ], [ 224087.811700000427663, 9641116.001900000497699 ], [ 223932.056800000369549, 9642187.292700000107288 ], [ 223030.688000000081956, 9642342.7248 ], [ 222406.855399999767542, 9641880.194399999454618 ], [ 221460.60869999974966, 9641744.00139999948442 ], [ 221017.93680000025779, 9641415.762700000777841 ], [ 220776.489699999801815, 9641348.23450000025332 ], [ 220391.681599999777973, 9641445.46000000089407 ], [ 220247.153800000436604, 9642513.499600000679493 ], [ 219908.89159999974072, 9642945.528799999505281 ], [ 219781.855600000359118, 9643293.48200000077486 ], [ 220706.033099999651313, 9644330.509700000286102 ], [ 220828.742300000041723, 9645741.955900000408292 ], [ 221627.127700000070035, 9646637.771500000730157 ], [ 221688.498100000433624, 9647343.488700000569224 ], [ 221742.078599999658763, 9651276.178999999538064 ], [ 222540.538800000213087, 9652171.951400000602007 ], [ 222665.551500000059605, 9652661.382999999448657 ], [ 223013.425099999643862, 9653110.114299999549985 ], [ 222070.665699999779463, 9654157.641100000590086 ], [ 221275.762400000356138, 9654358.558399999514222 ], [ 221204.050699999555945, 9656101.3191 ], [ 221696.598699999973178, 9656228.317199999466538 ], [ 221206.73369999974966, 9656854.014599999412894 ], [ 222344.232400000095367, 9657885.243300000205636 ], [ 223980.174300000071526, 9657951.845499999821186 ], [ 224047.232300000265241, 9658652.004799999296665 ], [ 224834.566800000146031, 9659558.784299999475479 ], [ 224970.846199999563396, 9660037.120300000533462 ], [ 225295.847299999557436, 9660481.827600000426173 ], [ 225432.132299999706447, 9660960.160700000822544 ], [ 227281.286399999633431, 9662937.570900000631809 ], [ 227140.0, 9664651.933800000697374 ], [ 226806.696000000461936, 9665103.6436 ], [ 227137.951299999840558, 9665556.85869999974966 ], [ 227328.202600000426173, 9666224.449200000613928 ], [ 228353.188000000081956, 9667113.22069999948144 ], [ 228833.399000000208616, 9667250.922499999403954 ], [ 229899.448300000280142, 9668175.244599999859929 ], [ 230685.373200000263751, 9668040.3619 ], [ 231320.815200000070035, 9667580.800300000235438 ], [ 232673.961600000038743, 9667735.453099999576807 ], [ 232829.256199999712408, 9668813.362800000235438 ], [ 233154.319099999964237, 9669258.005699999630451 ], [ 233324.743999999947846, 9669855.849600000306964 ], [ 233684.913900000043213, 9669959.120300000533462 ], [ 233724.14809999987483, 9670231.025000000372529 ], [ 234340.197999999858439, 9670843.372999999672174 ], [ 235342.763299999758601, 9670923.717199999839067 ], [ 236654.359400000423193, 9672231.217299999669194 ], [ 237193.498399999924004, 9672310.544399999082088 ], [ 237580.228400000371039, 9672694.141799999400973 ], [ 238582.790599999949336, 9672774.445699999108911 ], [ 238969.524100000038743, 9673158.034199999645352 ], [ 239508.661000000312924, 9673237.346699999645352 ], [ 239895.397599999792874, 9673620.92879999987781 ], [ 240434.534099999815226, 9673700.235200000926852 ], [ 240821.273900000378489, 9674083.810900000855327 ], [ 241360.410000000149012, 9674163.11119999922812 ], [ 241747.152900000102818, 9674546.680600000545382 ], [ 242749.706899999640882, 9674626.936599999666214 ], [ 243136.453200000338256, 9675010.497099999338388 ], [ 243675.58739999961108, 9675089.782999999821186 ], [ 244062.336900000460446, 9675473.337099999189377 ], [ 244601.470700000412762, 9675552.616900000721216 ], [ 244988.223299999721348, 9675936.164799999445677 ], [ 247574.849100000225008, 9675980.518899999558926 ], [ 247575.783699999563396, 9675519.60249999910593 ], [ 247944.74210000038147, 9675426.239199999719858 ], [ 248135.506199999712408, 9674693.01490000076592 ], [ 248750.429999999701977, 9674537.397399999201298 ], [ 250114.877700000070035, 9673282.926000000908971 ], [ 250606.80449999962002, 9673158.415100000798702 ], [ 251506.901600000448525, 9672363.919199999421835 ], [ 251752.860999999567866, 9672301.663100000470877 ], [ 251642.359299999661744, 9671914.312999999150634 ], [ 248733.384899999946356, 9671766.3202 ], [ 248099.958899999968708, 9671304.107100000604987 ], [ 247807.269100000150502, 9671440.11629999987781 ], [ 247271.295400000177324, 9671827.878100000321865 ], [ 246726.619199999608099, 9671147.641699999570847 ], [ 246549.528699999675155, 9670526.712300000712276 ], [ 244895.234699999913573, 9670362.621899999678135 ], [ 244720.1875, 9669148.647299999371171 ], [ 243526.752700000070035, 9668973.295099999755621 ], [ 243291.551300000399351, 9668148.540200000628829 ], [ 242734.739299999549985, 9667742.134199999272823 ], [ 242023.242600000463426, 9667538.178400000557303 ], [ 242427.406000000424683, 9666990.28940000012517 ], [ 242565.802099999971688, 9666512.619799999520183 ], [ 242892.753100000321865, 9666069.412000000476837 ], [ 243041.923100000247359, 9663636.442600000649691 ], [ 243790.816100000403821, 9663425.208799999207258 ], [ 243894.603799999691546, 9663066.979299999773502 ], [ 243833.026600000448525, 9662361.385700000450015 ], [ 242572.016200000420213, 9661004.00760000012815 ], [ 242446.901100000366569, 9660514.669299999251962 ], [ 241185.93099999986589, 9659157.249299999326468 ], [ 241060.828300000168383, 9658667.9035 ], [ 240724.588700000196695, 9658234.360400000587106 ], [ 240585.673200000077486, 9657170.419099999591708 ], [ 239521.718000000342727, 9656206.157700000330806 ], [ 238448.17949999962002, 9656062.650800000876188 ], [ 238350.350499999709427, 9655679.848099999129772 ], [ 238281.012500000186265, 9652072.876700000837445 ], [ 236505.242899999953806, 9651988.092199999839067 ], [ 236471.820299999788404, 9649415.036100000143051 ], [ 235625.667999999597669, 9648566.659600000828505 ], [ 235548.323900000192225, 9648030.049799999222159 ], [ 235086.060800000093877, 9647564.798900000751019 ], [ 235166.768099999986589, 9646646.296800000593066 ], [ 235590.167999999597669, 9646224.059299999848008 ], [ 235168.733099999837577, 9645799.861999999731779 ], [ 235091.402599999681115, 9645263.24860000051558 ], [ 234707.554100000299513, 9644876.871099999174476 ], [ 234668.891400000080466, 9644608.563300000503659 ], [ 234607.460699999704957, 9643902.913200000301003 ], [ 234271.315799999982119, 9643469.299900000914931 ], [ 234146.30379999987781, 9642979.910599999129772 ], [ 233684.386300000362098, 9642384.051300000399351 ], [ 233811.31900000013411, 9642057.198300000280142 ], [ 234613.895999999716878, 9641165.305700000375509 ], [ 234773.037200000137091, 9640554.2949 ], [ 235538.94440000038594, 9640360.697599999606609 ], [ 235610.699300000444055, 9638157.367000000551343 ], [ 235552.415900000371039, 9637908.519099999219179 ], [ 235207.877000000327826, 9637483.205399999395013 ], [ 235091.315299999900162, 9636985.506899999454618 ], [ 234746.78249999973923, 9636560.188300000503659 ], [ 234631.330299999564886, 9635601.5296 ], [ 234286.806499999947846, 9635176.2051 ], [ 234143.500599999912083, 9634564.246300000697374 ], [ 233655.376799999736249, 9634411.666500000283122 ], [ 232943.133200000040233, 9634982.851099999621511 ], [ 229809.05559999961406, 9634858.0417 ], [ 228921.116600000299513, 9634051.107100000604987 ], [ 228207.9693, 9633990.753900000825524 ] ] ] ] } },
{ "type": "Feature", "properties": { "OBJECTID": 50, "HYBAS_ID": 6090285480.0, "NEXT_DOWN": 6090282920.0, "NEXT_SINK": 6090008620.0, "MAIN_BAS": 6090008620.0, "DIST_SINK": 366.5, "DIST_MAIN": 366.5, "SUB_AREA": 592.8, "UP_AREA": 2232.3, "PFAF_ID": 631024001, "ENDO": 0, "COAST": 0, "ORDER_": 2, "SORT": 32690.0, "Shape_Length": 118989.87400776446, "Shape_Area": 590469635.01588678, "ID_basin": 50, "HyLength": 1348.2430676113959, "HyDensity": 0.0022743641491420308, "COUNT_area": 460, "MEAN_area": 1357.6773341304333, "PropCount_km2": 0.77597840755735503, "AvgArea_km2": 0.022902789037288013, "SUM_area_swa": 35.019629749917002, "PctWater_swa": 0.059074948970845156, "CLASS_analyses": "1", "WatershedArea_m2": 590.46963501588675, "RdLength": 0.44056733115105223, "RdDensity": 0.00074613037660979577 }, "geometry": { "type": "MultiPolygon", "coordinates": [ [ [ [ 291672.013100000098348, 9631824.891200000420213 ], [ 291711.794300000183284, 9631556.838500000536442 ], [ 292097.098500000312924, 9631172.216700000688434 ], [ 292136.879300000146031, 9630904.1645 ], [ 292043.017799999564886, 9630537.269500000402331 ], [ 291674.646099999547005, 9630442.47859999909997 ], [ 291575.286700000055134, 9630824.7566 ], [ 290501.729299999773502, 9630963.781500000506639 ], [ 290066.235999999567866, 9631298.278200000524521 ], [ 289274.192099999636412, 9631422.233999999240041 ], [ 288677.524799999780953, 9630960.270700000226498 ], [ 287723.259600000455976, 9630832.942700000479817 ], [ 287289.057099999859929, 9630496.761499999091029 ], [ 286675.10869999974966, 9630338.732599999755621 ], [ 286481.362099999561906, 9629581.348300000652671 ], [ 284484.111299999989569, 9629444.13289999961853 ], [ 284049.919300000183284, 9629107.9298 ], [ 283558.778099999763072, 9628981.471599999815226 ], [ 282023.553600000217557, 9627546.712899999693036 ], [ 281957.408400000073016, 9626276.034600000828505 ], [ 279372.414800000376999, 9626231.704500000923872 ], [ 278523.730200000107288, 9625386.445699999108911 ], [ 277328.088800000026822, 9625344.901799999177456 ], [ 277266.495000000111759, 9624639.447699999436736 ], [ 276930.378999999724329, 9624206.035299999639392 ], [ 276805.28940000012517, 9623716.804500000551343 ], [ 276469.17949999962002, 9623283.387800000607967 ], [ 276329.628600000403821, 9622215.068099999800324 ], [ 275699.893299999646842, 9622052.856200000271201 ], [ 274803.610500000417233, 9621254.760199999436736 ], [ 271779.35190000012517, 9621185.578700000420213 ], [ 271680.195000000298023, 9620797.643400000408292 ], [ 270854.100599999539554, 9620722.7331000007689 ], [ 268640.385900000110269, 9620651.744599999859929 ], [ 268476.962899999693036, 9620012.223500000312924 ], [ 267968.13329999987036, 9619402.362199999392033 ], [ 266689.000599999912083, 9619331.069199999794364 ], [ 266605.457999999634922, 9620163.8498 ], [ 265520.438900000415742, 9620318.535199999809265 ], [ 264962.184299999848008, 9620722.480000000447035 ], [ 264832.406600000336766, 9621170.466099999845028 ], [ 264586.564299999736249, 9621232.670700000599027 ], [ 263543.014399999752641, 9622153.841399999335408 ], [ 263344.54009999986738, 9622916.5822 ], [ 262606.954800000414252, 9623103.156300000846386 ], [ 262447.973500000312924, 9623714.086300000548363 ], [ 261944.325000000186265, 9624312.32660000026226 ], [ 260874.19400000013411, 9624450.600299999117851 ], [ 259974.356100000441074, 9625244.870500000193715 ], [ 259343.865000000223517, 9625404.369300000369549 ], [ 259199.660400000400841, 9626472.18019999936223 ], [ 258754.26410000026226, 9627041.411499999463558 ], [ 258334.851099999621511, 9627147.521800000220537 ], [ 258333.822499999776483, 9627608.411599999293685 ], [ 258293.947300000116229, 9627876.501299999654293 ], [ 256285.241799999959767, 9629869.115599999204278 ], [ 254353.490600000135601, 9629943.059900000691414 ], [ 253965.265300000086427, 9630324.921 ], [ 253695.650600000284612, 9630363.396800000220537 ], [ 253757.126400000415742, 9631068.958100000396371 ], [ 254185.455400000326335, 9631621.407700000330806 ], [ 253295.570899999700487, 9631846.52170000039041 ], [ 253156.235799999907613, 9636219.563400000333786 ], [ 254077.714900000020862, 9636457.0504 ], [ 254141.400600000284612, 9638199.755400000140071 ], [ 255420.850200000219047, 9638271.058199999853969 ], [ 255929.803700000047684, 9638880.964500000700355 ], [ 256086.144199999980628, 9639492.609899999573827 ], [ 256700.195600000210106, 9639650.80379999987781 ], [ 257296.906700000166893, 9640112.992499999701977 ], [ 258552.421299999579787, 9639990.203500000759959 ], [ 259002.264700000174344, 9639644.867200000211596 ], [ 259450.61710000038147, 9639992.134700000286102 ], [ 260064.66399999987334, 9640150.30519999936223 ], [ 260258.341199999675155, 9640907.83500000089407 ], [ 262256.049999999813735, 9641045.377399999648333 ], [ 262690.298600000329316, 9641381.677400000393391 ], [ 263644.766400000080466, 9641509.182099999859929 ], [ 264079.018299999646842, 9641845.472699999809265 ], [ 264324.637699999846518, 9641908.734400000423193 ], [ 264323.674399999901652, 9642369.606799999251962 ], [ 264593.131599999964237, 9642409.250600000843406 ], [ 265058.643500000238419, 9642871.093100000172853 ], [ 266445.247600000351667, 9642795.806099999696016 ], [ 266912.666500000283122, 9642335.904100000858307 ], [ 268298.927099999971688, 9642416.920399999246001 ], [ 268685.5159, 9642800.4156 ], [ 269224.421699999831617, 9642879.67820000089705 ], [ 269611.014299999922514, 9643263.167099999263883 ], [ 271076.354700000025332, 9643344.301799999549985 ], [ 271925.240500000305474, 9644189.565199999138713 ], [ 272657.909400000236928, 9644230.115800000727177 ], [ 273121.124200000427663, 9644231.043299999088049 ], [ 273183.70160000026226, 9644475.6579 ], [ 273519.920800000429153, 9644909.051100000739098 ], [ 273682.673499999567866, 9645545.255999999120831 ], [ 275980.545800000429153, 9645682.001000000163913 ], [ 276593.282599999569356, 9645211.449300000444055 ], [ 277179.624400000087917, 9645665.414200000464916 ], [ 277348.982400000095367, 9646327.2652000002563 ], [ 278609.858900000341237, 9647684.101500000804663 ], [ 278672.452800000086427, 9647928.704299999400973 ], [ 279135.667200000025332, 9647929.597899999469519 ], [ 279598.880499999970198, 9647930.48960000090301 ], [ 279645.806599999777973, 9643975.762299999594688 ], [ 280031.194600000046194, 9643591.132999999448657 ], [ 280071.890100000426173, 9642862.23450000025332 ], [ 280537.952399999834597, 9642723.593499999493361 ], [ 280928.13150000013411, 9642178.351600000634789 ], [ 281088.91330000013113, 9640639.6733 ], [ 283556.083800000138581, 9640493.7358 ], [ 284008.410400000400841, 9640175.990800000727177 ], [ 284707.599200000055134, 9639968.000399999320507 ], [ 284176.103699999861419, 9639219.152799999341369 ], [ 284467.286500000394881, 9638668.137199999764562 ], [ 285402.338800000026822, 9637874.565300000831485 ], [ 286105.807300000451505, 9637665.2719 ], [ 286495.944899999536574, 9637120.037000000476837 ], [ 286661.671500000171363, 9635533.782299999147654 ], [ 287260.25690000038594, 9635113.231899999082088 ], [ 287963.700600000098348, 9634903.938999999314547 ], [ 288353.823499999940395, 9634358.708200000226498 ], [ 288519.18099999986589, 9633292.682199999690056 ], [ 289591.193500000052154, 9633132.246200000867248 ], [ 290043.470800000242889, 9632814.504000000655651 ], [ 291555.92090000025928, 9632663.893999999389052 ], [ 291671.137600000016391, 9632285.69539999961853 ], [ 291672.013100000098348, 9631824.891200000420213 ] ] ] ] } },
{ "type": "Feature", "properties": { "OBJECTID": 51, "HYBAS_ID": 6090290050.0, "NEXT_DOWN": 6090286840.0, "NEXT_SINK": 6090008620.0, "MAIN_BAS": 6090008620.0, "DIST_SINK": 394.5, "DIST_MAIN": 394.5, "SUB_AREA": 130.2, "UP_AREA": 130.3, "PFAF_ID": 631025004, "ENDO": 0, "COAST": 0, "ORDER_": 2, "SORT": 32694.0, "Shape_Length": 51391.791575512572, "Shape_Area": 129669100.27806357, "ID_basin": 51, "HyLength": 8056.8227850387066, "HyDensity": 0.061880359332094521, "COUNT_area": 40, "MEAN_area": 4083.0847725, "PropCount_km2": 0.30721966205837176, "AvgArea_km2": 0.31360098099078343, "SUM_area_swa": 11.245089842300001, "PctWater_swa": 0.086367817529185875, "CLASS_analyses": "1", "WatershedArea_m2": 129.66910027806355, "RdLength": 0.093229263892942865, "RdDensity": 0.00071897825845186874 }, "geometry": { "type": "MultiPolygon", "coordinates": [ [ [ [ 271340.325699999928474, 9610124.04109999909997 ], [ 269218.486800000071526, 9610158.411000000312924 ], [ 268830.376400000415742, 9610540.2489 ], [ 266438.953599999658763, 9610613.046700000762939 ], [ 266050.826000000350177, 9610994.881400000303984 ], [ 265511.732599999755621, 9611071.826500000432134 ], [ 265123.598799999803305, 9611453.660700000822544 ], [ 263464.755199999548495, 9611488.976800000295043 ], [ 263095.997299999929965, 9611582.240199999883771 ], [ 263000.603400000371039, 9611948.7993 ], [ 262631.842699999921024, 9612042.062300000339746 ], [ 262536.447499999776483, 9612408.622199999168515 ], [ 262602.836099999956787, 9613690.863500000908971 ], [ 263364.749499999918044, 9613887.251199999824166 ], [ 263520.978600000031292, 9614498.8849 ], [ 263857.010700000450015, 9614932.392000000923872 ], [ 263979.943799999542534, 9616343.432 ], [ 264944.028400000184774, 9617405.963899999856949 ], [ 266131.144899999722838, 9617564.702600000426173 ], [ 266291.441700000315905, 9618192.079900000244379 ], [ 266627.501000000163913, 9618625.563699999824166 ], [ 266689.000599999912083, 9619331.069199999794364 ], [ 267968.13329999987036, 9619402.362199999392033 ], [ 268476.962899999693036, 9620012.223500000312924 ], [ 268640.385900000110269, 9620651.744599999859929 ], [ 270854.100599999539554, 9620722.7331000007689 ], [ 270941.645700000226498, 9619886.527499999850988 ], [ 272482.871399999596179, 9619733.4112 ], [ 273137.030100000090897, 9619273.95890000090003 ], [ 273872.882500000298023, 9619417.747500000521541 ], [ 274525.068500000052154, 9619879.986099999397993 ], [ 275724.628700000233948, 9619740.313300000503659 ], [ 276176.947599999606609, 9619422.637199999764562 ], [ 276789.035000000149012, 9619240.647900000214577 ], [ 276951.371600000187755, 9618195.353800000622869 ], [ 277272.505400000140071, 9617746.589600000530481 ], [ 277416.408900000154972, 9617274.649900000542402 ], [ 277737.53940000012517, 9616825.887000000104308 ], [ 277950.698400000110269, 9616126.78690000064671 ], [ 278500.180800000205636, 9615740.800599999725819 ], [ 279203.57010000012815, 9615531.627399999648333 ], [ 279593.74239999987185, 9614986.441299999132752 ], [ 279737.637199999764562, 9614514.506300000473857 ], [ 280522.78760000038892, 9613605.887199999764562 ], [ 280594.73340000025928, 9613369.920700000599027 ], [ 281087.453900000080466, 9613245.171399999409914 ], [ 280659.20380000025034, 9612692.868000000715256 ], [ 280596.673700000159442, 9612448.255400000140071 ], [ 280327.316200000233948, 9612408.609300000593066 ], [ 279940.885400000028312, 9612025.112800000235438 ], [ 279402.17119999974966, 9611945.814899999648333 ], [ 278324.472799999639392, 9610871.603199999779463 ], [ 278285.2972999997437, 9610599.995400000363588 ], [ 278039.502799999900162, 9610662.212200000882149 ], [ 277603.987700000405312, 9610996.63429999910295 ], [ 276649.330900000408292, 9611120.069900000467896 ], [ 276213.806800000369549, 9611454.489700000733137 ], [ 274250.617200000211596, 9611575.728800000622869 ], [ 274016.553199999965727, 9610659.742200000211596 ], [ 271440.493900000117719, 9610516.14949999935925 ], [ 271340.325699999928474, 9610124.04109999909997 ] ] ] ] } },
{ "type": "Feature", "properties": { "OBJECTID": 52, "HYBAS_ID": 6090286200.0, "NEXT_DOWN": 6090285480.0, "NEXT_SINK": 6090008620.0, "MAIN_BAS": 6090008620.0, "DIST_SINK": 407.3, "DIST_MAIN": 407.3, "SUB_AREA": 402.1, "UP_AREA": 402.1, "PFAF_ID": 631024002, "ENDO": 0, "COAST": 0, "ORDER_": 3, "SORT": 32699.0, "Shape_Length": 106490.10725981455, "Shape_Area": 400701179.35769552, "ID_basin": 52, "HyLength": 2833.4419725158455, "HyDensity": 0.0070466102275947408, "COUNT_area": 167, "MEAN_area": 2536.8701365269485, "PropCount_km2": 0.41531957224570998, "AvgArea_km2": 0.063090528140436419, "SUM_area_swa": 30.574227464007002, "PctWater_swa": 0.076036377677212136, "CLASS_analyses": "1", "WatershedArea_m2": 400.70117935769554, "RdLength": 0.10534368076164068, "RdDensity": 0.00026289835465546034 }, "geometry": { "type": "MultiPolygon", "coordinates": [ [ [ [ 237459.538399999961257, 9640005.539599999785423 ], [ 236932.847799999639392, 9640138.711899999529123 ], [ 237212.818099999800324, 9640403.155200000852346 ], [ 237458.459599999710917, 9640466.488199999555945 ], [ 237457.382100000046194, 9640927.436799999326468 ], [ 237523.729600000195205, 9642209.8739 ], [ 238163.10950000025332, 9642374.687699999660254 ], [ 238597.358900000341237, 9642711.126900000497699 ], [ 240124.55460000038147, 9642849.842800000682473 ], [ 241093.826700000092387, 9643917.9167 ], [ 241281.668399999849498, 9644653.080399999395013 ], [ 241837.017900000326335, 9644226.903899999335408 ], [ 243009.547600000165403, 9644166.810599999502301 ], [ 243440.131099999882281, 9644045.387700000777841 ], [ 244333.340800000354648, 9643025.99129999987781 ], [ 244473.861399999819696, 9641626.488600000739098 ], [ 245265.126000000163913, 9640723.455199999734759 ], [ 245425.489199999719858, 9639644.307399999350309 ], [ 246966.571999999694526, 9639498.17259999923408 ], [ 247413.491899999789894, 9639174.871200000867248 ], [ 248580.340699999593198, 9639109.19539999961853 ], [ 249776.326399999670684, 9639150.962899999693036 ], [ 250241.815200000070035, 9639612.917300000786781 ], [ 251165.240899999625981, 9639536.804300000891089 ], [ 252017.767300000414252, 9638695.04700000025332 ], [ 252557.039499999955297, 9638618.074899999424815 ], [ 252945.282700000330806, 9638236.196399999782443 ], [ 254141.400600000284612, 9638199.755400000140071 ], [ 254077.714900000020862, 9636457.0504 ], [ 253156.235799999907613, 9636219.563400000333786 ], [ 253295.570899999700487, 9631846.52170000039041 ], [ 254185.455400000326335, 9631621.407700000330806 ], [ 253757.126400000415742, 9631068.958100000396371 ], [ 253695.650600000284612, 9630363.396800000220537 ], [ 253965.265300000086427, 9630324.921 ], [ 254353.490600000135601, 9629943.059900000691414 ], [ 256285.241799999959767, 9629869.115599999204278 ], [ 258293.947300000116229, 9627876.501299999654293 ], [ 258333.822499999776483, 9627608.411599999293685 ], [ 258334.851099999621511, 9627147.521800000220537 ], [ 257871.667999999597669, 9627146.486500000581145 ], [ 257139.058299999684095, 9627105.761800000444055 ], [ 256752.573599999770522, 9626722.163499999791384 ], [ 256213.723500000312924, 9626642.7829 ], [ 255365.101400000043213, 9625797.2314 ], [ 254826.252799999900162, 9625717.840299999341369 ], [ 253977.646399999968708, 9624872.265799999237061 ], [ 253245.036799999885261, 9624831.503599999472499 ], [ 253206.375099999830127, 9624563.227800000458956 ], [ 251898.390300000086427, 9623252.953099999576807 ], [ 251859.734699999913573, 9622984.674100000411272 ], [ 251590.132299999706447, 9623023.133099999278784 ], [ 251201.899299999698997, 9623404.9748 ], [ 250662.689299999736249, 9623481.890699999406934 ], [ 249345.914099999703467, 9624783.402100000530481 ], [ 248806.690299999900162, 9624860.314200000837445 ], [ 248418.438400000333786, 9625242.156600000336766 ], [ 246568.299200000241399, 9625315.989099999889731 ], [ 245179.082100000232458, 9623929.921700000762939 ], [ 244640.217199999839067, 9623850.468299999833107 ], [ 243791.661700000055134, 9623004.749900000169873 ], [ 242595.813799999654293, 9622962.793999999761581 ], [ 242493.789099999703467, 9623354.503200000151992 ], [ 240032.73340000025928, 9623480.300899999216199 ], [ 239596.971400000154972, 9623814.6744 ], [ 238982.219899999909103, 9623970.055700000375509 ], [ 238823.064000000245869, 9624581.040400000289083 ], [ 238484.919599999673665, 9625013.033600000664592 ], [ 238342.522199999541044, 9626065.917400000616908 ], [ 237851.433100000023842, 9626240.695800000801682 ], [ 236813.9205, 9625316.262700000777841 ], [ 236322.716400000266731, 9625189.543800000101328 ], [ 235888.575000000186265, 9624853.040200000628829 ], [ 235179.734400000423193, 9624788.538100000470877 ], [ 235077.414200000464916, 9625181.309900000691414 ], [ 232153.206699999980628, 9625304.772199999541044 ], [ 231703.229799999855459, 9625650.017400000244379 ], [ 231254.97649999987334, 9625302.534499999135733 ], [ 230546.113699999637902, 9625238.0022 ], [ 230276.46169999986887, 9625276.416799999773502 ], [ 228959.259899999946356, 9626577.864700000733137 ], [ 225446.694199999794364, 9626608.088700000196695 ], [ 225406.727900000289083, 9626876.222400000318885 ], [ 225021.03940000012517, 9627260.751900000497699 ], [ 224941.106499999761581, 9627797.020999999716878 ], [ 224555.414300000295043, 9628181.552400000393391 ], [ 224474.313699999824166, 9629178.8125 ], [ 224088.617300000041723, 9629563.346999999135733 ], [ 224048.651600000448525, 9629831.483300000429153 ], [ 224318.129700000397861, 9629871.256400000303984 ], [ 224933.786999999545515, 9630483.864 ], [ 224972.917100000195205, 9630755.799900000914931 ], [ 225066.610799999907613, 9631122.899399999529123 ], [ 225680.685499999672174, 9631281.329900000244379 ], [ 226577.011300000362098, 9632080.017899999395013 ], [ 227531.568400000222027, 9632207.917899999767542 ], [ 228142.267799999564886, 9632717.2314 ], [ 228207.9693, 9633990.753900000825524 ], [ 228921.116600000299513, 9634051.107100000604987 ], [ 229809.05559999961406, 9634858.0417 ], [ 232943.133200000040233, 9634982.851099999621511 ], [ 233655.376799999736249, 9634411.666500000283122 ], [ 234143.500599999912083, 9634564.246300000697374 ], [ 234286.806499999947846, 9635176.2051 ], [ 234631.330299999564886, 9635601.5296 ], [ 234746.78249999973923, 9636560.188300000503659 ], [ 235091.315299999900162, 9636985.506899999454618 ], [ 235207.877000000327826, 9637483.205399999395013 ], [ 235552.415900000371039, 9637908.519099999219179 ], [ 235610.699300000444055, 9638157.367000000551343 ], [ 237000.577600000426173, 9638160.653200000524521 ], [ 237270.243700000457466, 9638122.200899999588728 ], [ 237658.576200000010431, 9637740.3399 ], [ 237928.240000000223517, 9637701.886900000274181 ], [ 237886.158300000242889, 9638891.900299999862909 ], [ 237500.534300000406802, 9639276.471599999815226 ], [ 237459.538399999961257, 9640005.539599999785423 ] ] ] ] } },
{ "type": "Feature", "properties": { "OBJECTID": 53, "HYBAS_ID": 6090289280.0, "NEXT_DOWN": 6090286330.0, "NEXT_SINK": 6090008620.0, "MAIN_BAS": 6090008620.0, "DIST_SINK": 438.4, "DIST_MAIN": 438.4, "SUB_AREA": 436.4, "UP_AREA": 436.7, "PFAF_ID": 631024005, "ENDO": 0, "COAST": 0, "ORDER_": 2, "SORT": 32703.0, "Shape_Length": 112515.0696932186, "Shape_Area": 434941276.98482198, "ID_basin": 53, "HyLength": 980.36641264428636, "HyDensity": 0.0022464858218246711, "COUNT_area": 224, "MEAN_area": 1319.8026683035719, "PropCount_km2": 0.51329055912007338, "AvgArea_km2": 0.030242957568826122, "SUM_area_swa": 12.54405406916, "PctWater_swa": 0.028744395208890924, "CLASS_analyses": "1", "WatershedArea_m2": 434.94127698482197, "RdLength": 3.5287464007415936, "RdDensity": 0.0081131559303918056 }, "geometry": { "type": "MultiPolygon", "coordinates": [ [ [ [ 217144.332899999804795, 9612756.183900000527501 ], [ 216758.331000000238419, 9612645.2083 ], [ 216608.68030000012368, 9610538.925899999216199 ], [ 215520.931800000369549, 9610378.331399999558926 ], [ 214931.567200000397861, 9609947.3892 ], [ 214770.231200000271201, 9608822.482699999585748 ], [ 214445.560999999754131, 9608377.591499999165535 ], [ 214275.5614, 9607779.5636 ], [ 213675.64159999974072, 9607607.073400000110269 ], [ 213230.391200000420213, 9607281.445599999278784 ], [ 212750.463499999605119, 9607143.461200000718236 ], [ 212296.695000000298023, 9606811.61119999922812 ], [ 211841.072300000116229, 9607140.914000000804663 ], [ 211548.376299999654293, 9607276.737400000914931 ], [ 210915.511099999770522, 9606813.920700000599027 ], [ 208822.582799999974668, 9606739.68019999936223 ], [ 208552.924399999901652, 9606778.010500000789762 ], [ 208164.440999999642372, 9607159.761800000444055 ], [ 207625.11849999986589, 9607236.420399999246001 ], [ 207236.628600000403821, 9607618.17200000025332 ], [ 206966.964499999769032, 9607656.50029999949038 ], [ 206697.299700000323355, 9607694.828099999576807 ], [ 205379.647900000214577, 9608996.038499999791384 ], [ 205109.97620000038296, 9609034.3651 ], [ 205040.621399999596179, 9609273.212999999523163 ], [ 204713.428399999625981, 9609716.30210000090301 ], [ 204574.718100000172853, 9610193.999500000849366 ], [ 204247.522099999710917, 9610637.090800000354648 ], [ 204109.344800000078976, 9610927.6733 ], [ 204570.826399999670684, 9611560.130799999460578 ], [ 204716.393699999898672, 9613088.775900000706315 ], [ 205613.436700000427663, 9613253.626499999314547 ], [ 206248.959300000220537, 9612794.364399999380112 ], [ 206571.430200000293553, 9612658.623099999502301 ], [ 207636.590400000102818, 9613583.714500000700355 ], [ 208116.565100000239909, 9613721.705199999734759 ], [ 208728.213899999856949, 9614211.3213 ], [ 208859.642099999822676, 9618043.890799999237061 ], [ 209646.392, 9618951.104299999773502 ], [ 209779.914499999955297, 9620351.626199999824166 ], [ 210104.651100000366569, 9620796.517899999395013 ], [ 210258.712299999780953, 9621870.181099999696016 ], [ 211336.788599999621511, 9622029.294600000604987 ], [ 211782.136099999770522, 9622354.887199999764562 ], [ 212504.94539999961853, 9622562.625 ], [ 211624.435200000181794, 9623566.852700000628829 ], [ 211485.057099999859929, 9624318.472899999469519 ], [ 211946.678199999965727, 9624950.818099999800324 ], [ 212097.961900000460446, 9626004.7917 ], [ 212715.589100000448525, 9626182.288100000470877 ], [ 213468.838899999856949, 9626886.674499999731779 ], [ 212552.575899999588728, 9627144.736300000920892 ], [ 212470.6722999997437, 9627957.438500000163913 ], [ 212538.719600000418723, 9628196.651000000536442 ], [ 212863.509999999776483, 9628641.506799999624491 ], [ 213038.613499999977648, 9629257.012299999594688 ], [ 214260.58420000039041, 9629437.27559999935329 ], [ 215175.303700000047684, 9630491.678099999204278 ], [ 215311.420099999755621, 9630970.087500000372529 ], [ 215636.232400000095367, 9631414.919800000265241 ], [ 215782.982099999673665, 9632951.583000000566244 ], [ 216941.531299999915063, 9633098.001299999654293 ], [ 217161.19620000012219, 9632340.900100000202656 ], [ 217488.305499999783933, 9631897.761199999600649 ], [ 217630.472000000067055, 9630037.039200000464916 ], [ 217957.578700000420213, 9629593.9054000005126 ], [ 218130.8136, 9628996.815899999812245 ], [ 218491.381199999712408, 9628895.252599999308586 ], [ 219224.374900000169873, 9628858.05489999987185 ], [ 219692.131699999794364, 9628398.254300000146031 ], [ 220615.273199999704957, 9628478.817800000309944 ], [ 221925.975999999791384, 9629786.9978 ], [ 224048.651600000448525, 9629831.483300000429153 ], [ 224088.617300000041723, 9629563.346999999135733 ], [ 224474.313699999824166, 9629178.8125 ], [ 224555.414300000295043, 9628181.552400000393391 ], [ 224941.106499999761581, 9627797.020999999716878 ], [ 225021.03940000012517, 9627260.751900000497699 ], [ 225406.727900000289083, 9626876.222400000318885 ], [ 225446.694199999794364, 9626608.088700000196695 ], [ 228959.259899999946356, 9626577.864700000733137 ], [ 230276.46169999986887, 9625276.416799999773502 ], [ 230546.113699999637902, 9625238.0022 ], [ 231254.97649999987334, 9625302.534499999135733 ], [ 231703.229799999855459, 9625650.017400000244379 ], [ 232153.206699999980628, 9625304.772199999541044 ], [ 235077.414200000464916, 9625181.309900000691414 ], [ 235179.734400000423193, 9624788.538100000470877 ], [ 235243.406299999915063, 9624544.147900000214577 ], [ 235581.570700000040233, 9624112.1568 ], [ 235726.043700000271201, 9623044.221599999815226 ], [ 236479.604100000113249, 9622853.789300000295043 ], [ 236638.78000000026077, 9622242.800300000235438 ], [ 236976.935100000351667, 9621810.8136 ], [ 237105.413099999539554, 9620861.087899999693036 ], [ 237570.096900000236928, 9620267.475299999117851 ], [ 237447.056099999696016, 9619018.119000000879169 ], [ 237111.053600000217557, 9618584.465800000354648 ], [ 236986.139899999834597, 9618095.066199999302626 ], [ 236650.143799999728799, 9617661.408099999651313 ], [ 236494.009399999864399, 9617049.636199999600649 ], [ 235736.192400000058115, 9616854.096799999475479 ], [ 235664.752399999648333, 9616031.52170000039041 ], [ 235665.91260000038892, 9615570.5658 ], [ 235572.241200000047684, 9615203.49070000089705 ], [ 235203.877600000239909, 9615108.440899999812245 ], [ 234934.258600000292063, 9615146.848200000822544 ], [ 234507.917500000447035, 9615566.029999999329448 ], [ 234083.702399999834597, 9615144.694399999454618 ], [ 231228.827899999916553, 9615059.235600000247359 ], [ 230842.446100000292063, 9614675.449999999254942 ], [ 230303.593399999663234, 9614595.8838 ], [ 229917.215499999932945, 9614212.091199999675155 ], [ 227988.723899999633431, 9614128.912699999287724 ], [ 227602.351300000213087, 9613745.104299999773502 ], [ 227063.494599999859929, 9613665.5164 ], [ 226639.301400000229478, 9613244.124199999496341 ], [ 226212.905899999663234, 9613663.290200000628829 ], [ 225210.413499999791384, 9613738.839999999850988 ], [ 224822.029699999839067, 9614120.627499999478459 ], [ 224361.406299999915063, 9614197.597300000488758 ], [ 222281.089100000448525, 9612119.204600000753999 ], [ 222243.614500000141561, 9611386.897900000214577 ], [ 221858.898000000044703, 9611484.04869999922812 ], [ 221698.186700000427663, 9612670.264599999412894 ], [ 221067.544300000183284, 9612829.52449999935925 ], [ 220631.686999999918044, 9613163.831900000572205 ], [ 220385.7648, 9613225.938699999824166 ], [ 220288.134899999946356, 9612843.042600000277162 ], [ 219214.945899999700487, 9612699.0176 ], [ 218618.484000000171363, 9612236.395999999716878 ], [ 217245.038900000043213, 9612369.9879 ], [ 217144.332899999804795, 9612756.183900000527501 ] ] ] ] } }
]
}
