{
"type": "FeatureCollection",
"name": "STM_hydroRIVERS_v10",
"crs": { "type": "name", "properties": { "name": "urn:ogc:def:crs:EPSG::31981" } },
"features": [
{ "type": "Feature", "properties": { "OBJECTID": 1, "HYRIV_ID": 60568209, "NEXT_DOWN": 60569617, "MAIN_RIV": 60443230, "LENGTH_KM": 4.6100001335144043, "DIST_DN_KM": 670.0, "DIST_UP_KM": 7.0, "CATCH_SKM": 23.379999160766602, "UPLAND_SKM": 23.399999618530273, "ENDORHEIC": 0, "DIS_AV_CMS": 0.56300002336502075, "ORD_STRA": 1, "ORD_CLAS": 7, "ORD_FLOW": 7, "HYBAS_L12": 6120268080.0, "Shape_Length": 4661.3661740615598 }, "geometry": { "type": "MultiLineString", "coordinates": [ [ [ 752973.081769944168627, 9720688.472651788964868 ], [ 753667.215777229750529, 9719995.878209766000509 ], [ 753664.77699762256816, 9718613.126508727669716 ], [ 754127.520883434219286, 9718151.387490851804614 ], [ 754591.081612681038678, 9718150.564379358664155 ], [ 755053.82229901466053, 9717688.818265018984675 ], [ 755517.384265210246667, 9717687.990790091454983 ] ] ] } },
{ "type": "Feature", "properties": { "OBJECTID": 2, "HYRIV_ID": 60569314, "NEXT_DOWN": 60569617, "MAIN_RIV": 60443230, "LENGTH_KM": 3.309999942779541, "DIST_DN_KM": 670.20001220703125, "DIST_UP_KM": 6.8000001907348633, "CATCH_SKM": 17.579999923706055, "UPLAND_SKM": 17.600000381469727, "ENDORHEIC": 0, "DIS_AV_CMS": 0.42699998617172241, "ORD_STRA": 1, "ORD_CLAS": 6, "ORD_FLOW": 7, "HYBAS_L12": 6120268080.0, "Shape_Length": 3355.8394816155496 }, "geometry": { "type": "MultiLineString", "coordinates": [ [ [ 752964.538135435432196, 9715848.862127628177404 ], [ 753659.863417807850055, 9715847.622438486665487 ], [ 755517.384265210246667, 9717687.990790091454983 ] ] ] } },
{ "type": "Feature", "properties": { "OBJECTID": 3, "HYRIV_ID": 60569616, "NEXT_DOWN": 60572794, "MAIN_RIV": 60443230, "LENGTH_KM": 1.809999942779541, "DIST_DN_KM": 662.0999755859375, "DIST_UP_KM": 3.7999999523162842, "CATCH_SKM": 7.7199997901916504, "UPLAND_SKM": 7.6999998092651367, "ENDORHEIC": 0, "DIS_AV_CMS": 0.18600000441074371, "ORD_STRA": 1, "ORD_CLAS": 7, "ORD_FLOW": 7, "HYBAS_L12": 6120268080.0, "Shape_Length": 1837.3757187453946 }, "geometry": { "type": "MultiLineString", "coordinates": [ [ [ 758063.661274892510846, 9715839.691511619836092 ], [ 758759.009006478823721, 9715838.426777204498649 ], [ 759221.734162614680827, 9715376.648058839142323 ], [ 759685.300886450218968, 9715375.800068102777004 ] ] ] } },
{ "type": "Feature", "properties": { "OBJECTID": 4, "HYRIV_ID": 60569617, "NEXT_DOWN": 60572794, "MAIN_RIV": 60443230, "LENGTH_KM": 7.9099998474121094, "DIST_DN_KM": 662.0999755859375, "DIST_UP_KM": 14.899999618530273, "CATCH_SKM": 26.590000152587891, "UPLAND_SKM": 67.5, "ENDORHEIC": 0, "DIS_AV_CMS": 1.628000020980835, "ORD_STRA": 2, "ORD_CLAS": 6, "ORD_FLOW": 6, "HYBAS_L12": 6120268080.0, "Shape_Length": 7996.3252149837654 }, "geometry": { "type": "MultiLineString", "coordinates": [ [ [ 755517.384265210246667, 9717687.990790091454983 ], [ 755981.771993806120008, 9718148.08578191883862 ], [ 756445.338184852618724, 9718147.256494795903563 ], [ 756909.731782439514063, 9718607.352537022903562 ], [ 757373.302102436078712, 9718606.52173369564116 ], [ 757837.701568952295929, 9719066.618726704269648 ], [ 758764.852174464613199, 9719064.95229129306972 ], [ 759690.339655544841662, 9718141.410019971430302 ], [ 759685.300886450218968, 9715375.800068102777004 ] ] ] } },
{ "type": "Feature", "properties": { "OBJECTID": 5, "HYRIV_ID": 60571126, "NEXT_DOWN": 60572008, "MAIN_RIV": 60443230, "LENGTH_KM": 0.98000001907348633, "DIST_DN_KM": 675.79998779296875, "DIST_UP_KM": 3.0999999046325684, "CATCH_SKM": 6.0, "UPLAND_SKM": 6.0, "ENDORHEIC": 0, "DIS_AV_CMS": 0.14300000667572021, "ORD_STRA": 1, "ORD_CLAS": 7, "ORD_FLOW": 7, "HYBAS_L12": 6121066730.0, "Shape_Length": 993.72306556879312 }, "geometry": { "type": "MultiLineString", "coordinates": [ [ [ 767329.55340310302563, 9712826.320314275100827 ], [ 768026.244936364935711, 9713516.436629882082343 ] ] ] } },
{ "type": "Feature", "properties": { "OBJECTID": 6, "HYRIV_ID": 60571728, "NEXT_DOWN": 60572008, "MAIN_RIV": 60443230, "LENGTH_KM": 1.6200000047683716, "DIST_DN_KM": 675.5999755859375, "DIST_UP_KM": 5.6999998092651367, "CATCH_SKM": 6.0, "UPLAND_SKM": 6.0, "ENDORHEIC": 0, "DIS_AV_CMS": 0.14300000667572021, "ORD_STRA": 1, "ORD_CLAS": 6, "ORD_FLOW": 7, "HYBAS_L12": 6121066730.0, "Shape_Length": 1634.8822155554385 }, "geometry": { "type": "MultiLineString", "coordinates": [ [ [ 768023.16775231086649, 9711903.07566387206316 ], [ 768026.244936364935711, 9713516.436629882082343 ] ] ] } },
{ "type": "Feature", "properties": { "OBJECTID": 7, "HYRIV_ID": 60572008, "NEXT_DOWN": 60574777, "MAIN_RIV": 60443230, "LENGTH_KM": 7.1700000762939453, "DIST_DN_KM": 668.70001220703125, "DIST_UP_KM": 12.600000381469727, "CATCH_SKM": 22.299999237060547, "UPLAND_SKM": 34.299999237060547, "ENDORHEIC": 0, "DIS_AV_CMS": 0.81300002336502075, "ORD_STRA": 2, "ORD_CLAS": 6, "ORD_FLOW": 7, "HYBAS_L12": 6121066730.0, "Shape_Length": 7262.6541917109334 }, "geometry": { "type": "MultiLineString", "coordinates": [ [ [ 768026.244936364935711, 9713516.436629882082343 ], [ 768490.709750492824242, 9713976.515790414065123 ], [ 769417.891606871038675, 9713974.749169070273638 ], [ 769880.602659021737054, 9713512.89761158451438 ], [ 770807.790176144917496, 9713511.118873892351985 ], [ 772195.904539963230491, 9712125.52012106589973 ], [ 773586.695833185804076, 9712122.813858110457659 ], [ 774049.394329486298375, 9711660.929820848628879 ] ] ] } },
{ "type": "Feature", "properties": { "OBJECTID": 8, "HYRIV_ID": 60572794, "NEXT_DOWN": 60573088, "MAIN_RIV": 60443230, "LENGTH_KM": 7.1700000762939453, "DIST_DN_KM": 655.0999755859375, "DIST_UP_KM": 21.899999618530273, "CATCH_SKM": 22.729999542236328, "UPLAND_SKM": 98.0, "ENDORHEIC": 0, "DIS_AV_CMS": 2.3619999885559082, "ORD_STRA": 2, "ORD_CLAS": 6, "ORD_FLOW": 6, "HYBAS_L12": 6120268080.0, "Shape_Length": 7251.687335570472 }, "geometry": { "type": "MultiLineString", "coordinates": [ [ [ 759685.300886450218968, 9715375.800068102777004 ], [ 759684.456295682233758, 9714914.865017529577017 ], [ 760147.1755052767694, 9714453.077751372009516 ], [ 760145.47650047740899, 9713531.204687504097819 ], [ 759681.064365548081696, 9713071.124477194622159 ], [ 759680.213041166076437, 9712610.18930578418076 ], [ 759215.804108343319967, 9712150.111550815403461 ], [ 758288.696021847892553, 9712151.82206710614264 ], [ 757359.899043393554166, 9711231.669473234564066 ], [ 757359.049899788806215, 9710770.74102446436882 ], [ 756894.656185109866783, 9710310.667815854772925 ] ] ] } },
{ "type": "Feature", "properties": { "OBJECTID": 9, "HYRIV_ID": 60573087, "NEXT_DOWN": 60573951, "MAIN_RIV": 60443230, "LENGTH_KM": 1.809999942779541, "DIST_DN_KM": 653.29998779296875, "DIST_UP_KM": 4.5, "CATCH_SKM": 10.079999923706055, "UPLAND_SKM": 10.100000381469727, "ENDORHEIC": 0, "DIS_AV_CMS": 0.24500000476837158, "ORD_STRA": 1, "ORD_CLAS": 7, "ORD_FLOW": 7, "HYBAS_L12": 6120268080.0, "Shape_Length": 1830.8688366873278 }, "geometry": { "type": "MultiLineString", "coordinates": [ [ [ 755042.601937959552743, 9711466.377757627516985 ], [ 755041.340148590039462, 9710774.995264505967498 ], [ 755504.034989869222045, 9710313.224338980391622 ], [ 755503.189222643850371, 9709852.30131003074348 ] ] ] } },
{ "type": "Feature", "properties": { "OBJECTID": 10, "HYRIV_ID": 60573088, "NEXT_DOWN": 60573951, "MAIN_RIV": 60443230, "LENGTH_KM": 1.5800000429153442, "DIST_DN_KM": 653.5, "DIST_UP_KM": 23.5, "CATCH_SKM": 4.5, "UPLAND_SKM": 123.09999847412109, "ENDORHEIC": 0, "DIS_AV_CMS": 2.9700000286102295, "ORD_STRA": 2, "ORD_CLAS": 6, "ORD_FLOW": 6, "HYBAS_L12": 6120268080.0, "Shape_Length": 1602.4968014910446 }, "geometry": { "type": "MultiLineString", "coordinates": [ [ [ 756894.656185109866783, 9710310.667815854772925 ], [ 755967.573975241626613, 9710312.373690409585834 ], [ 755503.189222643850371, 9709852.30131003074348 ] ] ] } },
{ "type": "Feature", "properties": { "OBJECTID": 11, "HYRIV_ID": 60573089, "NEXT_DOWN": 60573088, "MAIN_RIV": 60443230, "LENGTH_KM": 0.68999999761581421, "DIST_DN_KM": 654.9000244140625, "DIST_UP_KM": 4.5, "CATCH_SKM": 5.5799999237060547, "UPLAND_SKM": 5.5999999046325684, "ENDORHEIC": 0, "DIS_AV_CMS": 0.13600000739097595, "ORD_STRA": 1, "ORD_CLAS": 8, "ORD_FLOW": 7, "HYBAS_L12": 6120268080.0, "Shape_Length": 700.87238639837278 }, "geometry": { "type": "MultiLineString", "coordinates": [ [ [ 756893.380137506872416, 9709619.277063904330134 ], [ 756894.656185109866783, 9710310.667815854772925 ] ] ] } },
{ "type": "Feature", "properties": { "OBJECTID": 12, "HYRIV_ID": 60573090, "NEXT_DOWN": 60573088, "MAIN_RIV": 60443230, "LENGTH_KM": 3.5799999237060547, "DIST_DN_KM": 655.0999755859375, "DIST_UP_KM": 5.9000000953674316, "CATCH_SKM": 15.010000228881836, "UPLAND_SKM": 15.0, "ENDORHEIC": 0, "DIS_AV_CMS": 0.36300000548362732, "ORD_STRA": 1, "ORD_CLAS": 7, "ORD_FLOW": 7, "HYBAS_L12": 6120268080.0, "Shape_Length": 3632.5009853385168 }, "geometry": { "type": "MultiLineString", "coordinates": [ [ [ 759908.570028688758612, 9710766.016813568770885 ], [ 759213.242201621993445, 9710767.309894178062677 ], [ 758284.434676940785721, 9709847.166102925315499 ], [ 757357.347372873104177, 9709848.883973369374871 ], [ 756894.656185109866783, 9710310.667815854772925 ] ] ] } },
{ "type": "Feature", "properties": { "OBJECTID": 13, "HYRIV_ID": 60573354, "NEXT_DOWN": 60574501, "MAIN_RIV": 60443230, "LENGTH_KM": 3.3900001049041748, "DIST_DN_KM": 661.29998779296875, "DIST_UP_KM": 5.5999999046325684, "CATCH_SKM": 16.729999542236328, "UPLAND_SKM": 16.700000762939453, "ENDORHEIC": 0, "DIS_AV_CMS": 0.41299998760223389, "ORD_STRA": 1, "ORD_CLAS": 8, "ORD_FLOW": 7, "HYBAS_L12": 6120268240.0, "Shape_Length": 3433.1904597235553 }, "geometry": { "type": "MultiLineString", "coordinates": [ [ [ 742296.130828393157572, 9711719.475268313661218 ], [ 742991.390269370633177, 9711718.270526828244328 ], [ 743454.096227041911334, 9711256.576633838936687 ], [ 743453.292916301754303, 9710795.687841303646564 ], [ 743915.993019669200294, 9710333.988450445234776 ], [ 743914.377155781374313, 9709412.208165759220719 ] ] ] } },
{ "type": "Feature", "properties": { "OBJECTID": 14, "HYRIV_ID": 60573355, "NEXT_DOWN": 60574501, "MAIN_RIV": 60443230, "LENGTH_KM": 1.3500000238418579, "DIST_DN_KM": 661.5, "DIST_UP_KM": 4.3000001907348633, "CATCH_SKM": 10.939999580383301, "UPLAND_SKM": 10.899999618530273, "ENDORHEIC": 0, "DIS_AV_CMS": 0.27000001072883606, "ORD_STRA": 1, "ORD_CLAS": 9, "ORD_FLOW": 7, "HYBAS_L12": 6120268240.0, "Shape_Length": 1367.972121090253 }, "geometry": { "type": "MultiLineString", "coordinates": [ [ [ 745073.949042350519449, 9709871.062171164900064 ], [ 744378.690111434552819, 9709872.28502581641078 ], [ 743914.377155781374313, 9709412.208165759220719 ] ] ] } },
{ "type": "Feature", "properties": { "OBJECTID": 15, "HYRIV_ID": 60573658, "NEXT_DOWN": 60574777, "MAIN_RIV": 60443230, "LENGTH_KM": 5.9000000953674316, "DIST_DN_KM": 668.70001220703125, "DIST_UP_KM": 9.0, "CATCH_SKM": 20.799999237060547, "UPLAND_SKM": 20.799999237060547, "ENDORHEIC": 0, "DIS_AV_CMS": 0.48600000143051147, "ORD_STRA": 1, "ORD_CLAS": 7, "ORD_FLOW": 7, "HYBAS_L12": 6121066730.0, "Shape_Length": 5969.7865447631893 }, "geometry": { "type": "MultiLineString", "coordinates": [ [ [ 777752.259712869068608, 9708657.182409036904573 ], [ 777753.644002786139026, 9709348.66849621757865 ], [ 777290.96102511161007, 9709810.583875492215157 ], [ 777291.879056684556417, 9710271.573151020333171 ], [ 776829.190011786296964, 9710733.482574220746756 ], [ 776830.103565437020734, 9711194.470322214066982 ], [ 774512.089697478571907, 9711199.041273076087236 ], [ 774049.394329486298375, 9711660.929820848628879 ] ] ] } },
{ "type": "Feature", "properties": { "OBJECTID": 16, "HYRIV_ID": 60573950, "NEXT_DOWN": 60575960, "MAIN_RIV": 60443230, "LENGTH_KM": 4.2399997711181641, "DIST_DN_KM": 651.29998779296875, "DIST_UP_KM": 6.5, "CATCH_SKM": 19.299999237060547, "UPLAND_SKM": 19.299999237060547, "ENDORHEIC": 0, "DIS_AV_CMS": 0.47299998998641968, "ORD_STRA": 1, "ORD_CLAS": 7, "ORD_FLOW": 7, "HYBAS_L12": 6120268080.0, "Shape_Length": 4295.8134466140791 }, "geometry": { "type": "MultiLineString", "coordinates": [ [ [ 750636.956370528088883, 9710322.062928324565291 ], [ 751332.244272193638608, 9710320.810678139328957 ], [ 752257.628093951730989, 9709397.308216100558639 ], [ 753184.68251144932583, 9709395.621607447043061 ], [ 754110.053360477555543, 9708472.090587060898542 ] ] ] } },
{ "type": "Feature", "properties": { "OBJECTID": 17, "HYRIV_ID": 60573951, "NEXT_DOWN": 60575960, "MAIN_RIV": 60443230, "LENGTH_KM": 2.2400000095367432, "DIST_DN_KM": 651.29998779296875, "DIST_UP_KM": 25.700000762939453, "CATCH_SKM": 4.5, "UPLAND_SKM": 137.69999694824219, "ENDORHEIC": 0, "DIS_AV_CMS": 3.3250000476837158, "ORD_STRA": 2, "ORD_CLAS": 6, "ORD_FLOW": 6, "HYBAS_L12": 6120268080.0, "Shape_Length": 2262.6051730127592 }, "geometry": { "type": "MultiLineString", "coordinates": [ [ [ 755503.189222643850371, 9709852.30131003074348 ], [ 755039.653044069069438, 9709853.151741355657578 ], [ 754575.274246570887044, 9709393.080212827771902 ], [ 754574.428865527268499, 9708932.15966004319489 ], [ 754110.053360477555543, 9708472.090587060898542 ] ] ] } },
{ "type": "Feature", "properties": { "OBJECTID": 18, "HYRIV_ID": 60574501, "NEXT_DOWN": 60575048, "MAIN_RIV": 60443230, "LENGTH_KM": 2.2400000095367432, "DIST_DN_KM": 659.29998779296875, "DIST_UP_KM": 7.5999999046325684, "CATCH_SKM": 5.5799999237060547, "UPLAND_SKM": 33.200000762939453, "ENDORHEIC": 0, "DIS_AV_CMS": 0.82099997997283936, "ORD_STRA": 2, "ORD_CLAS": 8, "ORD_FLOW": 7, "HYBAS_L12": 6120268240.0, "Shape_Length": 2260.6271317614987 }, "geometry": { "type": "MultiLineString", "coordinates": [ [ [ 743914.377155781374313, 9709412.208165759220719 ], [ 743913.567246057791635, 9708951.317941587418318 ], [ 743449.257668726495467, 9708491.243248738348484 ], [ 743448.446743717882782, 9708030.354322923347354 ], [ 743911.129902817774564, 9707568.64703581109643 ] ] ] } },
{ "type": "Feature", "properties": { "OBJECTID": 19, "HYRIV_ID": 60574776, "NEXT_DOWN": 60575048, "MAIN_RIV": 60443230, "LENGTH_KM": 9.0600004196166992, "DIST_DN_KM": 659.0999755859375, "DIST_UP_KM": 11.5, "CATCH_SKM": 37.310001373291016, "UPLAND_SKM": 37.299999237060547, "ENDORHEIC": 0, "DIS_AV_CMS": 0.92799997329711914, "ORD_STRA": 1, "ORD_CLAS": 7, "ORD_FLOW": 7, "HYBAS_L12": 6120268240.0, "Shape_Length": 9188.5307116705953 }, "geometry": { "type": "MultiLineString", "coordinates": [ [ [ 736266.76587640773505, 9709425.425349421799183 ], [ 737425.472690329421312, 9709423.449822189286351 ], [ 737888.167665419285186, 9708961.78328456170857 ], [ 737887.376640604459681, 9708500.909489063546062 ], [ 738350.859728745883331, 9708500.112512120977044 ], [ 739276.234435835853219, 9707576.758862610906363 ], [ 739739.718209016835317, 9707575.954669984057546 ], [ 740202.400682092644274, 9707114.268830101937056 ], [ 741592.858909984584898, 9707111.838538359850645 ], [ 742057.156356639927253, 9707571.91050691716373 ], [ 743911.129902817774564, 9707568.64703581109643 ] ] ] } },
{ "type": "Feature", "properties": { "OBJECTID": 20, "HYRIV_ID": 60574777, "NEXT_DOWN": 60575350, "MAIN_RIV": 60443230, "LENGTH_KM": 5.2100000381469727, "DIST_DN_KM": 663.5, "DIST_UP_KM": 17.899999618530273, "CATCH_SKM": 15.869999885559082, "UPLAND_SKM": 71.0, "ENDORHEIC": 0, "DIS_AV_CMS": 1.6720000505447388, "ORD_STRA": 2, "ORD_CLAS": 6, "ORD_FLOW": 6, "HYBAS_L12": 6121066730.0, "Shape_Length": 5256.4223076861172 }, "geometry": { "type": "MultiLineString", "coordinates": [ [ [ 774049.394329486298375, 9711660.929820848628879 ], [ 773584.894419323769398, 9711200.858932673931122 ], [ 773582.181488487869501, 9709817.926330968737602 ], [ 773117.685004223370925, 9709357.860951827839017 ], [ 773114.048104181187227, 9707513.956066440790892 ], [ 772649.555099157150835, 9707053.89777540974319 ] ] ] } },
{ "type": "Feature", "properties": { "OBJECTID": 21, "HYRIV_ID": 60575048, "NEXT_DOWN": 60576789, "MAIN_RIV": 60443230, "LENGTH_KM": 2.0399999618530273, "DIST_DN_KM": 657.0999755859375, "DIST_UP_KM": 13.600000381469727, "CATCH_SKM": 5.5799999237060547, "UPLAND_SKM": 76.099998474121094, "ENDORHEIC": 0, "DIS_AV_CMS": 1.8869999647140503, "ORD_STRA": 2, "ORD_CLAS": 7, "ORD_FLOW": 6, "HYBAS_L12": 6120268240.0, "Shape_Length": 2070.3635440989724 }, "geometry": { "type": "MultiLineString", "coordinates": [ [ [ 743911.129902817774564, 9707568.64703581109643 ], [ 744838.124432037002407, 9707567.006025526672602 ], [ 745300.804038114147261, 9707105.288879610598087 ], [ 745299.983005645801313, 9706644.394680619239807 ] ] ] } },
{ "type": "Feature", "properties": { "OBJECTID": 22, "HYRIV_ID": 60575347, "NEXT_DOWN": 60576789, "MAIN_RIV": 60443230, "LENGTH_KM": 0.98000001907348633, "DIST_DN_KM": 657.29998779296875, "DIST_UP_KM": 4.9000000953674316, "CATCH_SKM": 7.0799999237060547, "UPLAND_SKM": 7.0999999046325684, "ENDORHEIC": 0, "DIS_AV_CMS": 0.17599999904632568, "ORD_STRA": 1, "ORD_CLAS": 8, "ORD_FLOW": 7, "HYBAS_L12": 6120268240.0, "Shape_Length": 994.30528069061143 }, "geometry": { "type": "MultiLineString", "coordinates": [ [ [ 744603.508979114703834, 9705954.293786292895675 ], [ 745299.983005645801313, 9706644.394680619239807 ] ] ] } },
{ "type": "Feature", "properties": { "OBJECTID": 23, "HYRIV_ID": 60575348, "NEXT_DOWN": 60577106, "MAIN_RIV": 60443230, "LENGTH_KM": 4.2399997711181641, "DIST_DN_KM": 658.79998779296875, "DIST_UP_KM": 6.1999998092651367, "CATCH_SKM": 20.159999847412109, "UPLAND_SKM": 20.200000762939453, "ENDORHEIC": 0, "DIS_AV_CMS": 0.48399999737739563, "ORD_STRA": 1, "ORD_CLAS": 6, "ORD_FLOW": 7, "HYBAS_L12": 6120269070.0, "Shape_Length": 4287.6870837699635 }, "geometry": { "type": "MultiLineString", "coordinates": [ [ [ 764309.321618553600274, 9709144.424840945750475 ], [ 764308.003438083687797, 9708453.000964825972915 ], [ 764770.680464602774009, 9707991.164682572707534 ], [ 764769.796909435535781, 9707530.213907282799482 ], [ 765232.467975447536446, 9707068.37185388430953 ], [ 765696.025251541403122, 9707067.478969942778349 ], [ 766621.35765043774154, 9706143.775696508586407 ] ] ] } },
{ "type": "Feature", "properties": { "OBJECTID": 24, "HYRIV_ID": 60575349, "NEXT_DOWN": 60577106, "MAIN_RIV": 60443230, "LENGTH_KM": 2.6600000858306885, "DIST_DN_KM": 658.79998779296875, "DIST_UP_KM": 5.3000001907348633, "CATCH_SKM": 12.220000267028809, "UPLAND_SKM": 12.199999809265137, "ENDORHEIC": 0, "DIS_AV_CMS": 0.29100000858306885, "ORD_STRA": 1, "ORD_CLAS": 7, "ORD_FLOW": 7, "HYBAS_L12": 6120269070.0, "Shape_Length": 2692.0356997720628 }, "geometry": { "type": "MultiLineString", "coordinates": [ [ [ 768710.080159887089394, 9707522.599669443443418 ], [ 768014.728621739661321, 9707523.951494855806231 ], [ 766621.35765043774154, 9706143.775696508586407 ] ] ] } },
{ "type": "Feature", "properties": { "OBJECTID": 25, "HYRIV_ID": 60575350, "NEXT_DOWN": 60577107, "MAIN_RIV": 60443230, "LENGTH_KM": 1.5800000429153442, "DIST_DN_KM": 661.70001220703125, "DIST_UP_KM": 19.600000381469727, "CATCH_SKM": 3.2200000286102295, "UPLAND_SKM": 79.099998474121094, "ENDORHEIC": 0, "DIS_AV_CMS": 1.8639999628067017, "ORD_STRA": 2, "ORD_CLAS": 6, "ORD_FLOW": 6, "HYBAS_L12": 6121066730.0, "Shape_Length": 1599.1357092044145 }, "geometry": { "type": "MultiLineString", "coordinates": [ [ [ 772649.555099157150835, 9707053.89777540974319 ], [ 772185.065248754573986, 9706593.840640099719167 ], [ 772184.152654223842546, 9706132.867227086797357 ], [ 771720.57855436578393, 9706133.784858034923673 ] ] ] } },
{ "type": "Feature", "properties": { "OBJECTID": 26, "HYRIV_ID": 60575351, "NEXT_DOWN": 60575350, "MAIN_RIV": 60443230, "LENGTH_KM": 1.3500000238418579, "DIST_DN_KM": 663.5, "DIST_UP_KM": 4.0999999046325684, "CATCH_SKM": 4.929999828338623, "UPLAND_SKM": 4.9000000953674316, "ENDORHEIC": 0, "DIS_AV_CMS": 0.11599999666213989, "ORD_STRA": 1, "ORD_CLAS": 7, "ORD_FLOW": 7, "HYBAS_L12": 6121066730.0, "Shape_Length": 1362.9431925681552 }, "geometry": { "type": "MultiLineString", "coordinates": [ [ [ 773110.846949844970368, 9705900.53897787630558 ], [ 773112.220957796904258, 9706592.003526482731104 ], [ 772649.555099157150835, 9707053.89777540974319 ] ] ] } },
{ "type": "Feature", "properties": { "OBJECTID": 27, "HYRIV_ID": 60575958, "NEXT_DOWN": 60575959, "MAIN_RIV": 60443230, "LENGTH_KM": 1.4500000476837158, "DIST_DN_KM": 648.4000244140625, "DIST_UP_KM": 4.0, "CATCH_SKM": 6.429999828338623, "UPLAND_SKM": 6.4000000953674316, "ENDORHEIC": 0, "DIS_AV_CMS": 0.15800000727176666, "ORD_STRA": 1, "ORD_CLAS": 8, "ORD_FLOW": 7, "HYBAS_L12": 6120268240.0, "Shape_Length": 1464.0710386685787 }, "geometry": { "type": "MultiLineString", "coordinates": [ [ [ 751092.532052484340966, 9705942.578485373407602 ], [ 751786.530333552393131, 9705249.936031999066472 ], [ 752250.041609015548602, 9705249.083098668605089 ] ] ] } },
{ "type": "Feature", "properties": { "OBJECTID": 28, "HYRIV_ID": 60575959, "NEXT_DOWN": 60576233, "MAIN_RIV": 60443230, "LENGTH_KM": 0.93000000715255737, "DIST_DN_KM": 647.5, "DIST_UP_KM": 23.200000762939453, "CATCH_SKM": 1.2899999618530273, "UPLAND_SKM": 135.10000610351562, "ENDORHEIC": 0, "DIS_AV_CMS": 3.3450000286102295, "ORD_STRA": 2, "ORD_CLAS": 7, "ORD_FLOW": 6, "HYBAS_L12": 6120268240.0, "Shape_Length": 939.86905467349754 }, "geometry": { "type": "MultiLineString", "coordinates": [ [ [ 752250.041609015548602, 9705249.083098668605089 ], [ 753177.068003648309968, 9705247.372566683217883 ] ] ] } },
{ "type": "Feature", "properties": { "OBJECTID": 29, "HYRIV_ID": 60575960, "NEXT_DOWN": 60576233, "MAIN_RIV": 60443230, "LENGTH_KM": 3.630000114440918, "DIST_DN_KM": 647.5, "DIST_UP_KM": 29.5, "CATCH_SKM": 12.010000228881836, "UPLAND_SKM": 169.0, "ENDORHEIC": 0, "DIS_AV_CMS": 4.0910000801086426, "ORD_STRA": 2, "ORD_CLAS": 6, "ORD_FLOW": 6, "HYBAS_L12": 6120268080.0, "Shape_Length": 3661.876162789772 }, "geometry": { "type": "MultiLineString", "coordinates": [ [ [ 754110.053360477555543, 9708472.090587060898542 ], [ 754108.359041088493541, 9707550.252191804349422 ], [ 753643.987067985697649, 9707090.186761537566781 ], [ 753643.138129017781466, 9706629.268918018788099 ], [ 753178.769444259698503, 9706169.20584362372756 ], [ 753177.068003648309968, 9705247.372566683217883 ] ] ] } },
{ "type": "Feature", "properties": { "OBJECTID": 30, "HYRIV_ID": 60576233, "NEXT_DOWN": 60579222, "MAIN_RIV": 60443230, "LENGTH_KM": 0.6600000262260437, "DIST_DN_KM": 647.0, "DIST_UP_KM": 30.0, "CATCH_SKM": 1.0700000524520874, "UPLAND_SKM": 305.10000610351562, "ENDORHEIC": 0, "DIS_AV_CMS": 7.4629998207092285, "ORD_STRA": 3, "ORD_CLAS": 6, "ORD_FLOW": 6, "HYBAS_L12": 6120269060.0, "Shape_Length": 662.71501710114512 }, "geometry": { "type": "MultiLineString", "coordinates": [ [ [ 753177.068003648309968, 9705247.372566683217883 ], [ 753639.728987269685604, 9704785.596874399110675 ] ] ] } },
{ "type": "Feature", "properties": { "OBJECTID": 31, "HYRIV_ID": 60576234, "NEXT_DOWN": 60579222, "MAIN_RIV": 60443230, "LENGTH_KM": 1.3500000238418579, "DIST_DN_KM": 647.0, "DIST_UP_KM": 4.0999999046325684, "CATCH_SKM": 5.7899999618530273, "UPLAND_SKM": 5.8000001907348633, "ENDORHEIC": 0, "DIS_AV_CMS": 0.14200000464916229, "ORD_STRA": 1, "ORD_CLAS": 7, "ORD_FLOW": 7, "HYBAS_L12": 6120269060.0, "Shape_Length": 1367.5755643064845 }, "geometry": { "type": "MultiLineString", "coordinates": [ [ [ 754799.377318984246813, 9705244.364001728594303 ], [ 754104.099850740167312, 9705245.655777499079704 ], [ 753639.728987269685604, 9704785.596874399110675 ] ] ] } },
{ "type": "Feature", "properties": { "OBJECTID": 32, "HYRIV_ID": 60576534, "NEXT_DOWN": 60577104, "MAIN_RIV": 60443230, "LENGTH_KM": 4.9899997711181641, "DIST_DN_KM": 662.70001220703125, "DIST_UP_KM": 8.0, "CATCH_SKM": 21.440000534057617, "UPLAND_SKM": 21.399999618530273, "ENDORHEIC": 0, "DIS_AV_CMS": 0.53600001335144043, "ORD_STRA": 1, "ORD_CLAS": 7, "ORD_FLOW": 7, "HYBAS_L12": 6121067200.0, "Shape_Length": 5052.3877924805547 }, "geometry": { "type": "MultiLineString", "coordinates": [ [ [ 730702.39573395694606, 9707821.781965484842658 ], [ 731859.114292763289995, 9706667.698090802878141 ], [ 731857.558858731994405, 9705745.982484634965658 ], [ 732320.235280295833945, 9705284.339355733245611 ], [ 732783.692523659439757, 9705283.552435660734773 ], [ 733709.035332664498128, 9704360.248438669368625 ] ] ] } },
{ "type": "Feature", "properties": { "OBJECTID": 33, "HYRIV_ID": 60576789, "NEXT_DOWN": 60576790, "MAIN_RIV": 60443230, "LENGTH_KM": 4.3899998664855957, "DIST_DN_KM": 652.9000244140625, "DIST_UP_KM": 17.799999237060547, "CATCH_SKM": 18.229999542236328, "UPLAND_SKM": 101.40000152587891, "ENDORHEIC": 0, "DIS_AV_CMS": 2.5139999389648438, "ORD_STRA": 2, "ORD_CLAS": 7, "ORD_FLOW": 6, "HYBAS_L12": 6120268240.0, "Shape_Length": 4447.0023261699889 }, "geometry": { "type": "MultiLineString", "coordinates": [ [ [ 745299.983005645801313, 9706644.394680619239807 ], [ 747613.319984058965929, 9704335.739899005740881 ], [ 748076.816153449704871, 9704334.898509366437793 ], [ 748539.473983650794253, 9703873.152070175856352 ] ] ] } },
{ "type": "Feature", "properties": { "OBJECTID": 34, "HYRIV_ID": 60576790, "NEXT_DOWN": 60575959, "MAIN_RIV": 60443230, "LENGTH_KM": 4.2800002098083496, "DIST_DN_KM": 648.5999755859375, "DIST_UP_KM": 22.100000381469727, "CATCH_SKM": 10.939999580383301, "UPLAND_SKM": 127.40000152587891, "ENDORHEIC": 0, "DIS_AV_CMS": 3.1549999713897705, "ORD_STRA": 2, "ORD_CLAS": 7, "ORD_FLOW": 6, "HYBAS_L12": 6120268240.0, "Shape_Length": 4338.1012688797309 }, "geometry": { "type": "MultiLineString", "coordinates": [ [ [ 748539.473983650794253, 9703873.152070175856352 ], [ 749466.469720531255007, 9703871.458707289770246 ], [ 749930.813979479949921, 9704331.517177443951368 ], [ 750394.316722892108373, 9704330.667949931696057 ], [ 750858.667025911388919, 9704790.727177277207375 ], [ 751785.682357847923413, 9704789.023330751806498 ], [ 752250.041609015548602, 9705249.083098668605089 ] ] ] } },
{ "type": "Feature", "properties": { "OBJECTID": 35, "HYRIV_ID": 60577103, "NEXT_DOWN": 60577104, "MAIN_RIV": 60443230, "LENGTH_KM": 2.4700000286102295, "DIST_DN_KM": 662.5, "DIST_UP_KM": 5.9000000953674316, "CATCH_SKM": 7.2899999618530273, "UPLAND_SKM": 7.3000001907348633, "ENDORHEIC": 0, "DIS_AV_CMS": 0.18299999833106995, "ORD_STRA": 1, "ORD_CLAS": 8, "ORD_FLOW": 7, "HYBAS_L12": 6121067200.0, "Shape_Length": 2501.6386281662089 }, "geometry": { "type": "MultiLineString", "coordinates": [ [ [ 731621.924452945124358, 9703442.087770445272326 ], [ 732317.098577833385207, 9703440.903036581352353 ], [ 733245.578814647975378, 9704361.040985278785229 ], [ 733709.035332664498128, 9704360.248438669368625 ] ] ] } },
{ "type": "Feature", "properties": { "OBJECTID": 36, "HYRIV_ID": 60577104, "NEXT_DOWN": 60578254, "MAIN_RIV": 60443230, "LENGTH_KM": 3.1600000858306885, "DIST_DN_KM": 659.29998779296875, "DIST_UP_KM": 11.399999618530273, "CATCH_SKM": 8.5799999237060547, "UPLAND_SKM": 37.299999237060547, "ENDORHEIC": 0, "DIS_AV_CMS": 0.93300002813339233, "ORD_STRA": 2, "ORD_CLAS": 7, "ORD_FLOW": 7, "HYBAS_L12": 6121067200.0, "Shape_Length": 3206.7093701146969 }, "geometry": { "type": "MultiLineString", "coordinates": [ [ [ 733709.035332664498128, 9704360.248438669368625 ], [ 734634.365727309719659, 9703436.928098140284419 ], [ 736488.201786469435319, 9703433.719671092927456 ] ] ] } },
{ "type": "Feature", "properties": { "OBJECTID": 37, "HYRIV_ID": 60577105, "NEXT_DOWN": 60578254, "MAIN_RIV": 60443230, "LENGTH_KM": 1.6200000047683716, "DIST_DN_KM": 659.29998779296875, "DIST_UP_KM": 4.4000000953674316, "CATCH_SKM": 7.0799999237060547, "UPLAND_SKM": 7.0999999046325684, "ENDORHEIC": 0, "DIS_AV_CMS": 0.17700000107288361, "ORD_STRA": 1, "ORD_CLAS": 8, "ORD_FLOW": 7, "HYBAS_L12": 6121067200.0, "Shape_Length": 1636.2748544266451 }, "geometry": { "type": "MultiLineString", "coordinates": [ [ [ 736490.996912281378172, 9705046.765480881556869 ], [ 736488.201786469435319, 9703433.719671092927456 ] ] ] } },
{ "type": "Feature", "properties": { "OBJECTID": 38, "HYRIV_ID": 60577106, "NEXT_DOWN": 60577396, "MAIN_RIV": 60443230, "LENGTH_KM": 3.1600000858306885, "DIST_DN_KM": 655.4000244140625, "DIST_UP_KM": 9.6000003814697266, "CATCH_SKM": 6.6500000953674316, "UPLAND_SKM": 39.0, "ENDORHEIC": 0, "DIS_AV_CMS": 0.93500000238418579, "ORD_STRA": 2, "ORD_CLAS": 6, "ORD_FLOW": 7, "HYBAS_L12": 6120269070.0, "Shape_Length": 3193.4293328086883 }, "geometry": { "type": "MultiLineString", "coordinates": [ [ [ 766621.35765043774154, 9706143.775696508586407 ], [ 766619.56569556647446, 9705221.862830145284534 ], [ 767082.221338314935565, 9704760.001765366643667 ], [ 767081.320308767724782, 9704299.04385170340538 ], [ 767543.969794318312779, 9703837.176921909675002 ], [ 767543.064384644385427, 9703376.217471335083246 ] ] ] } },
{ "type": "Feature", "properties": { "OBJECTID": 39, "HYRIV_ID": 60577107, "NEXT_DOWN": 60577396, "MAIN_RIV": 60443230, "LENGTH_KM": 6.2399997711181641, "DIST_DN_KM": 655.5999755859375, "DIST_UP_KM": 29.799999237060547, "CATCH_SKM": 19.729999542236328, "UPLAND_SKM": 220.60000610351562, "ENDORHEIC": 0, "DIS_AV_CMS": 5.2379999160766602, "ORD_STRA": 3, "ORD_CLAS": 5, "ORD_FLOW": 6, "HYBAS_L12": 6120269070.0, "Shape_Length": 6317.8997212387521 }, "geometry": { "type": "MultiLineString", "coordinates": [ [ [ 771720.57855436578393, 9706133.784858034923673 ], [ 771257.005862474208698, 9706134.700993981212378 ], [ 770792.5252256548265, 9705674.646339731290936 ], [ 770791.614530897932127, 9705213.677157789468765 ], [ 770328.047841317486018, 9705214.59293963573873 ], [ 769865.390165672171861, 9705676.473574968054891 ], [ 769400.918684863601811, 9705216.419822724536061 ], [ 769400.011230555479415, 9704755.454857451841235 ], [ 768935.543054706533439, 9704295.403842244297266 ], [ 768471.985280972789042, 9704296.316183628514409 ], [ 767543.064384644385427, 9703376.217471335083246 ] ] ] } },
{ "type": "Feature", "properties": { "OBJECTID": 40, "HYRIV_ID": 60577108, "NEXT_DOWN": 60577107, "MAIN_RIV": 60443230, "LENGTH_KM": 3.3499999046325684, "DIST_DN_KM": 661.70001220703125, "DIST_UP_KM": 23.799999237060547, "CATCH_SKM": 7.5, "UPLAND_SKM": 121.80000305175781, "ENDORHEIC": 0, "DIS_AV_CMS": 2.9049999713897705, "ORD_STRA": 2, "ORD_CLAS": 5, "ORD_FLOW": 6, "HYBAS_L12": 6121066730.0, "Shape_Length": 3388.2929672617283 }, "geometry": { "type": "MultiLineString", "coordinates": [ [ [ 773105.780991807347164, 9703365.168657315894961 ], [ 773106.705226169666275, 9703826.145204218104482 ], [ 772644.057384048006497, 9704288.048150548711419 ], [ 772644.977240240667015, 9704749.023163884878159 ], [ 771719.666112653911114, 9705672.812827795743942 ], [ 771720.57855436578393, 9706133.784858034923673 ] ] ] } },
{ "type": "Feature", "properties": { "OBJECTID": 41, "HYRIV_ID": 60577394, "NEXT_DOWN": 60578535, "MAIN_RIV": 60443230, "LENGTH_KM": 4.5100002288818359, "DIST_DN_KM": 649.20001220703125, "DIST_UP_KM": 7.1999998092651367, "CATCH_SKM": 17.149999618530273, "UPLAND_SKM": 17.200000762939453, "ENDORHEIC": 0, "DIS_AV_CMS": 0.41600000858306885, "ORD_STRA": 1, "ORD_CLAS": 6, "ORD_FLOW": 7, "HYBAS_L12": 6120269070.0, "Shape_Length": 4557.2617713436393 }, "geometry": { "type": "MultiLineString", "coordinates": [ [ [ 761060.07877800357528, 9706845.867904588580132 ], [ 761057.889895804226398, 9705693.518712766468525 ], [ 761520.550474074785598, 9705231.694632779806852 ], [ 761518.787279597949237, 9704309.81234029494226 ], [ 761981.43886458245106, 9703847.981032203882933 ], [ 761517.018702064407989, 9703387.929901596158743 ], [ 761516.132345628575422, 9702926.988652236759663 ] ] ] } },
{ "type": "Feature", "properties": { "OBJECTID": 42, "HYRIV_ID": 60577395, "NEXT_DOWN": 60578535, "MAIN_RIV": 60443230, "LENGTH_KM": 2.309999942779541, "DIST_DN_KM": 649.20001220703125, "DIST_UP_KM": 36.200000762939453, "CATCH_SKM": 7.5, "UPLAND_SKM": 294.79998779296875, "ENDORHEIC": 0, "DIS_AV_CMS": 7.0190000534057617, "ORD_STRA": 3, "ORD_CLAS": 5, "ORD_FLOW": 6, "HYBAS_L12": 6120269070.0, "Shape_Length": 2349.0023688439032 }, "geometry": { "type": "MultiLineString", "coordinates": [ [ [ 763833.806284702382982, 9702922.508592437952757 ], [ 761516.132345628575422, 9702926.988652236759663 ] ] ] } },
{ "type": "Feature", "properties": { "OBJECTID": 43, "HYRIV_ID": 60577396, "NEXT_DOWN": 60577395, "MAIN_RIV": 60443230, "LENGTH_KM": 3.8900001049041748, "DIST_DN_KM": 651.70001220703125, "DIST_UP_KM": 33.700000762939453, "CATCH_SKM": 9.6499996185302734, "UPLAND_SKM": 279.39999389648438, "ENDORHEIC": 0, "DIS_AV_CMS": 6.6459999084472656, "ORD_STRA": 3, "ORD_CLAS": 5, "ORD_FLOW": 6, "HYBAS_L12": 6120269070.0, "Shape_Length": 3950.8502103603741 }, "geometry": { "type": "MultiLineString", "coordinates": [ [ [ 767543.064384644385427, 9703376.217471335083246 ], [ 764298.241104709799401, 9703382.557429512962699 ], [ 763833.806284702382982, 9702922.508592437952757 ] ] ] } },
{ "type": "Feature", "properties": { "OBJECTID": 44, "HYRIV_ID": 60577397, "NEXT_DOWN": 60577108, "MAIN_RIV": 60443230, "LENGTH_KM": 2.7400000095367432, "DIST_DN_KM": 665.20001220703125, "DIST_UP_KM": 6.1999998092651367, "CATCH_SKM": 11.149999618530273, "UPLAND_SKM": 11.199999809265137, "ENDORHEIC": 0, "DIS_AV_CMS": 0.26199999451637268, "ORD_STRA": 1, "ORD_CLAS": 6, "ORD_FLOW": 7, "HYBAS_L12": 6121066730.0, "Shape_Length": 2775.787771330939 }, "geometry": { "type": "MultiLineString", "coordinates": [ [ [ 775654.494431596947834, 9702899.043940294533968 ], [ 773568.422673278255388, 9702903.2596545368433 ], [ 773105.780991807347164, 9703365.168657315894961 ] ] ] } },
{ "type": "Feature", "properties": { "OBJECTID": 45, "HYRIV_ID": 60577677, "NEXT_DOWN": 60577108, "MAIN_RIV": 60443230, "LENGTH_KM": 0.93000000715255737, "DIST_DN_KM": 665.0, "DIST_UP_KM": 20.399999618530273, "CATCH_SKM": 0.86000001430511475, "UPLAND_SKM": 103.09999847412109, "ENDORHEIC": 0, "DIS_AV_CMS": 2.4660000801086426, "ORD_STRA": 2, "ORD_CLAS": 5, "ORD_FLOW": 6, "HYBAS_L12": 6121066730.0, "Shape_Length": 934.09128924036906 }, "geometry": { "type": "MultiLineString", "coordinates": [ [ [ 773103.92800390732009, 9702443.215611400082707 ], [ 773105.780991807347164, 9703365.168657315894961 ] ] ] } },
{ "type": "Feature", "properties": { "OBJECTID": 46, "HYRIV_ID": 60577953, "NEXT_DOWN": 60576790, "MAIN_RIV": 60443230, "LENGTH_KM": 3.7799999713897705, "DIST_DN_KM": 652.9000244140625, "DIST_UP_KM": 7.0, "CATCH_SKM": 15.010000228881836, "UPLAND_SKM": 15.0, "ENDORHEIC": 0, "DIS_AV_CMS": 0.37200000882148743, "ORD_STRA": 1, "ORD_CLAS": 8, "ORD_FLOW": 7, "HYBAS_L12": 6120268240.0, "Shape_Length": 3823.6205649738913 }, "geometry": { "type": "MultiLineString", "coordinates": [ [ [ 745987.761864102445543, 9702495.086812168359756 ], [ 746682.990271346177906, 9702493.824626587331295 ], [ 747145.63726987503469, 9702032.081515086814761 ], [ 748074.297903483966365, 9702952.19178032502532 ], [ 748075.138669639825821, 9703413.094045830890536 ], [ 748539.473983650794253, 9703873.152070175856352 ] ] ] } },
{ "type": "Feature", "properties": { "OBJECTID": 47, "HYRIV_ID": 60578254, "NEXT_DOWN": 60578884, "MAIN_RIV": 60443230, "LENGTH_KM": 2.8900001049041748, "DIST_DN_KM": 656.5999755859375, "DIST_UP_KM": 14.100000381469727, "CATCH_SKM": 8.3599996566772461, "UPLAND_SKM": 52.700000762939453, "ENDORHEIC": 0, "DIS_AV_CMS": 1.3190000057220459, "ORD_STRA": 2, "ORD_CLAS": 7, "ORD_FLOW": 6, "HYBAS_L12": 6121067200.0, "Shape_Length": 2926.6053418070551 }, "geometry": { "type": "MultiLineString", "coordinates": [ [ [ 736488.201786469435319, 9703433.719671092927456 ], [ 736951.663974674069323, 9703432.913678945973516 ], [ 737414.322892023948953, 9702971.233194591477513 ], [ 737413.517148890532553, 9702510.360391894355416 ], [ 738338.819797197240405, 9701586.984684251248837 ] ] ] } },
{ "type": "Feature", "properties": { "OBJECTID": 48, "HYRIV_ID": 60578255, "NEXT_DOWN": 60578884, "MAIN_RIV": 60443230, "LENGTH_KM": 2.7400000095367432, "DIST_DN_KM": 656.5999755859375, "DIST_UP_KM": 5.1999998092651367, "CATCH_SKM": 10.939999580383301, "UPLAND_SKM": 10.899999618530273, "ENDORHEIC": 0, "DIS_AV_CMS": 0.27300000190734863, "ORD_STRA": 1, "ORD_CLAS": 8, "ORD_FLOW": 7, "HYBAS_L12": 6121067200.0, "Shape_Length": 2769.2371451984031 }, "geometry": { "type": "MultiLineString", "coordinates": [ [ [ 739269.398577208747156, 9703659.298541666939855 ], [ 739268.182867538882419, 9702967.9818418584764 ], [ 738804.715972076519392, 9702968.797130160033703 ], [ 738803.093724652426317, 9702047.043866569176316 ], [ 738338.819797197240405, 9701586.984684251248837 ] ] ] } },
{ "type": "Feature", "properties": { "OBJECTID": 49, "HYRIV_ID": 60578256, "NEXT_DOWN": 60577396, "MAIN_RIV": 60443230, "LENGTH_KM": 2.2799999713897705, "DIST_DN_KM": 655.4000244140625, "DIST_UP_KM": 4.5999999046325684, "CATCH_SKM": 10.079999923706055, "UPLAND_SKM": 10.100000381469727, "ENDORHEIC": 0, "DIS_AV_CMS": 0.24199999868869781, "ORD_STRA": 1, "ORD_CLAS": 7, "ORD_FLOW": 7, "HYBAS_L12": 6120269070.0, "Shape_Length": 2297.3776995306616 }, "geometry": { "type": "MultiLineString", "coordinates": [ [ [ 767075.429105138638988, 9701302.816832469776273 ], [ 767077.701960781938396, 9702455.211945541203022 ], [ 767542.157533774618059, 9702915.25813389569521 ], [ 767543.064384644385427, 9703376.217471335083246 ] ] ] } },
{ "type": "Feature", "properties": { "OBJECTID": 50, "HYRIV_ID": 60578534, "NEXT_DOWN": 60579223, "MAIN_RIV": 60443230, "LENGTH_KM": 0.68999999761581421, "DIST_DN_KM": 644.79998779296875, "DIST_UP_KM": 3.4000000953674316, "CATCH_SKM": 5.1500000953674316, "UPLAND_SKM": 5.0999999046325684, "ENDORHEIC": 0, "DIS_AV_CMS": 0.12600000202655792, "ORD_STRA": 1, "ORD_CLAS": 7, "ORD_FLOW": 7, "HYBAS_L12": 6120269070.0, "Shape_Length": 700.8545214375107 }, "geometry": { "type": "MultiLineString", "coordinates": [ [ [ 757805.73560813604854, 9701781.748517191037536 ], [ 757804.417361644445919, 9701090.352939484640956 ] ] ] } },
{ "type": "Feature", "properties": { "OBJECTID": 51, "HYRIV_ID": 60578535, "NEXT_DOWN": 60579223, "MAIN_RIV": 60443230, "LENGTH_KM": 4.4699997901916504, "DIST_DN_KM": 645.0, "DIST_UP_KM": 40.5, "CATCH_SKM": 13.079999923706055, "UPLAND_SKM": 325.10000610351562, "ENDORHEIC": 0, "DIS_AV_CMS": 7.7519998550415039, "ORD_STRA": 3, "ORD_CLAS": 5, "ORD_FLOW": 6, "HYBAS_L12": 6120269070.0, "Shape_Length": 4529.7397909548481 }, "geometry": { "type": "MultiLineString", "coordinates": [ [ [ 761516.132345628575422, 9702926.988652236759663 ], [ 760589.072437241091393, 9702928.769622365012765 ], [ 759660.253844729042612, 9702008.67262957058847 ], [ 758733.211376645951532, 9702010.44635914452374 ], [ 757804.417361644445919, 9701090.352939484640956 ] ] ] } },
{ "type": "Feature", "properties": { "OBJECTID": 52, "HYRIV_ID": 60578536, "NEXT_DOWN": 60577395, "MAIN_RIV": 60443230, "LENGTH_KM": 2.2799999713897705, "DIST_DN_KM": 651.70001220703125, "DIST_UP_KM": 6.5999999046325684, "CATCH_SKM": 7.929999828338623, "UPLAND_SKM": 7.9000000953674316, "ENDORHEIC": 0, "DIS_AV_CMS": 0.19200000166893005, "ORD_STRA": 1, "ORD_CLAS": 6, "ORD_FLOW": 7, "HYBAS_L12": 6120269070.0, "Shape_Length": 2297.5621441672979 }, "geometry": { "type": "MultiLineString", "coordinates": [ [ [ 764293.296818153234199, 9700847.334468564018607 ], [ 764296.448050947277807, 9702460.658318040892482 ], [ 763833.806284702382982, 9702922.508592437952757 ] ] ] } },
{ "type": "Feature", "properties": { "OBJECTID": 53, "HYRIV_ID": 60578537, "NEXT_DOWN": 60577677, "MAIN_RIV": 60443230, "LENGTH_KM": 2.4700000286102295, "DIST_DN_KM": 666.0, "DIST_UP_KM": 4.9000000953674316, "CATCH_SKM": 15.869999885559082, "UPLAND_SKM": 15.899999618530273, "ENDORHEIC": 0, "DIS_AV_CMS": 0.37400001287460327, "ORD_STRA": 1, "ORD_CLAS": 6, "ORD_FLOW": 7, "HYBAS_L12": 6121066730.0, "Shape_Length": 2494.8920404059641 }, "geometry": { "type": "MultiLineString", "coordinates": [ [ [ 774491.357026954414323, 9700826.975869487971067 ], [ 774492.761983421165496, 9701518.447344169020653 ], [ 773567.493963545653969, 9702442.281673645600677 ], [ 773103.92800390732009, 9702443.215611400082707 ] ] ] } },
{ "type": "Feature", "properties": { "OBJECTID": 54, "HYRIV_ID": 60578884, "NEXT_DOWN": 60579220, "MAIN_RIV": 60443230, "LENGTH_KM": 1.1200000047683716, "DIST_DN_KM": 655.29998779296875, "DIST_UP_KM": 15.399999618530273, "CATCH_SKM": 0.86000001430511475, "UPLAND_SKM": 64.5, "ENDORHEIC": 0, "DIS_AV_CMS": 1.6130000352859497, "ORD_STRA": 2, "ORD_CLAS": 7, "ORD_FLOW": 6, "HYBAS_L12": 6121067200.0, "Shape_Length": 1130.4502997778882 }, "geometry": { "type": "MultiLineString", "coordinates": [ [ [ 738338.819797197240405, 9701586.984684251248837 ], [ 738801.466463131131604, 9701125.290534134954214 ], [ 738800.650853442726657, 9700664.413830410689116 ] ] ] } },
{ "type": "Feature", "properties": { "OBJECTID": 55, "HYRIV_ID": 60578885, "NEXT_DOWN": 60579223, "MAIN_RIV": 60443230, "LENGTH_KM": 1.1200000047683716, "DIST_DN_KM": 644.79998779296875, "DIST_UP_KM": 7.6999998092651367, "CATCH_SKM": 0.63999998569488525, "UPLAND_SKM": 33.200000762939453, "ENDORHEIC": 0, "DIS_AV_CMS": 0.81099998950958252, "ORD_STRA": 2, "ORD_CLAS": 6, "ORD_FLOW": 7, "HYBAS_L12": 6120269070.0, "Shape_Length": 1132.4657529681808 }, "geometry": { "type": "MultiLineString", "coordinates": [ [ [ 758730.56428758543916, 9700627.647017335519195 ], [ 758267.931991444900632, 9701089.467406367883086 ], [ 757804.417361644445919, 9701090.352939484640956 ] ] ] } },
{ "type": "Feature", "properties": { "OBJECTID": 56, "HYRIV_ID": 60578886, "NEXT_DOWN": 60577677, "MAIN_RIV": 60443230, "LENGTH_KM": 2.8900001049041748, "DIST_DN_KM": 666.0, "DIST_UP_KM": 19.5, "CATCH_SKM": 7.0799999237060547, "UPLAND_SKM": 86.400001525878906, "ENDORHEIC": 0, "DIS_AV_CMS": 2.0710000991821289, "ORD_STRA": 2, "ORD_CLAS": 5, "ORD_FLOW": 6, "HYBAS_L12": 6121066730.0, "Shape_Length": 2923.8599736328329 }, "geometry": { "type": "MultiLineString", "coordinates": [ [ [ 771245.981042826315388, 9700603.051964864134789 ], [ 772174.948121935594827, 9701523.131283242255449 ], [ 772175.875031643547118, 9701984.105036674067378 ], [ 772640.363548774737865, 9702444.147955236956477 ], [ 773103.92800390732009, 9702443.215611400082707 ] ] ] } },
{ "type": "Feature", "properties": { "OBJECTID": 57, "HYRIV_ID": 60579220, "NEXT_DOWN": 60580669, "MAIN_RIV": 60443230, "LENGTH_KM": 0.6600000262260437, "DIST_DN_KM": 654.79998779296875, "DIST_UP_KM": 26.299999237060547, "CATCH_SKM": 0.43000000715255737, "UPLAND_SKM": 233.69999694824219, "ENDORHEIC": 0, "DIS_AV_CMS": 5.8590002059936523, "ORD_STRA": 3, "ORD_CLAS": 6, "ORD_FLOW": 6, "HYBAS_L12": 6121067200.0, "Shape_Length": 662.96210542521135 }, "geometry": { "type": "MultiLineString", "coordinates": [ [ [ 738800.650853442726657, 9700664.413830410689116 ], [ 739263.291479618288577, 9700202.714378643780947 ] ] ] } },
{ "type": "Feature", "properties": { "OBJECTID": 58, "HYRIV_ID": 60579221, "NEXT_DOWN": 60580669, "MAIN_RIV": 60443230, "LENGTH_KM": 0.68999999761581421, "DIST_DN_KM": 654.5999755859375, "DIST_UP_KM": 3.5, "CATCH_SKM": 5.7899999618530273, "UPLAND_SKM": 5.8000001907348633, "ENDORHEIC": 0, "DIS_AV_CMS": 0.14399999380111694, "ORD_STRA": 1, "ORD_CLAS": 7, "ORD_FLOW": 7, "HYBAS_L12": 6120270040.0, "Shape_Length": 701.20697909749993 }, "geometry": { "type": "MultiLineString", "coordinates": [ [ [ 739264.518568986095488, 9700894.031305948272347 ], [ 739263.291479618288577, 9700202.714378643780947 ] ] ] } },
{ "type": "Feature", "properties": { "OBJECTID": 59, "HYRIV_ID": 60579222, "NEXT_DOWN": 60581253, "MAIN_RIV": 60443230, "LENGTH_KM": 5.2100000381469727, "DIST_DN_KM": 641.5999755859375, "DIST_UP_KM": 35.400001525878906, "CATCH_SKM": 15.869999885559082, "UPLAND_SKM": 326.79998779296875, "ENDORHEIC": 0, "DIS_AV_CMS": 7.9930000305175781, "ORD_STRA": 3, "ORD_CLAS": 6, "ORD_FLOW": 6, "HYBAS_L12": 6120269060.0, "Shape_Length": 5259.0578226690177 }, "geometry": { "type": "MultiLineString", "coordinates": [ [ [ 753639.728987269685604, 9704785.596874399110675 ], [ 753635.437602310441434, 9702481.006386710330844 ], [ 755023.358114938251674, 9701095.633173391222954 ], [ 755021.614707114407793, 9700173.788575988262892 ] ] ] } },
{ "type": "Feature", "properties": { "OBJECTID": 60, "HYRIV_ID": 60579223, "NEXT_DOWN": 60581253, "MAIN_RIV": 60443230, "LENGTH_KM": 3.1600000858306885, "DIST_DN_KM": 641.79998779296875, "DIST_UP_KM": 43.599998474121094, "CATCH_SKM": 7.2899999618530273, "UPLAND_SKM": 370.70001220703125, "ENDORHEIC": 0, "DIS_AV_CMS": 8.8660001754760742, "ORD_STRA": 3, "ORD_CLAS": 5, "ORD_FLOW": 6, "HYBAS_L12": 6120269070.0, "Shape_Length": 3204.7887273493175 }, "geometry": { "type": "MultiLineString", "coordinates": [ [ [ 757804.417361644445919, 9701090.352939484640956 ], [ 757340.904044109163806, 9701091.236983004957438 ], [ 756876.514751481125131, 9700631.191749652847648 ], [ 755485.991959850070998, 9700633.833496337756515 ], [ 755021.614707114407793, 9700173.788575988262892 ] ] ] } },
{ "type": "Feature", "properties": { "OBJECTID": 61, "HYRIV_ID": 60579475, "NEXT_DOWN": 60579220, "MAIN_RIV": 60443230, "LENGTH_KM": 1.7699999809265137, "DIST_DN_KM": 655.29998779296875, "DIST_UP_KM": 25.899999618530273, "CATCH_SKM": 2.5699999332427979, "UPLAND_SKM": 168.69999694824219, "ENDORHEIC": 0, "DIS_AV_CMS": 4.2350001335144043, "ORD_STRA": 3, "ORD_CLAS": 6, "ORD_FLOW": 6, "HYBAS_L12": 6121067200.0, "Shape_Length": 1796.0639962949085 }, "geometry": { "type": "MultiLineString", "coordinates": [ [ [ 737408.656256268266588, 9699745.122937461361289 ], [ 738337.193196713691577, 9700665.233822129666805 ], [ 738800.650853442726657, 9700664.413830410689116 ] ] ] } },
{ "type": "Feature", "properties": { "OBJECTID": 62, "HYRIV_ID": 60579761, "NEXT_DOWN": 60579762, "MAIN_RIV": 60443230, "LENGTH_KM": 2.0799999237060547, "DIST_DN_KM": 660.4000244140625, "DIST_UP_KM": 4.5999999046325684, "CATCH_SKM": 10.510000228881836, "UPLAND_SKM": 10.5, "ENDORHEIC": 0, "DIS_AV_CMS": 0.2630000114440918, "ORD_STRA": 1, "ORD_CLAS": 7, "ORD_FLOW": 7, "HYBAS_L12": 6121067200.0, "Shape_Length": 2109.1580861641437 }, "geometry": { "type": "MultiLineString", "coordinates": [ [ [ 733702.285603644791991, 9700442.913796173408628 ], [ 733700.283419967629015, 9699290.756211599335074 ], [ 734627.165586296352558, 9699289.13922082260251 ] ] ] } },
{ "type": "Feature", "properties": { "OBJECTID": 63, "HYRIV_ID": 60579762, "NEXT_DOWN": 60579475, "MAIN_RIV": 60443230, "LENGTH_KM": 3.3499999046325684, "DIST_DN_KM": 657.0999755859375, "DIST_UP_KM": 24.100000381469727, "CATCH_SKM": 7.929999828338623, "UPLAND_SKM": 156.10000610351562, "ENDORHEIC": 0, "DIS_AV_CMS": 3.9179999828338623, "ORD_STRA": 3, "ORD_CLAS": 6, "ORD_FLOW": 6, "HYBAS_L12": 6121067200.0, "Shape_Length": 3399.4364886265266 }, "geometry": { "type": "MultiLineString", "coordinates": [ [ [ 734627.165586296352558, 9699289.13922082260251 ], [ 735091.414957023924217, 9699749.195114666596055 ], [ 735554.860720743658021, 9699748.383942576125264 ], [ 736019.116220191353932, 9700208.440313560888171 ], [ 736482.566102021955885, 9700207.627056997269392 ], [ 736945.205519307870418, 9699745.940537683665752 ], [ 737408.656256268266588, 9699745.122937461361289 ] ] ] } },
{ "type": "Feature", "properties": { "OBJECTID": 64, "HYRIV_ID": 60579763, "NEXT_DOWN": 60578885, "MAIN_RIV": 60443230, "LENGTH_KM": 3.3900001049041748, "DIST_DN_KM": 645.9000244140625, "DIST_UP_KM": 5.5999999046325684, "CATCH_SKM": 14.789999961853027, "UPLAND_SKM": 14.800000190734863, "ENDORHEIC": 0, "DIS_AV_CMS": 0.36000001430511475, "ORD_STRA": 1, "ORD_CLAS": 7, "ORD_FLOW": 7, "HYBAS_L12": 6120269070.0, "Shape_Length": 3435.4424861487569 }, "geometry": { "type": "MultiLineString", "coordinates": [ [ [ 761045.025443690246902, 9699009.890081146731973 ], [ 761046.369662662036717, 9699701.300132997334003 ], [ 760583.744336994830519, 9700163.138129195198417 ], [ 760120.225938843912445, 9700164.034446144476533 ], [ 759657.597217083675787, 9700625.865069460123777 ], [ 758730.56428758543916, 9700627.647017335519195 ] ] ] } },
{ "type": "Feature", "properties": { "OBJECTID": 65, "HYRIV_ID": 60580668, "NEXT_DOWN": 60579762, "MAIN_RIV": 60443230, "LENGTH_KM": 1.7699999809265137, "DIST_DN_KM": 660.5999755859375, "DIST_UP_KM": 20.600000381469727, "CATCH_SKM": 2.7899999618530273, "UPLAND_SKM": 137.60000610351562, "ENDORHEIC": 0, "DIS_AV_CMS": 3.4570000171661377, "ORD_STRA": 3, "ORD_CLAS": 6, "ORD_FLOW": 6, "HYBAS_L12": 6121067200.0, "Shape_Length": 1793.6356235079816 }, "geometry": { "type": "MultiLineString", "coordinates": [ [ [ 733697.87080441461876, 9697908.166774291545153 ], [ 733698.676232043653727, 9698369.029980586841702 ], [ 734627.165586296352558, 9699289.13922082260251 ] ] ] } },
{ "type": "Feature", "properties": { "OBJECTID": 66, "HYRIV_ID": 60580669, "NEXT_DOWN": 60582093, "MAIN_RIV": 60443230, "LENGTH_KM": 2.8900001049041748, "DIST_DN_KM": 651.70001220703125, "DIST_UP_KM": 29.399999618530273, "CATCH_SKM": 7.7199997901916504, "UPLAND_SKM": 247.19999694824219, "ENDORHEIC": 0, "DIS_AV_CMS": 6.1960000991821289, "ORD_STRA": 3, "ORD_CLAS": 6, "ORD_FLOW": 6, "HYBAS_L12": 6120270040.0, "Shape_Length": 2923.7454211296244 }, "geometry": { "type": "MultiLineString", "coordinates": [ [ [ 739263.291479618288577, 9700202.714378643780947 ], [ 739725.929000206757337, 9699741.010697588324547 ], [ 739725.106462194933556, 9699280.131362404674292 ], [ 740650.366121927276254, 9698356.70907448977232 ], [ 740649.536657112766989, 9697895.82710805349052 ] ] ] } },
{ "type": "Feature", "properties": { "OBJECTID": 67, "HYRIV_ID": 60580960, "NEXT_DOWN": 60580961, "MAIN_RIV": 60443230, "LENGTH_KM": 4.130000114440918, "DIST_DN_KM": 664.70001220703125, "DIST_UP_KM": 6.0999999046325684, "CATCH_SKM": 11.789999961853027, "UPLAND_SKM": 11.800000190734863, "ENDORHEIC": 0, "DIS_AV_CMS": 0.29600000381469727, "ORD_STRA": 1, "ORD_CLAS": 8, "ORD_FLOW": 7, "HYBAS_L12": 6121067200.0, "Shape_Length": 4169.9320765896127 }, "geometry": { "type": "MultiLineString", "coordinates": [ [ [ 730923.222337400657125, 9701369.419052937999368 ], [ 730918.078868643613532, 9698373.857056559994817 ], [ 731380.711193997762166, 9697912.199567500501871 ], [ 731379.91251671500504, 9697451.342462407425046 ] ] ] } },
{ "type": "Feature", "properties": { "OBJECTID": 68, "HYRIV_ID": 60580961, "NEXT_DOWN": 60580668, "MAIN_RIV": 60443230, "LENGTH_KM": 2.5099999904632568, "DIST_DN_KM": 662.20001220703125, "DIST_UP_KM": 17.5, "CATCH_SKM": 3.0, "UPLAND_SKM": 67.5, "ENDORHEIC": 0, "DIS_AV_CMS": 1.6970000267028809, "ORD_STRA": 2, "ORD_CLAS": 7, "ORD_FLOW": 6, "HYBAS_L12": 6121067200.0, "Shape_Length": 2543.7406852180202 }, "geometry": { "type": "MultiLineString", "coordinates": [ [ [ 731379.91251671500504, 9697451.342462407425046 ], [ 731843.34041923773475, 9697450.537944076582789 ], [ 732307.571380283916369, 9697910.59131071344018 ], [ 733697.87080441461876, 9697908.166774291545153 ] ] ] } },
{ "type": "Feature", "properties": { "OBJECTID": 69, "HYRIV_ID": 60580962, "NEXT_DOWN": 60579475, "MAIN_RIV": 60443230, "LENGTH_KM": 3.5999999046325684, "DIST_DN_KM": 657.29998779296875, "DIST_UP_KM": 5.8000001907348633, "CATCH_SKM": 10.079999923706055, "UPLAND_SKM": 10.100000381469727, "ENDORHEIC": 0, "DIS_AV_CMS": 0.25299999117851257, "ORD_STRA": 1, "ORD_CLAS": 7, "ORD_FLOW": 7, "HYBAS_L12": 6121067200.0, "Shape_Length": 3646.4016687498051 }, "geometry": { "type": "MultiLineString", "coordinates": [ [ [ 736708.998493458144367, 9697211.557261249050498 ], [ 738333.924853327916935, 9698821.731786666437984 ], [ 737408.656256268266588, 9699745.122937461361289 ] ] ] } },
{ "type": "Feature", "properties": { "OBJECTID": 70, "HYRIV_ID": 60580963, "NEXT_DOWN": 60582093, "MAIN_RIV": 60443230, "LENGTH_KM": 1.1599999666213989, "DIST_DN_KM": 651.70001220703125, "DIST_UP_KM": 4.0, "CATCH_SKM": 7.7199997901916504, "UPLAND_SKM": 7.6999998092651367, "ENDORHEIC": 0, "DIS_AV_CMS": 0.19300000369548798, "ORD_STRA": 1, "ORD_CLAS": 7, "ORD_FLOW": 7, "HYBAS_L12": 6120270040.0, "Shape_Length": 1172.5507383483334 }, "geometry": { "type": "MultiLineString", "coordinates": [ [ [ 739953.529036920052022, 9697436.197382802143693 ], [ 740648.705939818522893, 9697434.945148088037968 ], [ 740649.536657112766989, 9697895.82710805349052 ] ] ] } },
{ "type": "Feature", "properties": { "OBJECTID": 71, "HYRIV_ID": 60580964, "NEXT_DOWN": 60581250, "MAIN_RIV": 60443230, "LENGTH_KM": 0.93000000715255737, "DIST_DN_KM": 643.5, "DIST_UP_KM": 37.599998474121094, "CATCH_SKM": 1.2899999618530273, "UPLAND_SKM": 289.70001220703125, "ENDORHEIC": 0, "DIS_AV_CMS": 7.254000186920166, "ORD_STRA": 3, "ORD_CLAS": 6, "ORD_FLOW": 6, "HYBAS_L12": 6120270040.0, "Shape_Length": 939.96652379133502 }, "geometry": { "type": "MultiLineString", "coordinates": [ [ [ 746210.22589473228436, 9697424.797033116221428 ], [ 747137.16407187958248, 9697423.08315790258348 ] ] ] } },
{ "type": "Feature", "properties": { "OBJECTID": 72, "HYRIV_ID": 60580965, "NEXT_DOWN": 60581250, "MAIN_RIV": 60443230, "LENGTH_KM": 4.7800002098083496, "DIST_DN_KM": 643.5, "DIST_UP_KM": 7.4000000953674316, "CATCH_SKM": 10.939999580383301, "UPLAND_SKM": 10.899999618530273, "ENDORHEIC": 0, "DIS_AV_CMS": 0.2720000147819519, "ORD_STRA": 1, "ORD_CLAS": 7, "ORD_FLOW": 7, "HYBAS_L12": 6120270040.0, "Shape_Length": 4840.1750798931434 }, "geometry": { "type": "MultiLineString", "coordinates": [ [ [ 744593.143554151174612, 9700193.137468934059143 ], [ 746215.306292015244253, 9700190.180809928104281 ], [ 746677.939177545020357, 9699728.433933548629284 ], [ 746675.396197228692472, 9698345.738160284236073 ], [ 747138.017266939161345, 9697883.983064007014036 ], [ 747137.16407187958248, 9697423.08315790258348 ] ] ] } },
{ "type": "Feature", "properties": { "OBJECTID": 73, "HYRIV_ID": 60580966, "NEXT_DOWN": 60581252, "MAIN_RIV": 60443230, "LENGTH_KM": 3.7799999713897705, "DIST_DN_KM": 638.5, "DIST_UP_KM": 7.5999999046325684, "CATCH_SKM": 15.649999618530273, "UPLAND_SKM": 15.699999809265137, "ENDORHEIC": 0, "DIS_AV_CMS": 0.38699999451637268, "ORD_STRA": 1, "ORD_CLAS": 7, "ORD_FLOW": 7, "HYBAS_L12": 6120270040.0, "Shape_Length": 3819.2262424457081 }, "geometry": { "type": "MultiLineString", "coordinates": [ [ [ 751777.560099897324108, 9700410.351395517587662 ], [ 751776.266714535653591, 9699718.981957875192165 ], [ 750847.563397289719433, 9698798.89416691288352 ], [ 751772.803184474818408, 9697875.329734787344933 ], [ 751771.933931508567184, 9697414.416603980585933 ] ] ] } },
{ "type": "Feature", "properties": { "OBJECTID": 74, "HYRIV_ID": 60580967, "NEXT_DOWN": 60578885, "MAIN_RIV": 60443230, "LENGTH_KM": 3.440000057220459, "DIST_DN_KM": 645.9000244140625, "DIST_UP_KM": 6.5999999046325684, "CATCH_SKM": 6.6500000953674316, "UPLAND_SKM": 17.799999237060547, "ENDORHEIC": 0, "DIS_AV_CMS": 0.43500000238418579, "ORD_STRA": 2, "ORD_CLAS": 6, "ORD_FLOW": 7, "HYBAS_L12": 6120269070.0, "Shape_Length": 3465.9352666525988 }, "geometry": { "type": "MultiLineString", "coordinates": [ [ [ 759187.844641410163604, 9697400.214598948135972 ], [ 759189.633000490954146, 9698322.083924442529678 ], [ 758727.01575855910778, 9698783.914260433986783 ], [ 758730.56428758543916, 9700627.647017335519195 ] ] ] } },
{ "type": "Feature", "properties": { "OBJECTID": 75, "HYRIV_ID": 60581248, "NEXT_DOWN": 60581249, "MAIN_RIV": 60443230, "LENGTH_KM": 2.369999885559082, "DIST_DN_KM": 666.29998779296875, "DIST_UP_KM": 5.4000000953674316, "CATCH_SKM": 7.2899999618530273, "UPLAND_SKM": 7.3000001907348633, "ENDORHEIC": 0, "DIS_AV_CMS": 0.18299999833106995, "ORD_STRA": 1, "ORD_CLAS": 8, "ORD_FLOW": 7, "HYBAS_L12": 6121067200.0, "Shape_Length": 2397.4639830200331 }, "geometry": { "type": "MultiLineString", "coordinates": [ [ [ 729297.2672358895652, 9699067.923347894102335 ], [ 729991.222838858840987, 9698375.453173611313105 ], [ 729988.841234386782162, 9696992.893072292208672 ] ] ] } },
{ "type": "Feature", "properties": { "OBJECTID": 76, "HYRIV_ID": 60581249, "NEXT_DOWN": 60580961, "MAIN_RIV": 60443230, "LENGTH_KM": 1.5800000429153442, "DIST_DN_KM": 664.9000244140625, "DIST_UP_KM": 14.800000190734863, "CATCH_SKM": 6.8600001335144043, "UPLAND_SKM": 52.700000762939453, "ENDORHEIC": 0, "DIS_AV_CMS": 1.3259999752044678, "ORD_STRA": 2, "ORD_CLAS": 7, "ORD_FLOW": 6, "HYBAS_L12": 6121067200.0, "Shape_Length": 1603.4780274743521 }, "geometry": { "type": "MultiLineString", "coordinates": [ [ [ 729988.841234386782162, 9696992.893072292208672 ], [ 730915.687680089846253, 9696991.289576962590218 ], [ 731379.91251671500504, 9697451.342462407425046 ] ] ] } },
{ "type": "Feature", "properties": { "OBJECTID": 77, "HYRIV_ID": 60581250, "NEXT_DOWN": 60581251, "MAIN_RIV": 60443230, "LENGTH_KM": 2.5099999904632568, "DIST_DN_KM": 641.0, "DIST_UP_KM": 40.099998474121094, "CATCH_SKM": 7.2899999618530273, "UPLAND_SKM": 307.89999389648438, "ENDORHEIC": 0, "DIS_AV_CMS": 7.7059998512268066, "ORD_STRA": 3, "ORD_CLAS": 6, "ORD_FLOW": 6, "HYBAS_L12": 6120270040.0, "Shape_Length": 2542.6332862322533 }, "geometry": { "type": "MultiLineString", "coordinates": [ [ [ 747137.16407187958248, 9697423.08315790258348 ], [ 748064.107501697726548, 9697421.362746223807335 ], [ 748526.721885371953249, 9696959.596246672794223 ], [ 749453.670021435711533, 9696957.863481901586056 ] ] ] } },
{ "type": "Feature", "properties": { "OBJECTID": 78, "HYRIV_ID": 60581251, "NEXT_DOWN": 60581252, "MAIN_RIV": 60443230, "LENGTH_KM": 2.5099999904632568, "DIST_DN_KM": 638.5, "DIST_UP_KM": 42.599998474121094, "CATCH_SKM": 8.1499996185302734, "UPLAND_SKM": 321.79998779296875, "ENDORHEIC": 0, "DIS_AV_CMS": 8.050999641418457, "ORD_STRA": 3, "ORD_CLAS": 6, "ORD_FLOW": 6, "HYBAS_L12": 6120270040.0, "Shape_Length": 2542.4735005199668 }, "geometry": { "type": "MultiLineString", "coordinates": [ [ [ 749453.670021435711533, 9696957.863481901586056 ], [ 750380.623408961226232, 9696956.124376406893134 ], [ 750844.969400576781482, 9697416.162874875590205 ], [ 751771.933931508567184, 9697414.416603980585933 ] ] ] } },
{ "type": "Feature", "properties": { "OBJECTID": 79, "HYRIV_ID": 60581252, "NEXT_DOWN": 60583924, "MAIN_RIV": 60443230, "LENGTH_KM": 1.5800000429153442, "DIST_DN_KM": 636.9000244140625, "DIST_UP_KM": 44.200000762939453, "CATCH_SKM": 2.1400001049041748, "UPLAND_SKM": 339.60000610351562, "ENDORHEIC": 0, "DIS_AV_CMS": 8.4899997711181641, "ORD_STRA": 3, "ORD_CLAS": 6, "ORD_FLOW": 6, "HYBAS_L12": 6120270040.0, "Shape_Length": 1602.5288943210198 }, "geometry": { "type": "MultiLineString", "coordinates": [ [ [ 751771.933931508567184, 9697414.416603980585933 ], [ 752235.418215259443969, 9697413.541138658300042 ], [ 752698.030134008964524, 9696951.748123988509178 ], [ 753161.515553329722025, 9696950.868114836513996 ] ] ] } },
{ "type": "Feature", "properties": { "OBJECTID": 80, "HYRIV_ID": 60581253, "NEXT_DOWN": 60583924, "MAIN_RIV": 60443230, "LENGTH_KM": 4.6599998474121094, "DIST_DN_KM": 636.9000244140625, "DIST_UP_KM": 48.5, "CATCH_SKM": 14.579999923706055, "UPLAND_SKM": 712.0999755859375, "ENDORHEIC": 0, "DIS_AV_CMS": 17.215000152587891, "ORD_STRA": 4, "ORD_CLAS": 5, "ORD_FLOW": 5, "HYBAS_L12": 6120269930.0, "Shape_Length": 4717.9319614890919 }, "geometry": { "type": "MultiLineString", "coordinates": [ [ [ 755021.614707114407793, 9700173.788575988262892 ], [ 754557.240595411276445, 9699713.744721651077271 ], [ 754093.741618615109473, 9699714.621562069281936 ], [ 753629.373646184336394, 9699254.578556863591075 ], [ 754091.99647890473716, 9698792.782214367762208 ], [ 753163.264926931471564, 9697872.702297683805227 ], [ 753161.515553329722025, 9696950.868114836513996 ] ] ] } },
{ "type": "Feature", "properties": { "OBJECTID": 81, "HYRIV_ID": 60581254, "NEXT_DOWN": 60580967, "MAIN_RIV": 60443230, "LENGTH_KM": 0.98000001907348633, "DIST_DN_KM": 649.5, "DIST_UP_KM": 2.7000000476837158, "CATCH_SKM": 6.0, "UPLAND_SKM": 6.0, "ENDORHEIC": 0, "DIS_AV_CMS": 0.14699999988079071, "ORD_STRA": 1, "ORD_CLAS": 7, "ORD_FLOW": 7, "HYBAS_L12": 6120269070.0, "Shape_Length": 993.89615845724518 }, "geometry": { "type": "MultiLineString", "coordinates": [ [ [ 758491.246960530523211, 9696710.164567641913891 ], [ 759187.844641410163604, 9697400.214598948135972 ] ] ] } },
{ "type": "Feature", "properties": { "OBJECTID": 82, "HYRIV_ID": 60581546, "NEXT_DOWN": 60580964, "MAIN_RIV": 60443230, "LENGTH_KM": 1.6399999856948853, "DIST_DN_KM": 644.70001220703125, "DIST_UP_KM": 4.3000001907348633, "CATCH_SKM": 6.2199997901916504, "UPLAND_SKM": 6.1999998092651367, "ENDORHEIC": 0, "DIS_AV_CMS": 0.1550000011920929, "ORD_STRA": 1, "ORD_CLAS": 7, "ORD_FLOW": 7, "HYBAS_L12": 6120270040.0, "Shape_Length": 1657.0646828336808 }, "geometry": { "type": "MultiLineString", "coordinates": [ [ [ 746439.827355434652418, 9696272.124080495908856 ], [ 745745.909184378921054, 9696964.755516635254025 ], [ 746210.22589473228436, 9697424.797033116221428 ] ] ] } },
{ "type": "Feature", "properties": { "OBJECTID": 83, "HYRIV_ID": 60581547, "NEXT_DOWN": 60581251, "MAIN_RIV": 60443230, "LENGTH_KM": 0.68999999761581421, "DIST_DN_KM": 641.0, "DIST_UP_KM": 3.7999999523162842, "CATCH_SKM": 5.7899999618530273, "UPLAND_SKM": 5.8000001907348633, "ENDORHEIC": 0, "DIS_AV_CMS": 0.14399999380111694, "ORD_STRA": 1, "ORD_CLAS": 7, "ORD_FLOW": 7, "HYBAS_L12": 6120270040.0, "Shape_Length": 701.01213518698944 }, "geometry": { "type": "MultiLineString", "coordinates": [ [ [ 749452.373758628964424, 9696266.503618784248829 ], [ 749453.670021435711533, 9696957.863481901586056 ] ] ] } },
{ "type": "Feature", "properties": { "OBJECTID": 84, "HYRIV_ID": 60581548, "NEXT_DOWN": 60580967, "MAIN_RIV": 60443230, "LENGTH_KM": 1.1599999666213989, "DIST_DN_KM": 649.29998779296875, "DIST_UP_KM": 3.2000000476837158, "CATCH_SKM": 5.1500000953674316, "UPLAND_SKM": 5.0999999046325684, "ENDORHEIC": 0, "DIS_AV_CMS": 0.12600000202655792, "ORD_STRA": 1, "ORD_CLAS": 6, "ORD_FLOW": 7, "HYBAS_L12": 6120269070.0, "Shape_Length": 1168.0467702728947 }, "geometry": { "type": "MultiLineString", "coordinates": [ [ [ 759185.601547955302522, 9696247.87781616859138 ], [ 759187.844641410163604, 9697400.214598948135972 ] ] ] } },
{ "type": "Feature", "properties": { "OBJECTID": 85, "HYRIV_ID": 60581549, "NEXT_DOWN": 60581550, "MAIN_RIV": 60443230, "LENGTH_KM": 0.68999999761581421, "DIST_DN_KM": 676.4000244140625, "DIST_UP_KM": 3.5999999046325684, "CATCH_SKM": 8.3599996566772461, "UPLAND_SKM": 8.3999996185302734, "ENDORHEIC": 0, "DIS_AV_CMS": 0.20200000703334808, "ORD_STRA": 1, "ORD_CLAS": 6, "ORD_FLOW": 7, "HYBAS_L12": 6121066730.0, "Shape_Length": 704.59832812415641 }, "geometry": { "type": "MultiLineString", "coordinates": [ [ [ 765906.977167818695307, 9696465.077455220744014 ], [ 766602.26223447045777, 9696463.685585957020521 ] ] ] } },
{ "type": "Feature", "properties": { "OBJECTID": 86, "HYRIV_ID": 60581550, "NEXT_DOWN": 60578886, "MAIN_RIV": 60443230, "LENGTH_KM": 7.5500001907348633, "DIST_DN_KM": 668.9000244140625, "DIST_UP_KM": 16.600000381469727, "CATCH_SKM": 21.010000228881836, "UPLAND_SKM": 49.299999237060547, "ENDORHEIC": 0, "DIS_AV_CMS": 1.1859999895095825, "ORD_STRA": 2, "ORD_CLAS": 5, "ORD_FLOW": 6, "HYBAS_L12": 6121066730.0, "Shape_Length": 7640.0628935923496 }, "geometry": { "type": "MultiLineString", "coordinates": [ [ [ 766602.26223447045777, 9696463.685585957020521 ], [ 768460.081783558242023, 9698303.806006696075201 ], [ 768922.691957547096536, 9697841.911319209262729 ], [ 769386.228943559573963, 9697840.977459635585546 ], [ 769850.697813471080735, 9698301.008819878101349 ], [ 769853.480300082825124, 9699683.908940955996513 ], [ 770782.428683439386077, 9700603.983698410913348 ], [ 771245.981042826315388, 9700603.051964864134789 ] ] ] } },
{ "type": "Feature", "properties": { "OBJECTID": 87, "HYRIV_ID": 60582093, "NEXT_DOWN": 60580964, "MAIN_RIV": 60443230, "LENGTH_KM": 7.2800002098083496, "DIST_DN_KM": 644.5, "DIST_UP_KM": 36.700000762939453, "CATCH_SKM": 27.229999542236328, "UPLAND_SKM": 282.20001220703125, "ENDORHEIC": 0, "DIS_AV_CMS": 7.0669999122619629, "ORD_STRA": 3, "ORD_CLAS": 6, "ORD_FLOW": 6, "HYBAS_L12": 6120270040.0, "Shape_Length": 7375.9362827019431 }, "geometry": { "type": "MultiLineString", "coordinates": [ [ [ 740649.536657112766989, 9697895.82710805349052 ], [ 742962.615611005108804, 9695587.191423000767827 ], [ 743426.068508700816892, 9695586.341464849188924 ], [ 744354.674279548111372, 9696506.42117165774107 ], [ 744818.134286004118621, 9696505.568814808502793 ], [ 745746.758777004433796, 9697425.651593761518598 ], [ 746210.22589473228436, 9697424.797033116221428 ] ] ] } },
{ "type": "Feature", "properties": { "OBJECTID": 88, "HYRIV_ID": 60582713, "NEXT_DOWN": 60581249, "MAIN_RIV": 60443230, "LENGTH_KM": 5.4000000953674316, "DIST_DN_KM": 666.29998779296875, "DIST_UP_KM": 13.399999618530273, "CATCH_SKM": 13.510000228881836, "UPLAND_SKM": 38.599998474121094, "ENDORHEIC": 0, "DIS_AV_CMS": 0.97100001573562622, "ORD_STRA": 2, "ORD_CLAS": 7, "ORD_FLOW": 7, "HYBAS_L12": 6121067200.0, "Shape_Length": 5471.3884601785103 }, "geometry": { "type": "MultiLineString", "coordinates": [ [ [ 725814.171823030454107, 9694695.815208040177822 ], [ 725814.958390001789667, 9695156.657927652820945 ], [ 726743.346111483871937, 9696076.76417551189661 ], [ 727206.756974480464123, 9696075.972208213061094 ], [ 727670.958465982461348, 9696536.026016050949693 ], [ 728134.373349139117636, 9696535.231973266229033 ], [ 728598.580862024449743, 9696995.286070523783565 ], [ 729988.841234386782162, 9696992.893072292208672 ] ] ] } },
{ "type": "Feature", "properties": { "OBJECTID": 89, "HYRIV_ID": 60583011, "NEXT_DOWN": 60582713, "MAIN_RIV": 60443230, "LENGTH_KM": 2.2699999809265137, "DIST_DN_KM": 671.70001220703125, "DIST_UP_KM": 5.9000000953674316, "CATCH_SKM": 9.2200002670288086, "UPLAND_SKM": 9.1999998092651367, "ENDORHEIC": 0, "DIS_AV_CMS": 0.23199999332427979, "ORD_STRA": 1, "ORD_CLAS": 8, "ORD_FLOW": 7, "HYBAS_L12": 6121067200.0, "Shape_Length": 2308.9663357398586 }, "geometry": { "type": "MultiLineString", "coordinates": [ [ [ 727898.702493493678048, 9694231.388701168820262 ], [ 726740.189234014833346, 9694233.383744960650802 ], [ 726277.575408971519209, 9694695.022854629904032 ], [ 725814.171823030454107, 9694695.815208040177822 ] ] ] } },
{ "type": "Feature", "properties": { "OBJECTID": 90, "HYRIV_ID": 60583012, "NEXT_DOWN": 60578886, "MAIN_RIV": 60443230, "LENGTH_KM": 7.7699999809265137, "DIST_DN_KM": 668.9000244140625, "DIST_UP_KM": 10.600000381469727, "CATCH_SKM": 30.020000457763672, "UPLAND_SKM": 30.0, "ENDORHEIC": 0, "DIS_AV_CMS": 0.71700000762939453, "ORD_STRA": 1, "ORD_CLAS": 6, "ORD_FLOW": 7, "HYBAS_L12": 6121066730.0, "Shape_Length": 7846.6815582433401 }, "geometry": { "type": "MultiLineString", "coordinates": [ [ [ 769610.039747282047756, 9693922.2974590100348 ], [ 771235.694442338775843, 9695532.370473299175501 ], [ 771236.63670366932638, 9695993.341613531112671 ], [ 771701.116958988830447, 9696453.366557516157627 ], [ 771707.674186734599061, 9699680.173964828252792 ], [ 771245.052996320882812, 9700142.081085722893476 ], [ 771245.981042826315388, 9700603.051964864134789 ] ] ] } },
{ "type": "Feature", "properties": { "OBJECTID": 91, "HYRIV_ID": 60583310, "NEXT_DOWN": 60582713, "MAIN_RIV": 60443230, "LENGTH_KM": 1.1200000047683716, "DIST_DN_KM": 671.9000244140625, "DIST_UP_KM": 7.8000001907348633, "CATCH_SKM": 2.3599998950958252, "UPLAND_SKM": 15.899999618530273, "ENDORHEIC": 0, "DIS_AV_CMS": 0.39899998903274536, "ORD_STRA": 2, "ORD_CLAS": 7, "ORD_FLOW": 7, "HYBAS_L12": 6121067200.0, "Shape_Length": 1130.8421812399372 }, "geometry": { "type": "MultiLineString", "coordinates": [ [ [ 725349.195905276341364, 9693774.922716910019517 ], [ 725349.983211666345596, 9694235.764349652454257 ], [ 725814.171823030454107, 9694695.815208040177822 ] ] ] } },
{ "type": "Feature", "properties": { "OBJECTID": 92, "HYRIV_ID": 60583617, "NEXT_DOWN": 60583310, "MAIN_RIV": 60443230, "LENGTH_KM": 0.68999999761581421, "DIST_DN_KM": 672.79998779296875, "DIST_UP_KM": 3.5999999046325684, "CATCH_SKM": 5.7899999618530273, "UPLAND_SKM": 5.8000001907348633, "ENDORHEIC": 0, "DIS_AV_CMS": 0.14599999785423279, "ORD_STRA": 1, "ORD_CLAS": 8, "ORD_FLOW": 7, "HYBAS_L12": 6121067200.0, "Shape_Length": 701.47517152688988 }, "geometry": { "type": "MultiLineString", "coordinates": [ [ [ 725348.012773299822584, 9693083.66023388504982 ], [ 725349.195905276341364, 9693774.922716910019517 ] ] ] } },
{ "type": "Feature", "properties": { "OBJECTID": 93, "HYRIV_ID": 60583923, "NEXT_DOWN": 60584817, "MAIN_RIV": 60443230, "LENGTH_KM": 2.2899999618530273, "DIST_DN_KM": 639.0, "DIST_UP_KM": 4.6999998092651367, "CATCH_SKM": 8.5799999237060547, "UPLAND_SKM": 8.6000003814697266, "ENDORHEIC": 0, "DIS_AV_CMS": 0.21500000357627869, "ORD_STRA": 1, "ORD_CLAS": 6, "ORD_FLOW": 7, "HYBAS_L12": 6121068340.0, "Shape_Length": 2320.3423575590564 }, "geometry": { "type": "MultiLineString", "coordinates": [ [ [ 737630.930597899481654, 9694444.665076792240143 ], [ 739250.026476424653083, 9692828.662911169230938 ] ] ] } },
{ "type": "Feature", "properties": { "OBJECTID": 94, "HYRIV_ID": 60583924, "NEXT_DOWN": 60585079, "MAIN_RIV": 60443230, "LENGTH_KM": 4.5500001907348633, "DIST_DN_KM": 632.4000244140625, "DIST_UP_KM": 53.099998474121094, "CATCH_SKM": 13.720000267028809, "UPLAND_SKM": 1065.5, "ENDORHEIC": 0, "DIS_AV_CMS": 26.038999557495117, "ORD_STRA": 4, "ORD_CLAS": 5, "ORD_FLOW": 5, "HYBAS_L12": 6121068340.0, "Shape_Length": 4596.3992675135523 }, "geometry": { "type": "MultiLineString", "coordinates": [ [ [ 753161.515553329722025, 9696950.868114836513996 ], [ 753158.000830075703561, 9695107.199265386909246 ], [ 753620.597428951761685, 9694645.393530331552029 ], [ 753619.712494775885716, 9694184.474879266694188 ], [ 754082.30295211286284, 9693722.66356404311955 ], [ 754080.523175389855169, 9692800.823465440422297 ] ] ] } },
{ "type": "Feature", "properties": { "OBJECTID": 95, "HYRIV_ID": 60584177, "NEXT_DOWN": 60584817, "MAIN_RIV": 60443230, "LENGTH_KM": 1.4500000476837158, "DIST_DN_KM": 638.79998779296875, "DIST_UP_KM": 3.5, "CATCH_SKM": 7.5, "UPLAND_SKM": 7.5, "ENDORHEIC": 0, "DIS_AV_CMS": 0.18799999356269836, "ORD_STRA": 1, "ORD_CLAS": 7, "ORD_FLOW": 7, "HYBAS_L12": 6121068340.0, "Shape_Length": 1464.4923764388209 }, "geometry": { "type": "MultiLineString", "coordinates": [ [ [ 738090.195720018120483, 9692139.454195259138942 ], [ 738786.594805315718986, 9692829.505885291844606 ], [ 739250.026476424653083, 9692828.662911169230938 ] ] ] } },
{ "type": "Feature", "properties": { "OBJECTID": 96, "HYRIV_ID": 60584178, "NEXT_DOWN": 60584496, "MAIN_RIV": 60443230, "LENGTH_KM": 2.559999942779541, "DIST_DN_KM": 634.79998779296875, "DIST_UP_KM": 5.0999999046325684, "CATCH_SKM": 9.6499996185302734, "UPLAND_SKM": 9.6000003814697266, "ENDORHEIC": 0, "DIS_AV_CMS": 0.2370000034570694, "ORD_STRA": 1, "ORD_CLAS": 6, "ORD_FLOW": 7, "HYBAS_L12": 6121068340.0, "Shape_Length": 2591.0944306942542 }, "geometry": { "type": "MultiLineString", "coordinates": [ [ [ 757096.281940697343089, 9694408.214378276839852 ], [ 755935.327742645749822, 9693258.151040960103273 ], [ 755933.532187949866056, 9692336.300105255097151 ] ] ] } },
{ "type": "Feature", "properties": { "OBJECTID": 97, "HYRIV_ID": 60584179, "NEXT_DOWN": 60585082, "MAIN_RIV": 60443230, "LENGTH_KM": 2.9300000667572021, "DIST_DN_KM": 618.9000244140625, "DIST_UP_KM": 4.9000000953674316, "CATCH_SKM": 10.079999923706055, "UPLAND_SKM": 10.100000381469727, "ENDORHEIC": 0, "DIS_AV_CMS": 0.2370000034570694, "ORD_STRA": 1, "ORD_CLAS": 8, "ORD_FLOW": 7, "HYBAS_L12": 6121068670.0, "Shape_Length": 2958.9881035890826 }, "geometry": { "type": "MultiLineString", "coordinates": [ [ [ 777723.883010651101358, 9694827.448709616437554 ], [ 777721.45897955854889, 9693674.96980844810605 ], [ 777256.939807020360604, 9693214.955790819600224 ], [ 777255.967814420117065, 9692753.965615674853325 ], [ 776791.452040458563715, 9692293.954220380634069 ] ] ] } },
{ "type": "Feature", "properties": { "OBJECTID": 98, "HYRIV_ID": 60584495, "NEXT_DOWN": 60583310, "MAIN_RIV": 60443230, "LENGTH_KM": 2.75, "DIST_DN_KM": 673.0, "DIST_UP_KM": 6.6999998092651367, "CATCH_SKM": 7.7199997901916504, "UPLAND_SKM": 7.6999998092651367, "ENDORHEIC": 0, "DIS_AV_CMS": 0.1940000057220459, "ORD_STRA": 1, "ORD_CLAS": 7, "ORD_FLOW": 7, "HYBAS_L12": 6121067200.0, "Shape_Length": 1794.0655331012308 }, "geometry": { "type": "MultiLineString", "coordinates": [ [ [ 724420.041844275896437, 9692393.986163932830095 ], [ 724420.829471621080302, 9692854.825527684763074 ], [ 725349.195905276341364, 9693774.922716910019517 ] ] ] } },
{ "type": "Feature", "properties": { "OBJECTID": 99, "HYRIV_ID": 60584496, "NEXT_DOWN": 60585079, "MAIN_RIV": 60443230, "LENGTH_KM": 2.4300000667572021, "DIST_DN_KM": 632.5999755859375, "DIST_UP_KM": 7.4000000953674316, "CATCH_SKM": 3.8599998950958252, "UPLAND_SKM": 34.299999237060547, "ENDORHEIC": 0, "DIS_AV_CMS": 0.8410000205039978, "ORD_STRA": 2, "ORD_CLAS": 6, "ORD_FLOW": 7, "HYBAS_L12": 6121068340.0, "Shape_Length": 2457.8213706874185 }, "geometry": { "type": "MultiLineString", "coordinates": [ [ [ 755933.532187949866056, 9692336.300105255097151 ], [ 755470.054870306281373, 9692337.203425895422697 ], [ 755005.682433788664639, 9691877.182245440781116 ], [ 754080.523175389855169, 9692800.823465440422297 ] ] ] } },
{ "type": "Feature", "properties": { "OBJECTID": 100, "HYRIV_ID": 60584497, "NEXT_DOWN": 60584496, "MAIN_RIV": 60443230, "LENGTH_KM": 0.6600000262260437, "DIST_DN_KM": 635.0, "DIST_UP_KM": 4.9000000953674316, "CATCH_SKM": 0.20999999344348907, "UPLAND_SKM": 20.799999237060547, "ENDORHEIC": 0, "DIS_AV_CMS": 0.50900000333786011, "ORD_STRA": 2, "ORD_CLAS": 7, "ORD_FLOW": 7, "HYBAS_L12": 6121068340.0, "Shape_Length": 662.63195626251047 }, "geometry": { "type": "MultiLineString", "coordinates": [ [ [ 756396.109432412311435, 9691874.468375062569976 ], [ 755933.532187949866056, 9692336.300105255097151 ] ] ] } },
{ "type": "Feature", "properties": { "OBJECTID": 101, "HYRIV_ID": 60584498, "NEXT_DOWN": 60584819, "MAIN_RIV": 60443230, "LENGTH_KM": 1.1599999666213989, "DIST_DN_KM": 621.5999755859375, "DIST_UP_KM": 4.5, "CATCH_SKM": 4.929999828338623, "UPLAND_SKM": 4.9000000953674316, "ENDORHEIC": 0, "DIS_AV_CMS": 0.11500000208616257, "ORD_STRA": 1, "ORD_CLAS": 8, "ORD_FLOW": 7, "HYBAS_L12": 6121068670.0, "Shape_Length": 1167.4274843011253 }, "geometry": { "type": "MultiLineString", "coordinates": [ [ [ 779110.647636016597971, 9692980.537955338135362 ], [ 779108.196726781548932, 9691828.04778771288693 ] ] ] } },
{ "type": "Feature", "properties": { "OBJECTID": 102, "HYRIV_ID": 60584817, "NEXT_DOWN": 60587645, "MAIN_RIV": 60443230, "LENGTH_KM": 4.7399997711181641, "DIST_DN_KM": 634.0999755859375, "DIST_UP_KM": 9.6999998092651367, "CATCH_SKM": 15.010000228881836, "UPLAND_SKM": 31.100000381469727, "ENDORHEIC": 0, "DIS_AV_CMS": 0.77799999713897705, "ORD_STRA": 2, "ORD_CLAS": 6, "ORD_FLOW": 7, "HYBAS_L12": 6121068340.0, "Shape_Length": 4808.8882808548278 }, "geometry": { "type": "MultiLineString", "coordinates": [ [ [ 739250.026476424653083, 9692828.662911169230938 ], [ 740640.329080648487434, 9692826.124205630272627 ], [ 742028.090743741369806, 9691440.912445489317179 ], [ 743418.40176841954235, 9691438.332716844975948 ] ] ] } },
{ "type": "Feature", "properties": { "OBJECTID": 103, "HYRIV_ID": 60584818, "NEXT_DOWN": 60584497, "MAIN_RIV": 60443230, "LENGTH_KM": 2.369999885559082, "DIST_DN_KM": 635.5, "DIST_UP_KM": 4.5, "CATCH_SKM": 15.439999580383301, "UPLAND_SKM": 15.399999618530273, "ENDORHEIC": 0, "DIS_AV_CMS": 0.37799999117851257, "ORD_STRA": 1, "ORD_CLAS": 7, "ORD_FLOW": 7, "HYBAS_L12": 6121068340.0, "Shape_Length": 2403.3844795367645 }, "geometry": { "type": "MultiLineString", "coordinates": [ [ [ 758480.407019964419305, 9691178.970320338383317 ], [ 757786.548507899744436, 9691871.739642960950732 ], [ 756396.109432412311435, 9691874.468375062569976 ] ] ] } },
{ "type": "Feature", "properties": { "OBJECTID": 104, "HYRIV_ID": 60584819, "NEXT_DOWN": 60585082, "MAIN_RIV": 60443230, "LENGTH_KM": 2.8900001049041748, "DIST_DN_KM": 618.9000244140625, "DIST_UP_KM": 11.300000190734863, "CATCH_SKM": 4.2899999618530273, "UPLAND_SKM": 40.299999237060547, "ENDORHEIC": 0, "DIS_AV_CMS": 0.93599998950958252, "ORD_STRA": 2, "ORD_CLAS": 7, "ORD_FLOW": 7, "HYBAS_L12": 6121068670.0, "Shape_Length": 2925.8771771780785 }, "geometry": { "type": "MultiLineString", "coordinates": [ [ [ 779108.196726781548932, 9691828.04778771288693 ], [ 778643.668889675522223, 9691368.040061105042696 ], [ 778180.125427174847573, 9691369.026623582467437 ], [ 777717.561467099236324, 9691831.003388404846191 ], [ 777254.019413013360463, 9691831.985206803306937 ], [ 776791.452040458563715, 9692293.954220380634069 ] ] ] } },
{ "type": "Feature", "properties": { "OBJECTID": 105, "HYRIV_ID": 60584820, "NEXT_DOWN": 60584819, "MAIN_RIV": 60443230, "LENGTH_KM": 6.190000057220459, "DIST_DN_KM": 621.5999755859375, "DIST_UP_KM": 8.6000003814697266, "CATCH_SKM": 31.090000152587891, "UPLAND_SKM": 31.100000381469727, "ENDORHEIC": 0, "DIS_AV_CMS": 0.72100001573562622, "ORD_STRA": 1, "ORD_CLAS": 7, "ORD_FLOW": 7, "HYBAS_L12": 6121068670.0, "Shape_Length": 6266.4459198550849 }, "geometry": { "type": "MultiLineString", "coordinates": [ [ [ 784441.58690579503309, 9692969.114118199795485 ], [ 783744.741818558657542, 9692279.100112928077579 ], [ 783281.178676631301641, 9692280.101865943521261 ], [ 782816.622554902802221, 9691820.094053922221065 ], [ 782353.064103983808309, 9691821.094079622998834 ], [ 781888.514421319356188, 9691361.087376130744815 ], [ 781425.951698028482497, 9691823.089055966585875 ], [ 779108.196726781548932, 9691828.04778771288693 ] ] ] } },
{ "type": "Feature", "properties": { "OBJECTID": 106, "HYRIV_ID": 60585077, "NEXT_DOWN": 60580668, "MAIN_RIV": 60443230, "LENGTH_KM": 7.7199997901916504, "DIST_DN_KM": 662.20001220703125, "DIST_UP_KM": 19.0, "CATCH_SKM": 22.299999237060547, "UPLAND_SKM": 67.300003051757812, "ENDORHEIC": 0, "DIS_AV_CMS": 1.690000057220459, "ORD_STRA": 2, "ORD_CLAS": 6, "ORD_FLOW": 6, "HYBAS_L12": 6121067200.0, "Shape_Length": 7795.1670433978516 }, "geometry": { "type": "MultiLineString", "coordinates": [ [ [ 733685.641483513521962, 9690995.216255592182279 ], [ 733692.198171397438273, 9694682.123973619192839 ], [ 734156.438178238691762, 9695142.168534828349948 ], [ 733231.208709830767475, 9696065.528673961758614 ], [ 733232.824988503358327, 9696987.25269359536469 ], [ 733697.06412317242939, 9697447.303671889007092 ], [ 733697.87080441461876, 9697908.166774291545153 ] ] ] } },
{ "type": "Feature", "properties": { "OBJECTID": 107, "HYRIV_ID": 60585078, "NEXT_DOWN": 60587645, "MAIN_RIV": 60443230, "LENGTH_KM": 0.6600000262260437, "DIST_DN_KM": 634.29998779296875, "DIST_UP_KM": 9.1999998092651367, "CATCH_SKM": 0.43000000715255737, "UPLAND_SKM": 22.700000762939453, "ENDORHEIC": 0, "DIS_AV_CMS": 0.56800001859664917, "ORD_STRA": 2, "ORD_CLAS": 7, "ORD_FLOW": 7, "HYBAS_L12": 6121068340.0, "Shape_Length": 662.86251601960726 }, "geometry": { "type": "MultiLineString", "coordinates": [ [ [ 742954.106856744154356, 9690978.305594254285097 ], [ 743418.40176841954235, 9691438.332716844975948 ] ] ] } },
{ "type": "Feature", "properties": { "OBJECTID": 108, "HYRIV_ID": 60585079, "NEXT_DOWN": 60585363, "MAIN_RIV": 60443230, "LENGTH_KM": 2.4300000667572021, "DIST_DN_KM": 630.20001220703125, "DIST_UP_KM": 55.299999237060547, "CATCH_SKM": 4.929999828338623, "UPLAND_SKM": 1104.699951171875, "ENDORHEIC": 0, "DIS_AV_CMS": 26.999000549316406, "ORD_STRA": 4, "ORD_CLAS": 5, "ORD_FLOW": 5, "HYBAS_L12": 6121068340.0, "Shape_Length": 2455.3310200680776 }, "geometry": { "type": "MultiLineString", "coordinates": [ [ [ 754080.523175389855169, 9692800.823465440422297 ], [ 753616.159383940626867, 9692340.800061969086528 ], [ 753615.267713010311127, 9691879.881254894658923 ], [ 752686.550600105547346, 9690959.840193040668964 ] ] ] } },
{ "type": "Feature", "properties": { "OBJECTID": 109, "HYRIV_ID": 60585080, "NEXT_DOWN": 60584497, "MAIN_RIV": 60443230, "LENGTH_KM": 1.1599999666213989, "DIST_DN_KM": 635.5, "DIST_UP_KM": 3.2000000476837158, "CATCH_SKM": 5.1500000953674316, "UPLAND_SKM": 5.0999999046325684, "ENDORHEIC": 0, "DIS_AV_CMS": 0.12600000202655792, "ORD_STRA": 1, "ORD_CLAS": 8, "ORD_FLOW": 7, "HYBAS_L12": 6121068340.0, "Shape_Length": 1168.1337114717442 }, "geometry": { "type": "MultiLineString", "coordinates": [ [ [ 756393.849960055784322, 9690722.151117332279682 ], [ 756396.109432412311435, 9691874.468375062569976 ] ] ] } },
{ "type": "Feature", "properties": { "OBJECTID": 110, "HYRIV_ID": 60585081, "NEXT_DOWN": 60581550, "MAIN_RIV": 60443230, "LENGTH_KM": 7.119999885559082, "DIST_DN_KM": 676.4000244140625, "DIST_UP_KM": 9.0, "CATCH_SKM": 19.940000534057617, "UPLAND_SKM": 19.899999618530273, "ENDORHEIC": 0, "DIS_AV_CMS": 0.47999998927116394, "ORD_STRA": 1, "ORD_CLAS": 5, "ORD_FLOW": 7, "HYBAS_L12": 6121066730.0, "Shape_Length": 7187.6849183964987 }, "geometry": { "type": "MultiLineString", "coordinates": [ [ [ 767285.859981995774433, 9690700.299616636708379 ], [ 766592.01302922423929, 9691393.157527212053537 ], [ 766594.825026696431451, 9692776.029113939031959 ], [ 767058.337195701082237, 9692775.087882177904248 ], [ 767522.788659281563014, 9693235.104910347610712 ], [ 767060.208157681627199, 9693697.004959918558598 ], [ 767063.004079965874553, 9695079.880315745249391 ], [ 766600.411364232306369, 9695541.771596107631922 ], [ 766602.26223447045777, 9696463.685585957020521 ] ] ] } },
{ "type": "Feature", "properties": { "OBJECTID": 111, "HYRIV_ID": 60585082, "NEXT_DOWN": 60585366, "MAIN_RIV": 60443230, "LENGTH_KM": 2.7000000476837158, "DIST_DN_KM": 616.20001220703125, "DIST_UP_KM": 14.0, "CATCH_SKM": 5.5799999237060547, "UPLAND_SKM": 56.0, "ENDORHEIC": 0, "DIS_AV_CMS": 1.3040000200271606, "ORD_STRA": 2, "ORD_CLAS": 7, "ORD_FLOW": 6, "HYBAS_L12": 6121068670.0, "Shape_Length": 2730.7808454103515 }, "geometry": { "type": "MultiLineString", "coordinates": [ [ [ 776791.452040458563715, 9692293.954220380634069 ], [ 775864.371857255930081, 9692295.906780937686563 ], [ 775399.865612806286663, 9691835.896272767335176 ], [ 775398.895768467104062, 9691374.911884404718876 ], [ 774934.39292054832913, 9690914.904097553342581 ] ] ] } },
{ "type": "Feature", "properties": { "OBJECTID": 112, "HYRIV_ID": 60585361, "NEXT_DOWN": 60585078, "MAIN_RIV": 60443230, "LENGTH_KM": 0.68999999761581421, "DIST_DN_KM": 634.70001220703125, "DIST_UP_KM": 3.7999999523162842, "CATCH_SKM": 4.5, "UPLAND_SKM": 4.5, "ENDORHEIC": 0, "DIS_AV_CMS": 0.1120000034570694, "ORD_STRA": 1, "ORD_CLAS": 8, "ORD_FLOW": 7, "HYBAS_L12": 6121068340.0, "Shape_Length": 701.13548797973658 }, "geometry": { "type": "MultiLineString", "coordinates": [ [ [ 742952.819512391695753, 9690286.972448844462633 ], [ 742954.106856744154356, 9690978.305594254285097 ] ] ] } },
{ "type": "Feature", "properties": { "OBJECTID": 113, "HYRIV_ID": 60585362, "NEXT_DOWN": 60585975, "MAIN_RIV": 60443230, "LENGTH_KM": 0.68999999761581421, "DIST_DN_KM": 629.29998779296875, "DIST_UP_KM": 3.7000000476837158, "CATCH_SKM": 4.7199997901916504, "UPLAND_SKM": 4.6999998092651367, "ENDORHEIC": 0, "DIS_AV_CMS": 0.11699999868869781, "ORD_STRA": 1, "ORD_CLAS": 6, "ORD_FLOW": 7, "HYBAS_L12": 6121068340.0, "Shape_Length": 700.95911438551434 }, "geometry": { "type": "MultiLineString", "coordinates": [ [ [ 752223.532500264816917, 9691191.193386079743505 ], [ 752222.196938753244467, 9690499.821059515699744 ] ] ] } },
{ "type": "Feature", "properties": { "OBJECTID": 114, "HYRIV_ID": 60585363, "NEXT_DOWN": 60585975, "MAIN_RIV": 60443230, "LENGTH_KM": 0.6600000262260437, "DIST_DN_KM": 629.5, "DIST_UP_KM": 55.900001525878906, "CATCH_SKM": 1.5, "UPLAND_SKM": 1112.0, "ENDORHEIC": 0, "DIS_AV_CMS": 27.177999496459961, "ORD_STRA": 4, "ORD_CLAS": 5, "ORD_FLOW": 5, "HYBAS_L12": 6121068340.0, "Shape_Length": 662.69463917554833 }, "geometry": { "type": "MultiLineString", "coordinates": [ [ [ 752686.550600105547346, 9690959.840193040668964 ], [ 752222.196938753244467, 9690499.821059515699744 ] ] ] } },
{ "type": "Feature", "properties": { "OBJECTID": 115, "HYRIV_ID": 60585364, "NEXT_DOWN": 60585363, "MAIN_RIV": 60443230, "LENGTH_KM": 0.98000001907348633, "DIST_DN_KM": 630.20001220703125, "DIST_UP_KM": 3.5, "CATCH_SKM": 5.7899999618530273, "UPLAND_SKM": 5.8000001907348633, "ENDORHEIC": 0, "DIS_AV_CMS": 0.14200000464916229, "ORD_STRA": 1, "ORD_CLAS": 6, "ORD_FLOW": 7, "HYBAS_L12": 6121068340.0, "Shape_Length": 994.02587656614992 }, "geometry": { "type": "MultiLineString", "coordinates": [ [ [ 753380.404780492419377, 9690267.116069274023175 ], [ 752686.550600105547346, 9690959.840193040668964 ] ] ] } },
{ "type": "Feature", "properties": { "OBJECTID": 116, "HYRIV_ID": 60585365, "NEXT_DOWN": 60586259, "MAIN_RIV": 60443230, "LENGTH_KM": 6.6500000953674316, "DIST_DN_KM": 615.4000244140625, "DIST_UP_KM": 10.399999618530273, "CATCH_SKM": 25.729999542236328, "UPLAND_SKM": 25.700000762939453, "ENDORHEIC": 0, "DIS_AV_CMS": 0.60900002717971802, "ORD_STRA": 1, "ORD_CLAS": 7, "ORD_FLOW": 7, "HYBAS_L12": 6121068670.0, "Shape_Length": 6716.7162707523839 }, "geometry": { "type": "MultiLineString", "coordinates": [ [ [ 774713.682069894159213, 9696216.68592013977468 ], [ 773552.437983115785755, 9695066.630533641204238 ], [ 773549.573963660513982, 9693683.695279248058796 ], [ 774012.151755756931379, 9693221.752380698919296 ], [ 774010.229111085413024, 9692299.792411912232637 ], [ 774472.797521434724331, 9691837.842011891305447 ], [ 774469.89341388142202, 9690454.897457741200924 ] ] ] } },
{ "type": "Feature", "properties": { "OBJECTID": 117, "HYRIV_ID": 60585366, "NEXT_DOWN": 60586259, "MAIN_RIV": 60443230, "LENGTH_KM": 0.6600000262260437, "DIST_DN_KM": 615.5999755859375, "DIST_UP_KM": 14.899999618530273, "CATCH_SKM": 0.43000000715255737, "UPLAND_SKM": 104.19999694824219, "ENDORHEIC": 0, "DIS_AV_CMS": 2.4270000457763672, "ORD_STRA": 3, "ORD_CLAS": 6, "ORD_FLOW": 6, "HYBAS_L12": 6121068670.0, "Shape_Length": 662.30048699159943 }, "geometry": { "type": "MultiLineString", "coordinates": [ [ [ 774934.39292054832913, 9690914.904097553342581 ], [ 774469.89341388142202, 9690454.897457741200924 ] ] ] } },
{ "type": "Feature", "properties": { "OBJECTID": 118, "HYRIV_ID": 60585677, "NEXT_DOWN": 60585366, "MAIN_RIV": 60443230, "LENGTH_KM": 2.2300000190734863, "DIST_DN_KM": 616.0999755859375, "DIST_UP_KM": 14.399999618530273, "CATCH_SKM": 4.070000171661377, "UPLAND_SKM": 47.799999237060547, "ENDORHEIC": 0, "DIS_AV_CMS": 1.1130000352859497, "ORD_STRA": 2, "ORD_CLAS": 6, "ORD_FLOW": 6, "HYBAS_L12": 6121068670.0, "Shape_Length": 2263.7384995582879 }, "geometry": { "type": "MultiLineString", "coordinates": [ [ [ 776786.57095730106812, 9689989.010222062468529 ], [ 775861.457450768444687, 9690912.949230421334505 ], [ 774934.39292054832913, 9690914.904097553342581 ] ] ] } },
{ "type": "Feature", "properties": { "OBJECTID": 119, "HYRIV_ID": 60585972, "NEXT_DOWN": 60585077, "MAIN_RIV": 60443230, "LENGTH_KM": 1.6200000047683716, "DIST_DN_KM": 669.9000244140625, "DIST_UP_KM": 4.1999998092651367, "CATCH_SKM": 8.5799999237060547, "UPLAND_SKM": 8.6000003814697266, "ENDORHEIC": 0, "DIS_AV_CMS": 0.21500000357627869, "ORD_STRA": 1, "ORD_CLAS": 7, "ORD_FLOW": 7, "HYBAS_L12": 6121067200.0, "Shape_Length": 1636.3980120156671 }, "geometry": { "type": "MultiLineString", "coordinates": [ [ [ 733682.748201328329742, 9689382.19350846298039 ], [ 733685.641483513521962, 9690995.216255592182279 ] ] ] } },
{ "type": "Feature", "properties": { "OBJECTID": 120, "HYRIV_ID": 60585973, "NEXT_DOWN": 60585078, "MAIN_RIV": 60443230, "LENGTH_KM": 6.0900001525878906, "DIST_DN_KM": 634.9000244140625, "DIST_UP_KM": 8.6000003814697266, "CATCH_SKM": 17.799999237060547, "UPLAND_SKM": 17.799999237060547, "ENDORHEIC": 0, "DIS_AV_CMS": 0.44499999284744263, "ORD_STRA": 1, "ORD_CLAS": 7, "ORD_FLOW": 7, "HYBAS_L12": 6121068340.0, "Shape_Length": 6176.9196151614387 }, "geometry": { "type": "MultiLineString", "coordinates": [ [ [ 737622.998181875213049, 9690066.361303547397256 ], [ 739244.969079624162987, 9690063.391786264255643 ], [ 739707.543234778218903, 9689601.659670265391469 ], [ 740170.965972230304033, 9689600.804611602798104 ], [ 740635.242230282863602, 9690060.83023576810956 ], [ 741098.669174942420796, 9690059.973092693835497 ], [ 741562.951650607283227, 9690519.999283077195287 ], [ 742489.815170424873941, 9690518.279344316571951 ], [ 742954.106856744154356, 9690978.305594254285097 ] ] ] } },
{ "type": "Feature", "properties": { "OBJECTID": 121, "HYRIV_ID": 60585974, "NEXT_DOWN": 60588495, "MAIN_RIV": 60443230, "LENGTH_KM": 3.8499999046325684, "DIST_DN_KM": 628.20001220703125, "DIST_UP_KM": 7.1999998092651367, "CATCH_SKM": 17.799999237060547, "UPLAND_SKM": 17.799999237060547, "ENDORHEIC": 0, "DIS_AV_CMS": 0.44200000166893005, "ORD_STRA": 1, "ORD_CLAS": 6, "ORD_FLOW": 7, "HYBAS_L12": 6121068340.0, "Shape_Length": 3910.0428457567546 }, "geometry": { "type": "MultiLineString", "coordinates": [ [ [ 747819.381085888016969, 9690508.261395320296288 ], [ 749441.457247625337914, 9690505.169075587764382 ], [ 749904.026713104802184, 9690043.373646950349212 ], [ 750830.933990518795326, 9690041.591633055359125 ], [ 751293.499603765783831, 9689579.785881860181689 ] ] ] } },
{ "type": "Feature", "properties": { "OBJECTID": 122, "HYRIV_ID": 60585975, "NEXT_DOWN": 60588495, "MAIN_RIV": 60443230, "LENGTH_KM": 1.309999942779541, "DIST_DN_KM": 628.20001220703125, "DIST_UP_KM": 57.299999237060547, "CATCH_SKM": 2.5699999332427979, "UPLAND_SKM": 1119.300048828125, "ENDORHEIC": 0, "DIS_AV_CMS": 27.357999801635742, "ORD_STRA": 4, "ORD_CLAS": 5, "ORD_FLOW": 5, "HYBAS_L12": 6121068340.0, "Shape_Length": 1325.4103384684474 }, "geometry": { "type": "MultiLineString", "coordinates": [ [ [ 752222.196938753244467, 9690499.821059515699744 ], [ 751293.499603765783831, 9689579.785881860181689 ] ] ] } },
{ "type": "Feature", "properties": { "OBJECTID": 123, "HYRIV_ID": 60586258, "NEXT_DOWN": 60588759, "MAIN_RIV": 60443230, "LENGTH_KM": 1.6200000047683716, "DIST_DN_KM": 613.79998779296875, "DIST_UP_KM": 3.2000000476837158, "CATCH_SKM": 7.0799999237060547, "UPLAND_SKM": 7.0999999046325684, "ENDORHEIC": 0, "DIS_AV_CMS": 0.1679999977350235, "ORD_STRA": 1, "ORD_CLAS": 7, "ORD_FLOW": 7, "HYBAS_L12": 6121068670.0, "Shape_Length": 1643.6640541869249 }, "geometry": { "type": "MultiLineString", "coordinates": [ [ [ 772381.138746237149462, 9689076.345296444371343 ], [ 774003.454344403347932, 9689072.931673046201468 ] ] ] } },
{ "type": "Feature", "properties": { "OBJECTID": 124, "HYRIV_ID": 60586259, "NEXT_DOWN": 60588759, "MAIN_RIV": 60443230, "LENGTH_KM": 1.5800000429153442, "DIST_DN_KM": 613.79998779296875, "DIST_UP_KM": 16.700000762939453, "CATCH_SKM": 4.5, "UPLAND_SKM": 134.39999389648438, "ENDORHEIC": 0, "DIS_AV_CMS": 3.1429998874664307, "ORD_STRA": 3, "ORD_CLAS": 6, "ORD_FLOW": 6, "HYBAS_L12": 6121068670.0, "Shape_Length": 1596.3680242190067 }, "geometry": { "type": "MultiLineString", "coordinates": [ [ [ 774469.89341388142202, 9690454.897457741200924 ], [ 774468.922530581941828, 9689993.915831865742803 ], [ 774004.426515937549993, 9689533.911813255399466 ], [ 774003.454344403347932, 9689072.931673046201468 ] ] ] } },
{ "type": "Feature", "properties": { "OBJECTID": 125, "HYRIV_ID": 60586260, "NEXT_DOWN": 60585677, "MAIN_RIV": 60443230, "LENGTH_KM": 1.1599999666213989, "DIST_DN_KM": 618.29998779296875, "DIST_UP_KM": 3.4000000953674316, "CATCH_SKM": 6.429999828338623, "UPLAND_SKM": 6.4000000953674316, "ENDORHEIC": 0, "DIS_AV_CMS": 0.15099999308586121, "ORD_STRA": 1, "ORD_CLAS": 7, "ORD_FLOW": 7, "HYBAS_L12": 6121068670.0, "Shape_Length": 1167.498612762269 }, "geometry": { "type": "MultiLineString", "coordinates": [ [ [ 776784.116787043283693, 9688836.537957498803735 ], [ 776786.57095730106812, 9689989.010222062468529 ] ] ] } },
{ "type": "Feature", "properties": { "OBJECTID": 126, "HYRIV_ID": 60587093, "NEXT_DOWN": 60585077, "MAIN_RIV": 60443230, "LENGTH_KM": 7.5, "DIST_DN_KM": 669.9000244140625, "DIST_UP_KM": 11.300000190734863, "CATCH_SKM": 36.450000762939453, "UPLAND_SKM": 36.400001525878906, "ENDORHEIC": 0, "DIS_AV_CMS": 0.91500002145767212, "ORD_STRA": 1, "ORD_CLAS": 6, "ORD_FLOW": 7, "HYBAS_L12": 6121067200.0, "Shape_Length": 7598.625088524057 }, "geometry": { "type": "MultiLineString", "coordinates": [ [ [ 728813.808307684259489, 9687547.448926704004407 ], [ 729510.114688479923643, 9688237.494947610422969 ], [ 729047.540261193644255, 9688699.16719688475132 ], [ 729048.353816227172501, 9689160.018744386732578 ], [ 729512.560282917693257, 9689620.053126754239202 ], [ 729975.95557134388946, 9689619.234481859952211 ], [ 731368.603355532628484, 9690999.340924460440874 ], [ 733685.641483513521962, 9690995.216255592182279 ] ] ] } },
{ "type": "Feature", "properties": { "OBJECTID": 127, "HYRIV_ID": 60587094, "NEXT_DOWN": 60585677, "MAIN_RIV": 60443230, "LENGTH_KM": 5.5900001525878906, "DIST_DN_KM": 618.29998779296875, "DIST_UP_KM": 12.199999809265137, "CATCH_SKM": 12.439999580383301, "UPLAND_SKM": 37.299999237060547, "ENDORHEIC": 0, "DIS_AV_CMS": 0.86599999666213989, "ORD_STRA": 2, "ORD_CLAS": 6, "ORD_FLOW": 7, "HYBAS_L12": 6121068670.0, "Shape_Length": 5658.811054856722 }, "geometry": { "type": "MultiLineString", "coordinates": [ [ [ 781416.978320691734552, 9687674.056657401844859 ], [ 780953.439094706671312, 9687675.0650426261127 ], [ 779103.267366713611409, 9689523.067036252468824 ], [ 777712.656777088530362, 9689526.044645197689533 ], [ 777250.105044821742922, 9689988.024150129407644 ], [ 776786.57095730106812, 9689989.010222062468529 ] ] ] } },
{ "type": "Feature", "properties": { "OBJECTID": 128, "HYRIV_ID": 60587095, "NEXT_DOWN": 60587094, "MAIN_RIV": 60443230, "LENGTH_KM": 3.5799999237060547, "DIST_DN_KM": 623.9000244140625, "DIST_UP_KM": 6.5999999046325684, "CATCH_SKM": 17.149999618530273, "UPLAND_SKM": 17.200000762939453, "ENDORHEIC": 0, "DIS_AV_CMS": 0.39599999785423279, "ORD_STRA": 1, "ORD_CLAS": 6, "ORD_FLOW": 7, "HYBAS_L12": 6121068670.0, "Shape_Length": 3629.6867069499831 }, "geometry": { "type": "MultiLineString", "coordinates": [ [ [ 784433.055982273770496, 9689050.5016511939466 ], [ 783737.72579689102713, 9689052.023094093427062 ], [ 782808.612700358266011, 9688132.029702186584473 ], [ 782345.067387903807685, 9688133.041600530967116 ], [ 781880.518945856718346, 9687673.046582838520408 ], [ 781416.978320691734552, 9687674.056657401844859 ] ] ] } },
{ "type": "Feature", "properties": { "OBJECTID": 129, "HYRIV_ID": 60587343, "NEXT_DOWN": 60587094, "MAIN_RIV": 60443230, "LENGTH_KM": 0.68999999761581421, "DIST_DN_KM": 623.9000244140625, "DIST_UP_KM": 3.4000000953674316, "CATCH_SKM": 7.7199997901916504, "UPLAND_SKM": 7.6999998092651367, "ENDORHEIC": 0, "DIS_AV_CMS": 0.17900000512599945, "ORD_STRA": 1, "ORD_CLAS": 7, "ORD_FLOW": 7, "HYBAS_L12": 6121068670.0, "Shape_Length": 700.41348716414871 }, "geometry": { "type": "MultiLineString", "coordinates": [ [ [ 781415.471036069327965, 9686982.551094388589263 ], [ 781416.978320691734552, 9687674.056657401844859 ] ] ] } },
{ "type": "Feature", "properties": { "OBJECTID": 130, "HYRIV_ID": 60587644, "NEXT_DOWN": 60588494, "MAIN_RIV": 60443230, "LENGTH_KM": 7.7699999809265137, "DIST_DN_KM": 627.29998779296875, "DIST_UP_KM": 10.600000381469727, "CATCH_SKM": 17.149999618530273, "UPLAND_SKM": 17.200000762939453, "ENDORHEIC": 0, "DIS_AV_CMS": 0.42800000309944153, "ORD_STRA": 1, "ORD_CLAS": 7, "ORD_FLOW": 7, "HYBAS_L12": 6121068340.0, "Shape_Length": 7872.8827843548079 }, "geometry": { "type": "MultiLineString", "coordinates": [ [ [ 740862.248030926217325, 9687525.544701710343361 ], [ 741558.667649255134165, 9688215.574360361322761 ], [ 742021.228342672344297, 9687753.82239948771894 ], [ 743874.926149933366105, 9687750.338524151593447 ], [ 743874.056021573953331, 9687289.446973651647568 ], [ 744336.608915878692642, 9686827.677814172580838 ], [ 744800.909337047254667, 9687287.692513089627028 ], [ 745727.767896858393215, 9687285.931333195418119 ], [ 746190.319412567536347, 9686824.150267237797379 ], [ 747117.182476036250591, 9686822.376463940367103 ] ] ] } },
{ "type": "Feature", "properties": { "OBJECTID": 131, "HYRIV_ID": 60587645, "NEXT_DOWN": 60588494, "MAIN_RIV": 60443230, "LENGTH_KM": 6.820000171661377, "DIST_DN_KM": 627.5, "DIST_UP_KM": 16.299999237060547, "CATCH_SKM": 18.440000534057617, "UPLAND_SKM": 72.300003051757812, "ENDORHEIC": 0, "DIS_AV_CMS": 1.8049999475479126, "ORD_STRA": 3, "ORD_CLAS": 6, "ORD_FLOW": 6, "HYBAS_L12": 6121068340.0, "Shape_Length": 6902.6700275137982 }, "geometry": { "type": "MultiLineString", "coordinates": [ [ [ 743418.40176841954235, 9691438.332716844975948 ], [ 745268.700752792647108, 9689591.289301035925746 ], [ 745732.138944435864687, 9689590.414380526170135 ], [ 747119.827754975063726, 9688205.078124055638909 ], [ 746655.511811845935881, 9687745.0627146884799 ], [ 746654.631699886871502, 9687284.163433119654655 ], [ 747117.182476036250591, 9686822.376463940367103 ] ] ] } },
{ "type": "Feature", "properties": { "OBJECTID": 132, "HYRIV_ID": 60587646, "NEXT_DOWN": 60591094, "MAIN_RIV": 60443230, "LENGTH_KM": 10.199999809265137, "DIST_DN_KM": 606.79998779296875, "DIST_UP_KM": 12.399999618530273, "CATCH_SKM": 39.880001068115234, "UPLAND_SKM": 39.900001525878906, "ENDORHEIC": 0, "DIS_AV_CMS": 0.96899998188018799, "ORD_STRA": 1, "ORD_CLAS": 7, "ORD_FLOW": 7, "HYBAS_L12": 6120275350.0, "Shape_Length": 10305.820003093895 }, "geometry": { "type": "MultiLineString", "coordinates": [ [ [ 762659.160778617486358, 9694858.217139048501849 ], [ 761962.531396571430378, 9694168.181003790348768 ], [ 761961.615953024243936, 9693707.237825440242887 ], [ 761498.115972768049687, 9693708.158358998596668 ], [ 761960.699066274915822, 9693246.294657872989774 ], [ 761957.017675712122582, 9691402.521692134439945 ], [ 762419.585529475938529, 9690940.647953791543841 ], [ 762418.658789351233281, 9690479.703279707580805 ], [ 762881.220300750224851, 9690017.823676761239767 ], [ 762880.289086694829166, 9689556.877556953579187 ], [ 761951.454457690240815, 9688636.861437065526843 ], [ 761949.588965143775567, 9687714.974427821114659 ], [ 762874.672876711934805, 9686791.199938733130693 ] ] ] } },
{ "type": "Feature", "properties": { "OBJECTID": 133, "HYRIV_ID": 60587647, "NEXT_DOWN": 60591094, "MAIN_RIV": 60443230, "LENGTH_KM": 1.4500000476837158, "DIST_DN_KM": 606.5999755859375, "DIST_UP_KM": 4.1999998092651367, "CATCH_SKM": 6.2199997901916504, "UPLAND_SKM": 6.1999998092651367, "ENDORHEIC": 0, "DIS_AV_CMS": 0.15000000596046448, "ORD_STRA": 1, "ORD_CLAS": 8, "ORD_FLOW": 7, "HYBAS_L12": 6120275350.0, "Shape_Length": 1460.9135002551807 }, "geometry": { "type": "MultiLineString", "coordinates": [ [ [ 763572.244997579837218, 9687942.151062291115522 ], [ 762875.612354963901453, 9687252.146302074193954 ], [ 762874.672876711934805, 9686791.199938733130693 ] ] ] } },
{ "type": "Feature", "properties": { "OBJECTID": 134, "HYRIV_ID": 60588494, "NEXT_DOWN": 60589037, "MAIN_RIV": 60443230, "LENGTH_KM": 3.809999942779541, "DIST_DN_KM": 623.4000244140625, "DIST_UP_KM": 20.299999237060547, "CATCH_SKM": 8.5799999237060547, "UPLAND_SKM": 98.0, "ENDORHEIC": 0, "DIS_AV_CMS": 2.4449999332427979, "ORD_STRA": 3, "ORD_CLAS": 6, "ORD_FLOW": 6, "HYBAS_L12": 6121068340.0, "Shape_Length": 3867.9061657429161 }, "geometry": { "type": "MultiLineString", "coordinates": [ [ [ 747117.182476036250591, 9686822.376463940367103 ], [ 747579.729949713568203, 9686360.585079073905945 ], [ 748970.033309666556306, 9686357.902967153117061 ], [ 749895.116323297959752, 9685434.28944175876677 ], [ 750358.552685391972773, 9685433.38607582449913 ] ] ] } },
{ "type": "Feature", "properties": { "OBJECTID": 135, "HYRIV_ID": 60588495, "NEXT_DOWN": 60589037, "MAIN_RIV": 60443230, "LENGTH_KM": 4.5500001907348633, "DIST_DN_KM": 623.4000244140625, "DIST_UP_KM": 62.0, "CATCH_SKM": 15.439999580383301, "UPLAND_SKM": 1152.5, "ENDORHEIC": 0, "DIS_AV_CMS": 28.176000595092773, "ORD_STRA": 4, "ORD_CLAS": 5, "ORD_FLOW": 5, "HYBAS_L12": 6121068340.0, "Shape_Length": 4596.72283502344 }, "geometry": { "type": "MultiLineString", "coordinates": [ [ [ 751293.499603765783831, 9689579.785881860181689 ], [ 751292.60816633165814, 9689118.873569786548615 ], [ 750828.264825099380687, 9688658.858704360201955 ], [ 750827.372374705970287, 9688197.947675747796893 ], [ 750363.032695290748961, 9687737.93514989130199 ], [ 750358.552685391972773, 9685433.38607582449913 ] ] ] } },
{ "type": "Feature", "properties": { "OBJECTID": 136, "HYRIV_ID": 60588755, "NEXT_DOWN": 60591746, "MAIN_RIV": 60443230, "LENGTH_KM": 1.3500000238418579, "DIST_DN_KM": 632.0999755859375, "DIST_UP_KM": 3.7000000476837158, "CATCH_SKM": 7.5, "UPLAND_SKM": 7.5, "ENDORHEIC": 0, "DIS_AV_CMS": 0.18799999356269836, "ORD_STRA": 1, "ORD_CLAS": 8, "ORD_FLOW": 7, "HYBAS_L12": 6120274900.0, "Shape_Length": 1368.0233266818682 }, "geometry": { "type": "MultiLineString", "coordinates": [ [ [ 737151.125550428056158, 9685458.475102307274938 ], [ 737846.227381543023512, 9685457.188552103936672 ], [ 738308.773517424473539, 9684995.452385356649756 ] ] ] } },
{ "type": "Feature", "properties": { "OBJECTID": 137, "HYRIV_ID": 60588756, "NEXT_DOWN": 60589612, "MAIN_RIV": 60443230, "LENGTH_KM": 1.6399999856948853, "DIST_DN_KM": 624.29998779296875, "DIST_UP_KM": 3.5, "CATCH_SKM": 7.5, "UPLAND_SKM": 7.5, "ENDORHEIC": 0, "DIS_AV_CMS": 0.18400000035762787, "ORD_STRA": 1, "ORD_CLAS": 7, "ORD_FLOW": 7, "HYBAS_L12": 6120274610.0, "Shape_Length": 1656.6240612131619 }, "geometry": { "type": "MultiLineString", "coordinates": [ [ [ 754762.636506486916915, 9686116.10407492890954 ], [ 753601.733368409681134, 9684966.09624170511961 ] ] ] } },
{ "type": "Feature", "properties": { "OBJECTID": 138, "HYRIV_ID": 60588757, "NEXT_DOWN": 60589337, "MAIN_RIV": 60443230, "LENGTH_KM": 0.68999999761581421, "DIST_DN_KM": 605.5999755859375, "DIST_UP_KM": 4.0, "CATCH_SKM": 6.6500000953674316, "UPLAND_SKM": 6.5999999046325684, "ENDORHEIC": 0, "DIS_AV_CMS": 0.15999999642372131, "ORD_STRA": 1, "ORD_CLAS": 8, "ORD_FLOW": 7, "HYBAS_L12": 6120275350.0, "Shape_Length": 704.49952414305324 }, "geometry": { "type": "MultiLineString", "coordinates": [ [ [ 767737.436137891141698, 9684937.337301507592201 ], [ 768432.668121752562001, 9684935.882638104259968 ] ] ] } },
{ "type": "Feature", "properties": { "OBJECTID": 139, "HYRIV_ID": 60588758, "NEXT_DOWN": 60589337, "MAIN_RIV": 60443230, "LENGTH_KM": 4.1399998664855957, "DIST_DN_KM": 605.5999755859375, "DIST_UP_KM": 7.3000001907348633, "CATCH_SKM": 16.079999923706055, "UPLAND_SKM": 16.100000381469727, "ENDORHEIC": 0, "DIS_AV_CMS": 0.38499999046325684, "ORD_STRA": 1, "ORD_CLAS": 7, "ORD_FLOW": 7, "HYBAS_L12": 6120275350.0, "Shape_Length": 4186.7680368539077 }, "geometry": { "type": "MultiLineString", "coordinates": [ [ [ 770062.135875498293899, 9688389.734595773741603 ], [ 768436.519899066188373, 9686779.735476110130548 ], [ 768432.668121752562001, 9684935.882638104259968 ] ] ] } },
{ "type": "Feature", "properties": { "OBJECTID": 140, "HYRIV_ID": 60588759, "NEXT_DOWN": 60590174, "MAIN_RIV": 60443230, "LENGTH_KM": 4.3600001335144043, "DIST_DN_KM": 609.5, "DIST_UP_KM": 21.0, "CATCH_SKM": 16.079999923706055, "UPLAND_SKM": 157.60000610351562, "ENDORHEIC": 0, "DIS_AV_CMS": 3.6909999847412109, "ORD_STRA": 3, "ORD_CLAS": 6, "ORD_FLOW": 6, "HYBAS_L12": 6121068670.0, "Shape_Length": 4398.5924720113953 }, "geometry": { "type": "MultiLineString", "coordinates": [ [ [ 774003.454344403347932, 9689072.931673046201468 ], [ 773998.572083577397279, 9686768.030350366607308 ], [ 773534.080704223946668, 9686308.036017635837197 ], [ 773531.134696574416012, 9684925.099158266559243 ] ] ] } },
{ "type": "Feature", "properties": { "OBJECTID": 141, "HYRIV_ID": 60589035, "NEXT_DOWN": 60589336, "MAIN_RIV": 60443230, "LENGTH_KM": 0.68999999761581421, "DIST_DN_KM": 637.0999755859375, "DIST_UP_KM": 4.6999998092651367, "CATCH_SKM": 9.6499996185302734, "UPLAND_SKM": 9.6000003814697266, "ENDORHEIC": 0, "DIS_AV_CMS": 0.24199999868869781, "ORD_STRA": 1, "ORD_CLAS": 7, "ORD_FLOW": 7, "HYBAS_L12": 6120274900.0, "Shape_Length": 705.1600038964358 }, "geometry": { "type": "MultiLineString", "coordinates": [ [ [ 732978.89807549980469, 9684544.390849096700549 ], [ 733673.977982738055289, 9684543.123204506933689 ] ] ] } },
{ "type": "Feature", "properties": { "OBJECTID": 142, "HYRIV_ID": 60589036, "NEXT_DOWN": 60589336, "MAIN_RIV": 60443230, "LENGTH_KM": 0.68999999761581421, "DIST_DN_KM": 637.0999755859375, "DIST_UP_KM": 3.4000000953674316, "CATCH_SKM": 4.7199997901916504, "UPLAND_SKM": 4.6999998092651367, "ENDORHEIC": 0, "DIS_AV_CMS": 0.11800000071525574, "ORD_STRA": 1, "ORD_CLAS": 8, "ORD_FLOW": 7, "HYBAS_L12": 6120274900.0, "Shape_Length": 701.31308424593919 }, "geometry": { "type": "MultiLineString", "coordinates": [ [ [ 733675.23917855322361, 9685234.41912436299026 ], [ 733673.977982738055289, 9684543.123204506933689 ] ] ] } },
{ "type": "Feature", "properties": { "OBJECTID": 143, "HYRIV_ID": 60589037, "NEXT_DOWN": 60589611, "MAIN_RIV": 60443230, "LENGTH_KM": 0.93000000715255737, "DIST_DN_KM": 622.5, "DIST_UP_KM": 62.900001525878906, "CATCH_SKM": 1.9299999475479126, "UPLAND_SKM": 1252.4000244140625, "ENDORHEIC": 0, "DIS_AV_CMS": 30.667999267578125, "ORD_STRA": 4, "ORD_CLAS": 5, "ORD_FLOW": 5, "HYBAS_L12": 6120274610.0, "Shape_Length": 934.65855992147033 }, "geometry": { "type": "MultiLineString", "coordinates": [ [ [ 750358.552685391972773, 9685433.38607582449913 ], [ 750356.751522790757008, 9684511.56624529697001 ] ] ] } },
{ "type": "Feature", "properties": { "OBJECTID": 144, "HYRIV_ID": 60589038, "NEXT_DOWN": 60589612, "MAIN_RIV": 60443230, "LENGTH_KM": 2.4300000667572021, "DIST_DN_KM": 624.29998779296875, "DIST_UP_KM": 8.6999998092651367, "CATCH_SKM": 5.570000171661377, "UPLAND_SKM": 33.200000762939453, "ENDORHEIC": 0, "DIS_AV_CMS": 0.81300002336502075, "ORD_STRA": 2, "ORD_CLAS": 6, "ORD_FLOW": 7, "HYBAS_L12": 6120274610.0, "Shape_Length": 2457.7624551446688 }, "geometry": { "type": "MultiLineString", "coordinates": [ [ [ 755454.60353195888456, 9684501.489048410207033 ], [ 754991.155748572316952, 9684502.413545975461602 ], [ 754528.625564191373996, 9684964.258291121572256 ], [ 754064.264105145004578, 9684504.257595833390951 ], [ 753601.733368409681134, 9684966.09624170511961 ] ] ] } },
{ "type": "Feature", "properties": { "OBJECTID": 145, "HYRIV_ID": 60589039, "NEXT_DOWN": 60589038, "MAIN_RIV": 60443230, "LENGTH_KM": 4.070000171661377, "DIST_DN_KM": 626.70001220703125, "DIST_UP_KM": 6.1999998092651367, "CATCH_SKM": 19.510000228881836, "UPLAND_SKM": 19.5, "ENDORHEIC": 0, "DIS_AV_CMS": 0.47699999809265137, "ORD_STRA": 1, "ORD_CLAS": 6, "ORD_FLOW": 7, "HYBAS_L12": 6120274610.0, "Shape_Length": 4111.5695462326403 }, "geometry": { "type": "MultiLineString", "coordinates": [ [ [ 758009.604108212632127, 9687492.431847773492336 ], [ 757313.026608822634444, 9686802.42387031018734 ], [ 757312.105703628971241, 9686341.494008401408792 ], [ 755454.60353195888456, 9684501.489048410207033 ] ] ] } },
{ "type": "Feature", "properties": { "OBJECTID": 146, "HYRIV_ID": 60589336, "NEXT_DOWN": 60591746, "MAIN_RIV": 60443230, "LENGTH_KM": 5.1999998092651367, "DIST_DN_KM": 631.9000244140625, "DIST_UP_KM": 9.8999996185302734, "CATCH_SKM": 10.079999923706055, "UPLAND_SKM": 24.399999618530273, "ENDORHEIC": 0, "DIS_AV_CMS": 0.6119999885559082, "ORD_STRA": 2, "ORD_CLAS": 7, "ORD_FLOW": 7, "HYBAS_L12": 6120274900.0, "Shape_Length": 5279.4300993617971 }, "geometry": { "type": "MultiLineString", "coordinates": [ [ [ 733673.977982738055289, 9684543.123204506933689 ], [ 734136.522222256986424, 9684081.410849889740348 ], [ 735526.689052624278702, 9684078.855546711012721 ], [ 735990.931280154385604, 9684538.870670385658741 ], [ 737381.118207470630296, 9684536.298877872526646 ], [ 737845.372424071538262, 9684996.313471747562289 ], [ 738308.773517424473539, 9684995.452385356649756 ] ] ] } },
{ "type": "Feature", "properties": { "OBJECTID": 147, "HYRIV_ID": 60589337, "NEXT_DOWN": 60590173, "MAIN_RIV": 60443230, "LENGTH_KM": 0.93000000715255737, "DIST_DN_KM": 604.5999755859375, "DIST_UP_KM": 8.1999998092651367, "CATCH_SKM": 1.2899999618530273, "UPLAND_SKM": 24.0, "ENDORHEIC": 0, "DIS_AV_CMS": 0.57499998807907104, "ORD_STRA": 2, "ORD_CLAS": 7, "ORD_FLOW": 7, "HYBAS_L12": 6120275350.0, "Shape_Length": 934.20519191135122 }, "geometry": { "type": "MultiLineString", "coordinates": [ [ [ 768432.668121752562001, 9684935.882638104259968 ], [ 768430.733732825145125, 9684013.955978371202946 ] ] ] } },
{ "type": "Feature", "properties": { "OBJECTID": 148, "HYRIV_ID": 60589338, "NEXT_DOWN": 60590173, "MAIN_RIV": 60443230, "LENGTH_KM": 0.68999999761581421, "DIST_DN_KM": 604.5999755859375, "DIST_UP_KM": 3.4000000953674316, "CATCH_SKM": 5.1399998664855957, "UPLAND_SKM": 5.0999999046325684, "ENDORHEIC": 0, "DIS_AV_CMS": 0.12300000339746475, "ORD_STRA": 1, "ORD_CLAS": 8, "ORD_FLOW": 7, "HYBAS_L12": 6120275350.0, "Shape_Length": 704.48133572646714 }, "geometry": { "type": "MultiLineString", "coordinates": [ [ [ 769125.963961052708328, 9684012.493283469229937 ], [ 768430.733732825145125, 9684013.955978371202946 ] ] ] } },
{ "type": "Feature", "properties": { "OBJECTID": 149, "HYRIV_ID": 60589339, "NEXT_DOWN": 60590174, "MAIN_RIV": 60443230, "LENGTH_KM": 4.1399998664855957, "DIST_DN_KM": 609.5, "DIST_UP_KM": 6.9000000953674316, "CATCH_SKM": 17.149999618530273, "UPLAND_SKM": 17.200000762939453, "ENDORHEIC": 0, "DIS_AV_CMS": 0.40200001001358032, "ORD_STRA": 1, "ORD_CLAS": 7, "ORD_FLOW": 7, "HYBAS_L12": 6121068670.0, "Shape_Length": 4196.2522458118083 }, "geometry": { "type": "MultiLineString", "coordinates": [ [ [ 777006.963726627407596, 9684687.135274939239025 ], [ 776310.198944179341197, 9683997.156180880963802 ], [ 774919.674572210758924, 9684000.156254274770617 ], [ 773994.640299684950151, 9684924.108837684616446 ], [ 773531.134696574416012, 9684925.099158266559243 ] ] ] } },
{ "type": "Feature", "properties": { "OBJECTID": 150, "HYRIV_ID": 60589611, "NEXT_DOWN": 60591093, "MAIN_RIV": 60443230, "LENGTH_KM": 1.309999942779541, "DIST_DN_KM": 621.4000244140625, "DIST_UP_KM": 64.0, "CATCH_SKM": 2.1400001049041748, "UPLAND_SKM": 1262.300048828125, "ENDORHEIC": 0, "DIS_AV_CMS": 30.909999847412109, "ORD_STRA": 4, "ORD_CLAS": 5, "ORD_FLOW": 5, "HYBAS_L12": 6120274610.0, "Shape_Length": 1325.4114804403687 }, "geometry": { "type": "MultiLineString", "coordinates": [ [ [ 750356.751522790757008, 9684511.56624529697001 ], [ 751281.808466781512834, 9683587.923909017816186 ] ] ] } },
{ "type": "Feature", "properties": { "OBJECTID": 151, "HYRIV_ID": 60589612, "NEXT_DOWN": 60591093, "MAIN_RIV": 60443230, "LENGTH_KM": 2.8900001049041748, "DIST_DN_KM": 621.20001220703125, "DIST_UP_KM": 11.800000190734863, "CATCH_SKM": 7.929999828338623, "UPLAND_SKM": 48.700000762939453, "ENDORHEIC": 0, "DIS_AV_CMS": 1.1920000314712524, "ORD_STRA": 2, "ORD_CLAS": 6, "ORD_FLOW": 6, "HYBAS_L12": 6120274610.0, "Shape_Length": 2927.7410711984903 }, "geometry": { "type": "MultiLineString", "coordinates": [ [ [ 753601.733368409681134, 9684966.09624170511961 ], [ 752208.677198149147443, 9683586.094859203323722 ], [ 751281.808466781512834, 9683587.923909017816186 ] ] ] } },
{ "type": "Feature", "properties": { "OBJECTID": 152, "HYRIV_ID": 60589613, "NEXT_DOWN": 60589038, "MAIN_RIV": 60443230, "LENGTH_KM": 1.4500000476837158, "DIST_DN_KM": 626.5, "DIST_UP_KM": 3.7999999523162842, "CATCH_SKM": 8.1499996185302734, "UPLAND_SKM": 8.1000003814697266, "ENDORHEIC": 0, "DIS_AV_CMS": 0.19900000095367432, "ORD_STRA": 1, "ORD_CLAS": 7, "ORD_FLOW": 7, "HYBAS_L12": 6120274610.0, "Shape_Length": 1461.1884591208102 }, "geometry": { "type": "MultiLineString", "coordinates": [ [ [ 756147.466552758822218, 9683347.782426305115223 ], [ 755453.682529211509973, 9684040.564391179010272 ], [ 755454.60353195888456, 9684501.489048410207033 ] ] ] } },
{ "type": "Feature", "properties": { "OBJECTID": 153, "HYRIV_ID": 60589884, "NEXT_DOWN": 60589611, "MAIN_RIV": 60443230, "LENGTH_KM": 1.809999942779541, "DIST_DN_KM": 622.5, "DIST_UP_KM": 4.4000000953674316, "CATCH_SKM": 7.7199997901916504, "UPLAND_SKM": 7.6999998092651367, "ENDORHEIC": 0, "DIS_AV_CMS": 0.19099999964237213, "ORD_STRA": 1, "ORD_CLAS": 6, "ORD_FLOW": 7, "HYBAS_L12": 6120274610.0, "Shape_Length": 1831.0494369000317 }, "geometry": { "type": "MultiLineString", "coordinates": [ [ [ 749890.159472877858207, 9682899.291902914643288 ], [ 749891.515331188333221, 9683590.65497950091958 ], [ 750355.848920392454602, 9684050.656337779015303 ], [ 750356.751522790757008, 9684511.56624529697001 ] ] ] } },
{ "type": "Feature", "properties": { "OBJECTID": 154, "HYRIV_ID": 60590173, "NEXT_DOWN": 60591095, "MAIN_RIV": 60443230, "LENGTH_KM": 1.5800000429153442, "DIST_DN_KM": 603.0999755859375, "DIST_UP_KM": 9.8000001907348633, "CATCH_SKM": 2.7899999618530273, "UPLAND_SKM": 31.899999618530273, "ENDORHEIC": 0, "DIS_AV_CMS": 0.76499998569488525, "ORD_STRA": 2, "ORD_CLAS": 7, "ORD_FLOW": 7, "HYBAS_L12": 6120275350.0, "Shape_Length": 1596.5859254371526 }, "geometry": { "type": "MultiLineString", "coordinates": [ [ [ 768430.733732825145125, 9684013.955978371202946 ], [ 768429.764425980043598, 9683552.992612408474088 ], [ 768892.276824360247701, 9683091.051738124340773 ], [ 768891.303048437228426, 9682630.086927434429526 ] ] ] } },
{ "type": "Feature", "properties": { "OBJECTID": 155, "HYRIV_ID": 60590174, "NEXT_DOWN": 60591095, "MAIN_RIV": 60443230, "LENGTH_KM": 6.4000000953674316, "DIST_DN_KM": 603.0999755859375, "DIST_UP_KM": 27.399999618530273, "CATCH_SKM": 17.149999618530273, "UPLAND_SKM": 191.89999389648438, "ENDORHEIC": 0, "DIS_AV_CMS": 4.499000072479248, "ORD_STRA": 3, "ORD_CLAS": 6, "ORD_FLOW": 6, "HYBAS_L12": 6120275350.0, "Shape_Length": 6482.7508528787039 }, "geometry": { "type": "MultiLineString", "coordinates": [ [ [ 773531.134696574416012, 9684925.099158266559243 ], [ 773528.175731101306155, 9683542.162095187231898 ], [ 773063.689077425282449, 9683082.177438093349338 ], [ 770746.223420582478866, 9683087.124520068988204 ], [ 770281.755835457472131, 9682627.139781504869461 ], [ 768891.303048437228426, 9682630.086927434429526 ] ] ] } },
{ "type": "Feature", "properties": { "OBJECTID": 156, "HYRIV_ID": 60590483, "NEXT_DOWN": 60593227, "MAIN_RIV": 60443230, "LENGTH_KM": 3.9500000476837158, "DIST_DN_KM": 623.5999755859375, "DIST_UP_KM": 7.8000001907348633, "CATCH_SKM": 15.869999885559082, "UPLAND_SKM": 15.899999618530273, "ENDORHEIC": 0, "DIS_AV_CMS": 0.39399999380111694, "ORD_STRA": 1, "ORD_CLAS": 7, "ORD_FLOW": 7, "HYBAS_L12": 6120274900.0, "Shape_Length": 3993.9711188049837 }, "geometry": { "type": "MultiLineString", "coordinates": [ [ [ 744566.131174534326419, 9685675.004474963992834 ], [ 745259.94301195058506, 9684982.335447950288653 ], [ 745259.060141845024191, 9684521.439908100292087 ], [ 745721.594245692482218, 9684059.653793873265386 ], [ 745718.037949123303406, 9682216.066105419769883 ] ] ] } },
{ "type": "Feature", "properties": { "OBJECTID": 157, "HYRIV_ID": 60591092, "NEXT_DOWN": 60593227, "MAIN_RIV": 60443230, "LENGTH_KM": 1.6399999856948853, "DIST_DN_KM": 623.79998779296875, "DIST_UP_KM": 5.4000000953674316, "CATCH_SKM": 7.0799999237060547, "UPLAND_SKM": 7.0999999046325684, "ENDORHEIC": 0, "DIS_AV_CMS": 0.17599999904632568, "ORD_STRA": 1, "ORD_CLAS": 8, "ORD_FLOW": 7, "HYBAS_L12": 6120274900.0, "Shape_Length": 1657.0031973336768 }, "geometry": { "type": "MultiLineString", "coordinates": [ [ [ 744557.288860297063366, 9681066.067555407062173 ], [ 745718.037949123303406, 9682216.066105419769883 ] ] ] } },
{ "type": "Feature", "properties": { "OBJECTID": 158, "HYRIV_ID": 60591093, "NEXT_DOWN": 60593766, "MAIN_RIV": 60443230, "LENGTH_KM": 3.5399999618530273, "DIST_DN_KM": 617.70001220703125, "DIST_UP_KM": 67.800003051757812, "CATCH_SKM": 7.2899999618530273, "UPLAND_SKM": 1318.199951171875, "ENDORHEIC": 0, "DIS_AV_CMS": 32.277999877929688, "ORD_STRA": 4, "ORD_CLAS": 5, "ORD_FLOW": 5, "HYBAS_L12": 6120274610.0, "Shape_Length": 3588.0028296976016 }, "geometry": { "type": "MultiLineString", "coordinates": [ [ [ 751281.808466781512834, 9683587.923909017816186 ], [ 751744.331985300173983, 9683126.096220791339874 ], [ 750815.651430169702508, 9682206.101929185912013 ], [ 750352.225425699376501, 9682207.016160257160664 ], [ 749887.893267432227731, 9681747.020095175132155 ], [ 749886.984455940197222, 9681286.111285580322146 ] ] ] } },
{ "type": "Feature", "properties": { "OBJECTID": 159, "HYRIV_ID": 60591094, "NEXT_DOWN": 60592632, "MAIN_RIV": 60443230, "LENGTH_KM": 6.9000000953674316, "DIST_DN_KM": 599.70001220703125, "DIST_UP_KM": 19.5, "CATCH_SKM": 26.159999847412109, "UPLAND_SKM": 72.300003051757812, "ENDORHEIC": 0, "DIS_AV_CMS": 1.75, "ORD_STRA": 2, "ORD_CLAS": 7, "ORD_FLOW": 6, "HYBAS_L12": 6120275350.0, "Shape_Length": 6972.9545237713464 }, "geometry": { "type": "MultiLineString", "coordinates": [ [ [ 762874.672876711934805, 9686791.199938733130693 ], [ 763799.743547572288662, 9685867.407622963190079 ], [ 763798.796568506513722, 9685406.458455633372068 ], [ 765186.368460318306461, 9684020.731928432360291 ], [ 765184.451904315734282, 9683098.824986567720771 ], [ 766109.470804729731753, 9682174.979096824303269 ], [ 766107.536368391709402, 9681253.066268716007471 ] ] ] } },
{ "type": "Feature", "properties": { "OBJECTID": 160, "HYRIV_ID": 60591095, "NEXT_DOWN": 60592632, "MAIN_RIV": 60443230, "LENGTH_KM": 3.3499999046325684, "DIST_DN_KM": 599.70001220703125, "DIST_UP_KM": 30.799999237060547, "CATCH_SKM": 8.7899999618530273, "UPLAND_SKM": 232.60000610351562, "ENDORHEIC": 0, "DIS_AV_CMS": 5.4730000495910645, "ORD_STRA": 3, "ORD_CLAS": 6, "ORD_FLOW": 6, "HYBAS_L12": 6120275350.0, "Shape_Length": 3396.1823372280983 }, "geometry": { "type": "MultiLineString", "coordinates": [ [ [ 768891.303048437228426, 9682630.086927434429526 ], [ 767962.396496696164832, 9681710.119154095649719 ], [ 767498.921309823868796, 9681711.097586885094643 ], [ 767034.476265491801314, 9681251.115099551156163 ], [ 766107.536368391709402, 9681253.066268716007471 ] ] ] } },
{ "type": "Feature", "properties": { "OBJECTID": 161, "HYRIV_ID": 60591425, "NEXT_DOWN": 60591745, "MAIN_RIV": 60443230, "LENGTH_KM": 1.4500000476837158, "DIST_DN_KM": 626.29998779296875, "DIST_UP_KM": 4.1999998092651367, "CATCH_SKM": 6.0, "UPLAND_SKM": 6.0, "ENDORHEIC": 0, "DIS_AV_CMS": 0.15000000596046448, "ORD_STRA": 1, "ORD_CLAS": 7, "ORD_FLOW": 7, "HYBAS_L12": 6120274900.0, "Shape_Length": 1461.8051136342203 }, "geometry": { "type": "MultiLineString", "coordinates": [ [ [ 739461.656464971951209, 9681997.574802223592997 ], [ 740155.439356032758951, 9681304.938969222828746 ], [ 740154.56474029913079, 9680844.057341791689396 ] ] ] } },
{ "type": "Feature", "properties": { "OBJECTID": 162, "HYRIV_ID": 60591426, "NEXT_DOWN": 60593766, "MAIN_RIV": 60443230, "LENGTH_KM": 2.2699999809265137, "DIST_DN_KM": 617.70001220703125, "DIST_UP_KM": 5.0999999046325684, "CATCH_SKM": 8.5699996948242188, "UPLAND_SKM": 8.6000003814697266, "ENDORHEIC": 0, "DIS_AV_CMS": 0.20999999344348907, "ORD_STRA": 1, "ORD_CLAS": 6, "ORD_FLOW": 7, "HYBAS_L12": 6120274610.0, "Shape_Length": 2307.2323311140849 }, "geometry": { "type": "MultiLineString", "coordinates": [ [ [ 751971.473104626522399, 9680821.064428409561515 ], [ 751276.337284132838249, 9680822.447573276236653 ], [ 750813.828433944028802, 9681284.279031008481979 ], [ 749886.984455940197222, 9681286.111285580322146 ] ] ] } },
{ "type": "Feature", "properties": { "OBJECTID": 163, "HYRIV_ID": 60591427, "NEXT_DOWN": 60592631, "MAIN_RIV": 60443230, "LENGTH_KM": 3.4100000858306885, "DIST_DN_KM": 599.70001220703125, "DIST_UP_KM": 5.8000001907348633, "CATCH_SKM": 16.510000228881836, "UPLAND_SKM": 16.5, "ENDORHEIC": 0, "DIS_AV_CMS": 0.40099999308586121, "ORD_STRA": 1, "ORD_CLAS": 7, "ORD_FLOW": 7, "HYBAS_L12": 6120275350.0, "Shape_Length": 3451.0622990235688 }, "geometry": { "type": "MultiLineString", "coordinates": [ [ [ 759854.140689633088186, 9682879.340695662423968 ], [ 760547.908803702448495, 9682186.510070543736219 ], [ 761011.364635482663289, 9682185.558455586433411 ], [ 762398.877302921144292, 9680799.857704231515527 ] ] ] } },
{ "type": "Feature", "properties": { "OBJECTID": 164, "HYRIV_ID": 60591745, "NEXT_DOWN": 60592930, "MAIN_RIV": 60443230, "LENGTH_KM": 1.1200000047683716, "DIST_DN_KM": 625.4000244140625, "DIST_UP_KM": 30.100000381469727, "CATCH_SKM": 0.86000001430511475, "UPLAND_SKM": 203.0, "ENDORHEIC": 0, "DIS_AV_CMS": 5.0539999008178711, "ORD_STRA": 3, "ORD_CLAS": 6, "ORD_FLOW": 6, "HYBAS_L12": 6120274900.0, "Shape_Length": 1132.8773956203299 }, "geometry": { "type": "MultiLineString", "coordinates": [ [ [ 740154.56474029913079, 9680844.057341791689396 ], [ 740617.957098558894359, 9680843.176414866000414 ], [ 741080.471349083003588, 9680381.409642659127712 ] ] ] } },
{ "type": "Feature", "properties": { "OBJECTID": 165, "HYRIV_ID": 60591746, "NEXT_DOWN": 60592930, "MAIN_RIV": 60443230, "LENGTH_KM": 6.7100000381469727, "DIST_DN_KM": 625.4000244140625, "DIST_UP_KM": 16.399999618530273, "CATCH_SKM": 17.370000839233398, "UPLAND_SKM": 49.299999237060547, "ENDORHEIC": 0, "DIS_AV_CMS": 1.2330000400543213, "ORD_STRA": 2, "ORD_CLAS": 7, "ORD_FLOW": 6, "HYBAS_L12": 6120274900.0, "Shape_Length": 6787.1800976349423 }, "geometry": { "type": "MultiLineString", "coordinates": [ [ [ 738308.773517424473539, 9684995.452385356649756 ], [ 738771.316456306376494, 9684533.711994906887412 ], [ 739234.718399110017344, 9684532.846379403024912 ], [ 739697.25757807015907, 9684071.09881691262126 ], [ 740160.660368434153497, 9684070.228573933243752 ], [ 741085.727809469331987, 9683146.714788334444165 ], [ 741084.85494464635849, 9682685.830707194283605 ], [ 741547.380642441334203, 9682224.066066823899746 ], [ 741544.745453871786594, 9680841.409730488434434 ], [ 741080.471349083003588, 9680381.409642659127712 ] ] ] } },
{ "type": "Feature", "properties": { "OBJECTID": 166, "HYRIV_ID": 60591747, "NEXT_DOWN": 60592631, "MAIN_RIV": 60443230, "LENGTH_KM": 3.2000000476837158, "DIST_DN_KM": 599.70001220703125, "DIST_UP_KM": 5.5, "CATCH_SKM": 11.359999656677246, "UPLAND_SKM": 11.399999618530273, "ENDORHEIC": 0, "DIS_AV_CMS": 0.27500000596046448, "ORD_STRA": 1, "ORD_CLAS": 8, "ORD_FLOW": 7, "HYBAS_L12": 6120275350.0, "Shape_Length": 3246.0744105251506 }, "geometry": { "type": "MultiLineString", "coordinates": [ [ [ 759385.498843791312538, 9680345.136157423257828 ], [ 761934.466889100847766, 9680339.874536965042353 ], [ 762398.877302921144292, 9680799.857704231515527 ] ] ] } },
{ "type": "Feature", "properties": { "OBJECTID": 167, "HYRIV_ID": 60592628, "NEXT_DOWN": 60592630, "MAIN_RIV": 60443230, "LENGTH_KM": 4.7199997901916504, "DIST_DN_KM": 629.9000244140625, "DIST_UP_KM": 6.8000001907348633, "CATCH_SKM": 13.720000267028809, "UPLAND_SKM": 13.699999809265137, "ENDORHEIC": 0, "DIS_AV_CMS": 0.34299999475479126, "ORD_STRA": 1, "ORD_CLAS": 7, "ORD_FLOW": 7, "HYBAS_L12": 6120274900.0, "Shape_Length": 4779.3698660002128 }, "geometry": { "type": "MultiLineString", "coordinates": [ [ [ 733901.019324049120769, 9682007.944078693166375 ], [ 736907.390685113146901, 9679006.683656509965658 ], [ 737370.76726202305872, 9679005.809766005724669 ] ] ] } },
{ "type": "Feature", "properties": { "OBJECTID": 168, "HYRIV_ID": 60592629, "NEXT_DOWN": 60592630, "MAIN_RIV": 60443230, "LENGTH_KM": 2.0799999237060547, "DIST_DN_KM": 629.9000244140625, "DIST_UP_KM": 4.9000000953674316, "CATCH_SKM": 6.2199997901916504, "UPLAND_SKM": 6.1999998092651367, "ENDORHEIC": 0, "DIS_AV_CMS": 0.1550000011920929, "ORD_STRA": 1, "ORD_CLAS": 8, "ORD_FLOW": 7, "HYBAS_L12": 6120274900.0, "Shape_Length": 2103.7243326293592 }, "geometry": { "type": "MultiLineString", "coordinates": [ [ [ 737374.669897111249156, 9681079.743673635646701 ], [ 737370.76726202305872, 9679005.809766005724669 ] ] ] } },
{ "type": "Feature", "properties": { "OBJECTID": 169, "HYRIV_ID": 60592630, "NEXT_DOWN": 60591745, "MAIN_RIV": 60443230, "LENGTH_KM": 3.5399999618530273, "DIST_DN_KM": 626.5, "DIST_UP_KM": 28.899999618530273, "CATCH_SKM": 9.2200002670288086, "UPLAND_SKM": 196.19999694824219, "ENDORHEIC": 0, "DIS_AV_CMS": 4.8839998245239258, "ORD_STRA": 3, "ORD_CLAS": 6, "ORD_FLOW": 6, "HYBAS_L12": 6120274900.0, "Shape_Length": 3591.6764575276407 }, "geometry": { "type": "MultiLineString", "coordinates": [ [ [ 737370.76726202305872, 9679005.809766005724669 ], [ 737835.016393312369473, 9679465.809658668935299 ], [ 738761.779354142490774, 9679464.05574974603951 ], [ 740154.56474029913079, 9680844.057341791689396 ] ] ] } },
{ "type": "Feature", "properties": { "OBJECTID": 170, "HYRIV_ID": 60592631, "NEXT_DOWN": 60595703, "MAIN_RIV": 60443230, "LENGTH_KM": 2.8900001049041748, "DIST_DN_KM": 596.5999755859375, "DIST_UP_KM": 8.8999996185302734, "CATCH_SKM": 6.2199997901916504, "UPLAND_SKM": 34.099998474121094, "ENDORHEIC": 0, "DIS_AV_CMS": 0.82599997520446777, "ORD_STRA": 2, "ORD_CLAS": 7, "ORD_FLOW": 7, "HYBAS_L12": 6120275350.0, "Shape_Length": 2924.2770492960108 }, "geometry": { "type": "MultiLineString", "coordinates": [ [ [ 762398.877302921144292, 9680799.857704231515527 ], [ 762862.333598824217916, 9680798.895165577530861 ], [ 764249.815058994689025, 9679413.14464346319437 ], [ 764248.846893087029457, 9678952.193623485043645 ] ] ] } },
{ "type": "Feature", "properties": { "OBJECTID": 171, "HYRIV_ID": 60592632, "NEXT_DOWN": 60595703, "MAIN_RIV": 60443230, "LENGTH_KM": 3.0799999237060547, "DIST_DN_KM": 596.79998779296875, "DIST_UP_KM": 33.700000762939453, "CATCH_SKM": 11.359999656677246, "UPLAND_SKM": 316.20001220703125, "ENDORHEIC": 0, "DIS_AV_CMS": 7.4939999580383301, "ORD_STRA": 3, "ORD_CLAS": 6, "ORD_FLOW": 6, "HYBAS_L12": 6120275350.0, "Shape_Length": 3116.8926365746574 }, "geometry": { "type": "MultiLineString", "coordinates": [ [ [ 766107.536368391709402, 9681253.066268716007471 ], [ 765643.100924405967817, 9680793.084188813343644 ], [ 765642.131934966193512, 9680332.12915625423193 ], [ 764248.846893087029457, 9678952.193623485043645 ] ] ] } },
{ "type": "Feature", "properties": { "OBJECTID": 172, "HYRIV_ID": 60592930, "NEXT_DOWN": 60593491, "MAIN_RIV": 60443230, "LENGTH_KM": 2.2400000095367432, "DIST_DN_KM": 623.0, "DIST_UP_KM": 32.5, "CATCH_SKM": 6.0, "UPLAND_SKM": 258.29998779296875, "ENDORHEIC": 0, "DIS_AV_CMS": 6.435999870300293, "ORD_STRA": 3, "ORD_CLAS": 6, "ORD_FLOW": 6, "HYBAS_L12": 6120274900.0, "Shape_Length": 2260.6391826555637 }, "geometry": { "type": "MultiLineString", "coordinates": [ [ [ 741080.471349083003588, 9680381.409642659127712 ], [ 741079.590875299181789, 9679920.52537483163178 ], [ 740615.320609490154311, 9679460.527428196743131 ], [ 741077.826074267155491, 9678998.756744747981429 ], [ 741076.941746019409038, 9678537.87228362262249 ] ] ] } },
{ "type": "Feature", "properties": { "OBJECTID": 173, "HYRIV_ID": 60593227, "NEXT_DOWN": 60594316, "MAIN_RIV": 60443230, "LENGTH_KM": 4.940000057220459, "DIST_DN_KM": 618.70001220703125, "DIST_UP_KM": 12.800000190734863, "CATCH_SKM": 10.289999961853027, "UPLAND_SKM": 33.200000762939453, "ENDORHEIC": 0, "DIS_AV_CMS": 0.82400000095367432, "ORD_STRA": 2, "ORD_CLAS": 7, "ORD_FLOW": 7, "HYBAS_L12": 6120274900.0, "Shape_Length": 4988.0945246280735 }, "geometry": { "type": "MultiLineString", "coordinates": [ [ [ 745718.037949123303406, 9682216.066105419769883 ], [ 746180.556838233605959, 9681754.270406918600202 ], [ 746177.86705895839259, 9680371.575352530926466 ], [ 745249.263371844310313, 9679451.587009401991963 ], [ 745248.365002780454233, 9678990.691109620034695 ], [ 744784.068709555780515, 9678530.699556982144713 ], [ 744783.169516886118799, 9678069.804831909015775 ] ] ] } },
{ "type": "Feature", "properties": { "OBJECTID": 174, "HYRIV_ID": 60593490, "NEXT_DOWN": 60593491, "MAIN_RIV": 60443230, "LENGTH_KM": 1.1599999666213989, "DIST_DN_KM": 623.0, "DIST_UP_KM": 4.3000001907348633, "CATCH_SKM": 4.929999828338623, "UPLAND_SKM": 4.9000000953674316, "ENDORHEIC": 0, "DIS_AV_CMS": 0.12200000137090683, "ORD_STRA": 1, "ORD_CLAS": 7, "ORD_FLOW": 7, "HYBAS_L12": 6120274900.0, "Shape_Length": 1168.6169846737773 }, "geometry": { "type": "MultiLineString", "coordinates": [ [ [ 741074.725440323585644, 9677385.661244459450245 ], [ 741076.941746019409038, 9678537.87228362262249 ] ] ] } },
{ "type": "Feature", "properties": { "OBJECTID": 175, "HYRIV_ID": 60593491, "NEXT_DOWN": 60594316, "MAIN_RIV": 60443230, "LENGTH_KM": 4.2800002098083496, "DIST_DN_KM": 618.70001220703125, "DIST_UP_KM": 36.799999237060547, "CATCH_SKM": 13.720000267028809, "UPLAND_SKM": 277.0, "ENDORHEIC": 0, "DIS_AV_CMS": 6.8959999084472656, "ORD_STRA": 3, "ORD_CLAS": 6, "ORD_FLOW": 6, "HYBAS_L12": 6120274900.0, "Shape_Length": 4338.2855599529585 }, "geometry": { "type": "MultiLineString", "coordinates": [ [ [ 741076.941746019409038, 9678537.87228362262249 ], [ 742001.936540143797174, 9677614.315426912158728 ], [ 743855.48636161047034, 9677610.718850007280707 ], [ 744319.775829004356638, 9678070.708770861849189 ], [ 744783.169516886118799, 9678069.804831909015775 ] ] ] } },
{ "type": "Feature", "properties": { "OBJECTID": 176, "HYRIV_ID": 60593766, "NEXT_DOWN": 60594317, "MAIN_RIV": 60443230, "LENGTH_KM": 4.5500001907348633, "DIST_DN_KM": 613.0999755859375, "DIST_UP_KM": 72.300003051757812, "CATCH_SKM": 14.149999618530273, "UPLAND_SKM": 1341.0, "ENDORHEIC": 0, "DIS_AV_CMS": 32.830001831054688, "ORD_STRA": 4, "ORD_CLAS": 5, "ORD_FLOW": 5, "HYBAS_L12": 6120274610.0, "Shape_Length": 4596.8631972562562 }, "geometry": { "type": "MultiLineString", "coordinates": [ [ [ 749886.984455940197222, 9681286.111285580322146 ], [ 749422.656145749730058, 9680826.117257256060839 ], [ 749421.746417358983308, 9680365.209724029526114 ], [ 748957.421758711570874, 9679905.217931410297751 ], [ 748951.938257160480134, 9677139.779835714027286 ] ] ] } },
{ "type": "Feature", "properties": { "OBJECTID": 177, "HYRIV_ID": 60594066, "NEXT_DOWN": 60595167, "MAIN_RIV": 60443230, "LENGTH_KM": 2.6600000858306885, "DIST_DN_KM": 641.70001220703125, "DIST_UP_KM": 5.6999998092651367, "CATCH_SKM": 16.940000534057617, "UPLAND_SKM": 16.899999618530273, "ENDORHEIC": 0, "DIS_AV_CMS": 0.42300000786781311, "ORD_STRA": 1, "ORD_CLAS": 8, "ORD_FLOW": 7, "HYBAS_L12": 6121069180.0, "Shape_Length": 2690.5762710783201 }, "geometry": { "type": "MultiLineString", "coordinates": [ [ [ 729493.112595414975658, 9678790.007288126274943 ], [ 729491.848645963822491, 9678098.727141305804253 ], [ 730879.361188137088902, 9676713.603760197758675 ] ] ] } },
{ "type": "Feature", "properties": { "OBJECTID": 178, "HYRIV_ID": 60594314, "NEXT_DOWN": 60595167, "MAIN_RIV": 60443230, "LENGTH_KM": 6.7399997711181641, "DIST_DN_KM": 641.70001220703125, "DIST_UP_KM": 9.8000001907348633, "CATCH_SKM": 18.219999313354492, "UPLAND_SKM": 18.200000762939453, "ENDORHEIC": 0, "DIS_AV_CMS": 0.45500001311302185, "ORD_STRA": 1, "ORD_CLAS": 7, "ORD_FLOW": 7, "HYBAS_L12": 6121069180.0, "Shape_Length": 6841.5746792209156 }, "geometry": { "type": "MultiLineString", "coordinates": [ [ [ 725088.394147137063555, 9677185.022807683795691 ], [ 727173.427197053213604, 9677181.251517718657851 ], [ 727635.931394475977868, 9676719.560028837993741 ], [ 728100.116309217642993, 9677179.564219083636999 ], [ 728563.462736040586606, 9677178.717913765460253 ], [ 729025.965462786844, 9676717.017683319747448 ], [ 729489.312549058813602, 9676716.166858715936542 ], [ 729951.811332653509453, 9676254.459458710625768 ], [ 730415.159173930878751, 9676253.603916883468628 ], [ 730879.361188137088902, 9676713.603760197758675 ] ] ] } },
{ "type": "Feature", "properties": { "OBJECTID": 179, "HYRIV_ID": 60594315, "NEXT_DOWN": 60594600, "MAIN_RIV": 60443230, "LENGTH_KM": 6.6700000762939453, "DIST_DN_KM": 635.0999755859375, "DIST_UP_KM": 9.6000003814697266, "CATCH_SKM": 17.579999923706055, "UPLAND_SKM": 17.600000381469727, "ENDORHEIC": 0, "DIS_AV_CMS": 0.43799999356269836, "ORD_STRA": 1, "ORD_CLAS": 7, "ORD_FLOW": 7, "HYBAS_L12": 6121069180.0, "Shape_Length": 6747.25595264195 }, "geometry": { "type": "MultiLineString", "coordinates": [ [ [ 733202.55545963451732, 9680165.771235663443804 ], [ 733201.276527858106419, 9679474.476639812812209 ], [ 734126.298192696063779, 9678551.025772521272302 ], [ 734125.438237483613193, 9678090.160100657492876 ], [ 734587.941009605419822, 9677628.427159115672112 ], [ 735052.170955687295645, 9678088.426138373091817 ], [ 735514.672902385471389, 9677626.687203204259276 ], [ 735978.040619223611429, 9677625.814715312793851 ], [ 736440.538615678204224, 9677164.068613927811384 ], [ 735976.300849916646257, 9676704.07338104210794 ], [ 735975.428987713181414, 9676243.202713847160339 ] ] ] } },
{ "type": "Feature", "properties": { "OBJECTID": 180, "HYRIV_ID": 60594316, "NEXT_DOWN": 60594317, "MAIN_RIV": 60443230, "LENGTH_KM": 5.5900001525878906, "DIST_DN_KM": 613.29998779296875, "DIST_UP_KM": 42.200000762939453, "CATCH_SKM": 17.790000915527344, "UPLAND_SKM": 328.0, "ENDORHEIC": 0, "DIS_AV_CMS": 8.1560001373291016, "ORD_STRA": 3, "ORD_CLAS": 6, "ORD_FLOW": 6, "HYBAS_L12": 6120274900.0, "Shape_Length": 5660.7694578813898 }, "geometry": { "type": "MultiLineString", "coordinates": [ [ [ 744783.169516886118799, 9678069.804831909015775 ], [ 745709.960720779024996, 9678067.991923831403255 ], [ 746634.941207860247232, 9677144.372407954186201 ], [ 746634.031358461012132, 9676683.47250977344811 ], [ 747096.5133824943332, 9676221.654818756505847 ], [ 748023.304045625845902, 9676219.814293026924133 ], [ 748951.938257160480134, 9677139.779835714027286 ] ] ] } },
{ "type": "Feature", "properties": { "OBJECTID": 181, "HYRIV_ID": 60594317, "NEXT_DOWN": 60595702, "MAIN_RIV": 60443230, "LENGTH_KM": 1.1200000047683716, "DIST_DN_KM": 612.0, "DIST_UP_KM": 73.400001525878906, "CATCH_SKM": 2.5699999332427979, "UPLAND_SKM": 1671.5, "ENDORHEIC": 0, "DIS_AV_CMS": 41.048000335693359, "ORD_STRA": 4, "ORD_CLAS": 5, "ORD_FLOW": 5, "HYBAS_L12": 6120275340.0, "Shape_Length": 1130.055944478979 }, "geometry": { "type": "MultiLineString", "coordinates": [ [ [ 748951.938257160480134, 9677139.779835714027286 ], [ 749414.421354996506125, 9676677.948383845388889 ], [ 749413.499892170075327, 9676217.040579169988632 ] ] ] } },
{ "type": "Feature", "properties": { "OBJECTID": 182, "HYRIV_ID": 60594318, "NEXT_DOWN": 60595702, "MAIN_RIV": 60443230, "LENGTH_KM": 1.1599999666213989, "DIST_DN_KM": 612.0, "DIST_UP_KM": 4.6999998092651367, "CATCH_SKM": 6.6500000953674316, "UPLAND_SKM": 6.5999999046325684, "ENDORHEIC": 0, "DIS_AV_CMS": 0.16200000047683716, "ORD_STRA": 1, "ORD_CLAS": 6, "ORD_FLOW": 7, "HYBAS_L12": 6120275340.0, "Shape_Length": 1174.6521448938402 }, "geometry": { "type": "MultiLineString", "coordinates": [ [ [ 750572.005458490224555, 9676214.717214627191424 ], [ 749413.499892170075327, 9676217.040579169988632 ] ] ] } },
{ "type": "Feature", "properties": { "OBJECTID": 183, "HYRIV_ID": 60594319, "NEXT_DOWN": 60596249, "MAIN_RIV": 60443230, "LENGTH_KM": 1.1599999666213989, "DIST_DN_KM": 601.20001220703125, "DIST_UP_KM": 3.2000000476837158, "CATCH_SKM": 5.7899999618530273, "UPLAND_SKM": 5.8000001907348633, "ENDORHEIC": 0, "DIS_AV_CMS": 0.14100000262260437, "ORD_STRA": 1, "ORD_CLAS": 7, "ORD_FLOW": 7, "HYBAS_L12": 6120275530.0, "Shape_Length": 1174.497826088291 }, "geometry": { "type": "MultiLineString", "coordinates": [ [ [ 754279.279328319942579, 9676207.210123108699918 ], [ 755437.820131460670382, 9676204.84146068803966 ] ] ] } },
{ "type": "Feature", "properties": { "OBJECTID": 184, "HYRIV_ID": 60594320, "NEXT_DOWN": 60596249, "MAIN_RIV": 60443230, "LENGTH_KM": 1.809999942779541, "DIST_DN_KM": 601.4000244140625, "DIST_UP_KM": 4.5, "CATCH_SKM": 11.789999961853027, "UPLAND_SKM": 11.800000190734863, "ENDORHEIC": 0, "DIS_AV_CMS": 0.28600001335144043, "ORD_STRA": 1, "ORD_CLAS": 6, "ORD_FLOW": 7, "HYBAS_L12": 6120275530.0, "Shape_Length": 1830.7449256749969 }, "geometry": { "type": "MultiLineString", "coordinates": [ [ [ 755904.542275980580598, 9677817.133490394800901 ], [ 755902.184325354872271, 9676664.81742299720645 ], [ 755437.820131460670382, 9676204.84146068803966 ] ] ] } },
{ "type": "Feature", "properties": { "OBJECTID": 185, "HYRIV_ID": 60594600, "NEXT_DOWN": 60594601, "MAIN_RIV": 60443230, "LENGTH_KM": 1.1200000047683716, "DIST_DN_KM": 634.0, "DIST_UP_KM": 21.5, "CATCH_SKM": 1.2899999618530273, "UPLAND_SKM": 153.5, "ENDORHEIC": 0, "DIS_AV_CMS": 3.8229999542236328, "ORD_STRA": 3, "ORD_CLAS": 6, "ORD_FLOW": 6, "HYBAS_L12": 6121069180.0, "Shape_Length": 1132.9769721375055 }, "geometry": { "type": "MultiLineString", "coordinates": [ [ [ 735975.428987713181414, 9676243.202713847160339 ], [ 736437.918202010216191, 9675781.452791845425963 ], [ 736901.281643873429857, 9675780.571767142042518 ] ] ] } },
{ "type": "Feature", "properties": { "OBJECTID": 186, "HYRIV_ID": 60594601, "NEXT_DOWN": 60592630, "MAIN_RIV": 60443230, "LENGTH_KM": 4.0900001525878906, "DIST_DN_KM": 629.9000244140625, "DIST_UP_KM": 25.600000381469727, "CATCH_SKM": 7.7199997901916504, "UPLAND_SKM": 167.0, "ENDORHEIC": 0, "DIS_AV_CMS": 4.1570000648498535, "ORD_STRA": 3, "ORD_CLAS": 6, "ORD_FLOW": 6, "HYBAS_L12": 6120274900.0, "Shape_Length": 4133.3212704764956 }, "geometry": { "type": "MultiLineString", "coordinates": [ [ [ 736901.281643873429857, 9675780.571767142042518 ], [ 737364.646299045532942, 9675779.689167585223913 ], [ 737828.892175228800625, 9676239.680453127250075 ], [ 737832.399200429324992, 9678083.182984050363302 ], [ 737369.896638740552589, 9678544.935479510575533 ], [ 737370.76726202305872, 9679005.809766005724669 ] ] ] } },
{ "type": "Feature", "properties": { "OBJECTID": 187, "HYRIV_ID": 60594882, "NEXT_DOWN": 60594601, "MAIN_RIV": 60443230, "LENGTH_KM": 0.68999999761581421, "DIST_DN_KM": 634.0, "DIST_UP_KM": 3.0, "CATCH_SKM": 5.7899999618530273, "UPLAND_SKM": 5.8000001907348633, "ENDORHEIC": 0, "DIS_AV_CMS": 0.14300000667572021, "ORD_STRA": 1, "ORD_CLAS": 7, "ORD_FLOW": 7, "HYBAS_L12": 6121069180.0, "Shape_Length": 701.25001785123879 }, "geometry": { "type": "MultiLineString", "coordinates": [ [ [ 736899.964587427792139, 9675089.261957872658968 ], [ 736901.281643873429857, 9675780.571767142042518 ] ] ] } },
{ "type": "Feature", "properties": { "OBJECTID": 188, "HYRIV_ID": 60595167, "NEXT_DOWN": 60595168, "MAIN_RIV": 60443230, "LENGTH_KM": 3.5399999618530273, "DIST_DN_KM": 638.20001220703125, "DIST_UP_KM": 13.300000190734863, "CATCH_SKM": 8.3599996566772461, "UPLAND_SKM": 43.5, "ENDORHEIC": 0, "DIS_AV_CMS": 1.0870000123977661, "ORD_STRA": 2, "ORD_CLAS": 7, "ORD_FLOW": 6, "HYBAS_L12": 6121069180.0, "Shape_Length": 3592.2451916406726 }, "geometry": { "type": "MultiLineString", "coordinates": [ [ [ 730879.361188137088902, 9676713.603760197758675 ], [ 731341.85849734803196, 9676251.887619843706489 ], [ 732268.56267498654779, 9676250.164436601102352 ], [ 733656.03132413350977, 9674864.973107056692243 ] ] ] } },
{ "type": "Feature", "properties": { "OBJECTID": 189, "HYRIV_ID": 60595168, "NEXT_DOWN": 60594600, "MAIN_RIV": 60443230, "LENGTH_KM": 2.8900001049041748, "DIST_DN_KM": 635.0999755859375, "DIST_UP_KM": 20.399999618530273, "CATCH_SKM": 7.070000171661377, "UPLAND_SKM": 134.60000610351562, "ENDORHEIC": 0, "DIS_AV_CMS": 3.3529999256134033, "ORD_STRA": 3, "ORD_CLAS": 6, "ORD_FLOW": 6, "HYBAS_L12": 6121069180.0, "Shape_Length": 2929.0233799532157 }, "geometry": { "type": "MultiLineString", "coordinates": [ [ [ 733656.03132413350977, 9674864.973107056692243 ], [ 734120.252383024082519, 9675324.965850623324513 ], [ 734583.607894587679766, 9675324.092314714565873 ], [ 735512.066393785760738, 9676244.079019568860531 ], [ 735975.428987713181414, 9676243.202713847160339 ] ] ] } },
{ "type": "Feature", "properties": { "OBJECTID": 190, "HYRIV_ID": 60595169, "NEXT_DOWN": 60594602, "MAIN_RIV": 60443230, "LENGTH_KM": 2.0399999618530273, "DIST_DN_KM": 570.20001220703125, "DIST_UP_KM": 165.19999694824219, "CATCH_SKM": 6.429999828338623, "UPLAND_SKM": 6987.5, "ENDORHEIC": 0, "DIS_AV_CMS": 169.74600219726562, "ORD_STRA": 6, "ORD_CLAS": 4, "ORD_FLOW": 4, "HYBAS_L12": 6120275100.0, "Shape_Length": 2068.1397445683469 }, "geometry": { "type": "MultiLineString", "coordinates": [ [ [ 778607.365897826151922, 9674772.215391729027033 ], [ 778608.399948661681265, 9675233.211094509810209 ], [ 779072.920395189314149, 9675693.168357720598578 ], [ 779999.900450969696976, 9675691.086501825600863 ] ] ] } },
{ "type": "Feature", "properties": { "OBJECTID": 191, "HYRIV_ID": 60595702, "NEXT_DOWN": 60597132, "MAIN_RIV": 60443230, "LENGTH_KM": 2.7000000476837158, "DIST_DN_KM": 609.29998779296875, "DIST_UP_KM": 76.099998474121094, "CATCH_SKM": 5.1399998664855957, "UPLAND_SKM": 1683.300048828125, "ENDORHEIC": 0, "DIS_AV_CMS": 41.332000732421875, "ORD_STRA": 4, "ORD_CLAS": 5, "ORD_FLOW": 5, "HYBAS_L12": 6120275340.0, "Shape_Length": 2727.4042751178822 }, "geometry": { "type": "MultiLineString", "coordinates": [ [ [ 749413.499892170075327, 9676217.040579169988632 ], [ 749411.652923986082897, 9675295.224878564476967 ], [ 750336.590675302082673, 9674371.54075588285923 ], [ 750335.65911924385, 9673910.630130099132657 ] ] ] } },
{ "type": "Feature", "properties": { "OBJECTID": 192, "HYRIV_ID": 60595703, "NEXT_DOWN": 60596252, "MAIN_RIV": 60443230, "LENGTH_KM": 5.8600001335144043, "DIST_DN_KM": 590.79998779296875, "DIST_UP_KM": 39.700000762939453, "CATCH_SKM": 20.370000839233398, "UPLAND_SKM": 370.70001220703125, "ENDORHEIC": 0, "DIS_AV_CMS": 8.8070001602172852, "ORD_STRA": 3, "ORD_CLAS": 6, "ORD_FLOW": 6, "HYBAS_L12": 6120275350.0, "Shape_Length": 5920.0145794310374 }, "geometry": { "type": "MultiLineString", "coordinates": [ [ [ 764248.846893087029457, 9678952.193623485043645 ], [ 763784.425396913895383, 9678492.217212235555053 ], [ 763783.456227844581008, 9678031.267567351460457 ], [ 763319.038495794404298, 9677571.293575180694461 ], [ 763318.068224369199015, 9677110.345305729657412 ], [ 762853.654155362397432, 9676650.37363463640213 ], [ 762851.710258705308661, 9675728.47965057566762 ], [ 763314.173406043322757, 9675266.551788628101349 ], [ 763311.237718073418364, 9673883.706384863704443 ] ] ] } },
{ "type": "Feature", "properties": { "OBJECTID": 193, "HYRIV_ID": 60595988, "NEXT_DOWN": 60595989, "MAIN_RIV": 60443230, "LENGTH_KM": 3.2000000476837158, "DIST_DN_KM": 594.20001220703125, "DIST_UP_KM": 5.1999998092651367, "CATCH_SKM": 11.359999656677246, "UPLAND_SKM": 11.399999618530273, "ENDORHEIC": 0, "DIS_AV_CMS": 0.27399998903274536, "ORD_STRA": 1, "ORD_CLAS": 6, "ORD_FLOW": 7, "HYBAS_L12": 6120275530.0, "Shape_Length": 3232.1782532645411 }, "geometry": { "type": "MultiLineString", "coordinates": [ [ [ 759609.11691967130173, 9676426.693737868219614 ], [ 759604.786353057250381, 9674352.475492984056473 ], [ 760067.24258089531213, 9673890.565060378983617 ], [ 760066.273429171880707, 9673429.626272045075893 ] ] ] } },
{ "type": "Feature", "properties": { "OBJECTID": 194, "HYRIV_ID": 60595989, "NEXT_DOWN": 60595990, "MAIN_RIV": 60443230, "LENGTH_KM": 1.8500000238418579, "DIST_DN_KM": 592.29998779296875, "DIST_UP_KM": 93.099998474121094, "CATCH_SKM": 3.0, "UPLAND_SKM": 2585.800048828125, "ENDORHEIC": 0, "DIS_AV_CMS": 63.287998199462891, "ORD_STRA": 5, "ORD_CLAS": 5, "ORD_FLOW": 5, "HYBAS_L12": 6120275530.0, "Shape_Length": 1878.8431941409681 }, "geometry": { "type": "MultiLineString", "coordinates": [ [ [ 760066.273429171880707, 9673429.626272045075893 ], [ 761919.969651118153706, 9673425.711901424452662 ] ] ] } },
{ "type": "Feature", "properties": { "OBJECTID": 195, "HYRIV_ID": 60595990, "NEXT_DOWN": 60596252, "MAIN_RIV": 60443230, "LENGTH_KM": 1.5800000429153442, "DIST_DN_KM": 591.0, "DIST_UP_KM": 94.5, "CATCH_SKM": 6.6500000953674316, "UPLAND_SKM": 2606.300048828125, "ENDORHEIC": 0, "DIS_AV_CMS": 63.775001525878906, "ORD_STRA": 5, "ORD_CLAS": 5, "ORD_FLOW": 5, "HYBAS_L12": 6120275530.0, "Shape_Length": 1601.8449050736631 }, "geometry": { "type": "MultiLineString", "coordinates": [ [ [ 761919.969651118153706, 9673425.711901424452662 ], [ 762846.826118084369227, 9673423.744287246838212 ], [ 763311.237718073418364, 9673883.706384863704443 ] ] ] } },
{ "type": "Feature", "properties": { "OBJECTID": 196, "HYRIV_ID": 60596249, "NEXT_DOWN": 60596250, "MAIN_RIV": 60443230, "LENGTH_KM": 4.0100002288818359, "DIST_DN_KM": 597.20001220703125, "DIST_UP_KM": 8.6999998092651367, "CATCH_SKM": 14.149999618530273, "UPLAND_SKM": 31.700000762939453, "ENDORHEIC": 0, "DIS_AV_CMS": 0.76999998092651367, "ORD_STRA": 2, "ORD_CLAS": 6, "ORD_FLOW": 7, "HYBAS_L12": 6120275530.0, "Shape_Length": 4052.0753893849451 }, "geometry": { "type": "MultiLineString", "coordinates": [ [ [ 755437.820131460670382, 9676204.84146068803966 ], [ 755436.87490213860292, 9675743.916395053267479 ], [ 756824.270780758815818, 9674358.267987009137869 ], [ 756823.315030041849241, 9673897.338643155992031 ], [ 757285.770298375166021, 9673435.445505976676941 ], [ 757284.810178270796314, 9672974.514803722500801 ] ] ] } },
{ "type": "Feature", "properties": { "OBJECTID": 197, "HYRIV_ID": 60596250, "NEXT_DOWN": 60596251, "MAIN_RIV": 60443230, "LENGTH_KM": 1.3899999856948853, "DIST_DN_KM": 595.79998779296875, "DIST_UP_KM": 89.699996948242188, "CATCH_SKM": 2.5699999332427979, "UPLAND_SKM": 2561.699951171875, "ENDORHEIC": 0, "DIS_AV_CMS": 62.719001770019531, "ORD_STRA": 5, "ORD_CLAS": 5, "ORD_FLOW": 5, "HYBAS_L12": 6120275530.0, "Shape_Length": 1409.2409385298824 }, "geometry": { "type": "MultiLineString", "coordinates": [ [ [ 757284.810178270796314, 9672974.514803722500801 ], [ 758675.050347088719718, 9672971.608950406312943 ] ] ] } },
{ "type": "Feature", "properties": { "OBJECTID": 198, "HYRIV_ID": 60596251, "NEXT_DOWN": 60595989, "MAIN_RIV": 60443230, "LENGTH_KM": 1.5800000429153442, "DIST_DN_KM": 594.20001220703125, "DIST_UP_KM": 91.300003051757812, "CATCH_SKM": 2.3599998950958252, "UPLAND_SKM": 2571.39990234375, "ENDORHEIC": 0, "DIS_AV_CMS": 62.945999145507812, "ORD_STRA": 5, "ORD_CLAS": 5, "ORD_FLOW": 5, "HYBAS_L12": 6120275530.0, "Shape_Length": 1601.9876457547682 }, "geometry": { "type": "MultiLineString", "coordinates": [ [ [ 758675.050347088719718, 9672971.608950406312943 ], [ 759139.433576624491252, 9673431.572932669892907 ], [ 760066.273429171880707, 9673429.626272045075893 ] ] ] } },
{ "type": "Feature", "properties": { "OBJECTID": 199, "HYRIV_ID": 60596252, "NEXT_DOWN": 60596560, "MAIN_RIV": 60443230, "LENGTH_KM": 9.1000003814697266, "DIST_DN_KM": 581.70001220703125, "DIST_UP_KM": 103.80000305175781, "CATCH_SKM": 41.590000152587891, "UPLAND_SKM": 3018.60009765625, "ENDORHEIC": 0, "DIS_AV_CMS": 73.541999816894531, "ORD_STRA": 5, "ORD_CLAS": 5, "ORD_FLOW": 5, "HYBAS_L12": 6120275690.0, "Shape_Length": 9224.3506392932231 }, "geometry": { "type": "MultiLineString", "coordinates": [ [ [ 763311.237718073418364, 9673883.706384863704443 ], [ 764238.106048806221224, 9673881.731014117598534 ], [ 764700.555757550755516, 9673419.788098096847534 ], [ 765627.429026571218856, 9673417.799520287662745 ], [ 766091.859514174400829, 9673877.759601198136806 ], [ 766554.307894848519936, 9673415.804018618538976 ], [ 767481.192459987825714, 9673413.801591139286757 ], [ 767943.636768485070206, 9672951.835128182545304 ], [ 771651.229396334849298, 9672943.730318313464522 ] ] ] } },
{ "type": "Feature", "properties": { "OBJECTID": 200, "HYRIV_ID": 60596253, "NEXT_DOWN": 60596560, "MAIN_RIV": 60443230, "LENGTH_KM": 0.68999999761581421, "DIST_DN_KM": 581.70001220703125, "DIST_UP_KM": 4.6999998092651367, "CATCH_SKM": 4.929999828338623, "UPLAND_SKM": 4.9000000953674316, "ENDORHEIC": 0, "DIS_AV_CMS": 0.11599999666213989, "ORD_STRA": 1, "ORD_CLAS": 6, "ORD_FLOW": 7, "HYBAS_L12": 6120275690.0, "Shape_Length": 700.59286016482258 }, "geometry": { "type": "MultiLineString", "coordinates": [ [ [ 771652.749720051302575, 9673635.191190717741847 ], [ 771651.229396334849298, 9672943.730318313464522 ] ] ] } },
{ "type": "Feature", "properties": { "OBJECTID": 201, "HYRIV_ID": 60596560, "NEXT_DOWN": 60596843, "MAIN_RIV": 60443230, "LENGTH_KM": 1.5800000429153442, "DIST_DN_KM": 580.0999755859375, "DIST_UP_KM": 105.40000152587891, "CATCH_SKM": 5.1399998664855957, "UPLAND_SKM": 3028.699951171875, "ENDORHEIC": 0, "DIS_AV_CMS": 73.775001525878906, "ORD_STRA": 5, "ORD_CLAS": 5, "ORD_FLOW": 5, "HYBAS_L12": 6120275690.0, "Shape_Length": 1601.4242808819722 }, "geometry": { "type": "MultiLineString", "coordinates": [ [ [ 771651.229396334849298, 9672943.730318313464522 ], [ 772114.684976412565447, 9672942.709383770823479 ], [ 772577.12311288388446, 9672480.709754092618823 ], [ 773040.579804156674072, 9672479.683896090835333 ] ] ] } },
{ "type": "Feature", "properties": { "OBJECTID": 202, "HYRIV_ID": 60596841, "NEXT_DOWN": 60597127, "MAIN_RIV": 60443230, "LENGTH_KM": 3.119999885559082, "DIST_DN_KM": 644.9000244140625, "DIST_UP_KM": 5.5999999046325684, "CATCH_SKM": 14.579999923706055, "UPLAND_SKM": 14.600000381469727, "ENDORHEIC": 0, "DIS_AV_CMS": 0.36399999260902405, "ORD_STRA": 1, "ORD_CLAS": 7, "ORD_FLOW": 7, "HYBAS_L12": 6121069180.0, "Shape_Length": 3164.6089900052557 }, "geometry": { "type": "MultiLineString", "coordinates": [ [ [ 726471.696605938253924, 9673495.746290475130081 ], [ 727630.019908322487026, 9673493.618568165227771 ], [ 729017.450635579647496, 9672108.493403328582644 ] ] ] } },
{ "type": "Feature", "properties": { "OBJECTID": 203, "HYRIV_ID": 60596842, "NEXT_DOWN": 60596843, "MAIN_RIV": 60443230, "LENGTH_KM": 0.46000000834465027, "DIST_DN_KM": 580.0999755859375, "DIST_UP_KM": 155.30000305175781, "CATCH_SKM": 0.43000000715255737, "UPLAND_SKM": 3523.10009765625, "ENDORHEIC": 0, "DIS_AV_CMS": 86.032997131347656, "ORD_STRA": 5, "ORD_CLAS": 4, "ORD_FLOW": 5, "HYBAS_L12": 6120275780.0, "Shape_Length": 467.04463660913615 }, "geometry": { "type": "MultiLineString", "coordinates": [ [ [ 773039.557742462959141, 9672018.705630529671907 ], [ 773040.579804156674072, 9672479.683896090835333 ] ] ] } },
{ "type": "Feature", "properties": { "OBJECTID": 204, "HYRIV_ID": 60596843, "NEXT_DOWN": 60595169, "MAIN_RIV": 60443230, "LENGTH_KM": 7.820000171661377, "DIST_DN_KM": 572.5, "DIST_UP_KM": 163.0, "CATCH_SKM": 19.940000534057617, "UPLAND_SKM": 6571.7001953125, "ENDORHEIC": 0, "DIS_AV_CMS": 160.23199462890625, "ORD_STRA": 6, "ORD_CLAS": 4, "ORD_FLOW": 4, "HYBAS_L12": 6120275360.0, "Shape_Length": 7917.2220800678397 }, "geometry": { "type": "MultiLineString", "coordinates": [ [ [ 773040.579804156674072, 9672479.683896090835333 ], [ 773505.060199737432413, 9672939.635987021028996 ], [ 773967.497477144468576, 9672477.626932179555297 ], [ 774430.958556218072772, 9672476.595726272091269 ], [ 774893.392036863137037, 9672014.578839408233762 ], [ 776283.783088442170992, 9672011.465298349037766 ], [ 777212.791535212658346, 9672931.363625269383192 ], [ 777214.859583826735616, 9673853.346229879185557 ], [ 777679.369543001172133, 9674313.299981109797955 ], [ 778142.84923005127348, 9674312.260830212384462 ], [ 778607.365897826151922, 9674772.215391729027033 ] ] ] } },
{ "type": "Feature", "properties": { "OBJECTID": 205, "HYRIV_ID": 60597127, "NEXT_DOWN": 60597128, "MAIN_RIV": 60443230, "LENGTH_KM": 0.6600000262260437, "DIST_DN_KM": 644.20001220703125, "DIST_UP_KM": 11.300000190734863, "CATCH_SKM": 2.1400001049041748, "UPLAND_SKM": 43.900001525878906, "ENDORHEIC": 0, "DIS_AV_CMS": 1.0959999561309814, "ORD_STRA": 2, "ORD_CLAS": 6, "ORD_FLOW": 6, "HYBAS_L12": 6121069180.0, "Shape_Length": 663.06244951916938 }, "geometry": { "type": "MultiLineString", "coordinates": [ [ [ 729017.450635579647496, 9672108.493403328582644 ], [ 729479.92061227618251, 9671646.77657176554203 ] ] ] } },
{ "type": "Feature", "properties": { "OBJECTID": 206, "HYRIV_ID": 60597128, "NEXT_DOWN": 60597129, "MAIN_RIV": 60443230, "LENGTH_KM": 0.93000000715255737, "DIST_DN_KM": 643.0999755859375, "DIST_UP_KM": 12.399999618530273, "CATCH_SKM": 0.86000001430511475, "UPLAND_SKM": 60.200000762939453, "ENDORHEIC": 0, "DIS_AV_CMS": 1.5, "ORD_STRA": 3, "ORD_CLAS": 6, "ORD_FLOW": 6, "HYBAS_L12": 6121069180.0, "Shape_Length": 940.20077064544057 }, "geometry": { "type": "MultiLineString", "coordinates": [ [ [ 729479.92061227618251, 9671646.77657176554203 ], [ 730406.580560151836835, 9671645.04296850040555 ] ] ] } },
{ "type": "Feature", "properties": { "OBJECTID": 207, "HYRIV_ID": 60597129, "NEXT_DOWN": 60595168, "MAIN_RIV": 60443230, "LENGTH_KM": 5.130000114440918, "DIST_DN_KM": 638.0, "DIST_UP_KM": 17.5, "CATCH_SKM": 17.790000915527344, "UPLAND_SKM": 84.0, "ENDORHEIC": 0, "DIS_AV_CMS": 2.0910000801086426, "ORD_STRA": 3, "ORD_CLAS": 6, "ORD_FLOW": 6, "HYBAS_L12": 6121069180.0, "Shape_Length": 5190.36616197086 }, "geometry": { "type": "MultiLineString", "coordinates": [ [ [ 730406.580560151836835, 9671645.04296850040555 ], [ 730407.443800151464529, 9672105.899177500978112 ], [ 731800.046302302624099, 9673485.86879063770175 ], [ 732726.732339209760539, 9673484.127378052100539 ], [ 733655.163113432237878, 9674404.108500581234694 ], [ 733656.03132413350977, 9674864.973107056692243 ] ] ] } },
{ "type": "Feature", "properties": { "OBJECTID": 208, "HYRIV_ID": 60597130, "NEXT_DOWN": 60597131, "MAIN_RIV": 60443230, "LENGTH_KM": 4.0500001907348633, "DIST_DN_KM": 617.70001220703125, "DIST_UP_KM": 6.3000001907348633, "CATCH_SKM": 14.579999923706055, "UPLAND_SKM": 14.600000381469727, "ENDORHEIC": 0, "DIS_AV_CMS": 0.35899999737739563, "ORD_STRA": 1, "ORD_CLAS": 7, "ORD_FLOW": 7, "HYBAS_L12": 6120275460.0, "Shape_Length": 4097.017501098846 }, "geometry": { "type": "MultiLineString", "coordinates": [ [ [ 740605.108792956219986, 9674160.370181223377585 ], [ 740603.764500831253827, 9673469.045088868588209 ], [ 741067.130664303898811, 9673468.142247905954719 ], [ 741529.596919579314999, 9673006.351606916636229 ], [ 741992.963926193770021, 9673005.444048307836056 ], [ 742917.885133711155504, 9672081.843839870765805 ], [ 742916.974844400654547, 9671620.953904338181019 ] ] ] } },
{ "type": "Feature", "properties": { "OBJECTID": 209, "HYRIV_ID": 60597131, "NEXT_DOWN": 60597132, "MAIN_RIV": 60443230, "LENGTH_KM": 8.3599996566772461, "DIST_DN_KM": 609.29998779296875, "DIST_UP_KM": 58.799999237060547, "CATCH_SKM": 25.510000228881836, "UPLAND_SKM": 705.4000244140625, "ENDORHEIC": 0, "DIS_AV_CMS": 17.249000549316406, "ORD_STRA": 4, "ORD_CLAS": 6, "ORD_FLOW": 5, "HYBAS_L12": 6120275460.0, "Shape_Length": 8482.559376463636 }, "geometry": { "type": "MultiLineString", "coordinates": [ [ [ 742916.974844400654547, 9671620.953904338181019 ], [ 743380.340452094445936, 9671620.037218617275357 ], [ 744308.905461027869023, 9672539.98610857874155 ], [ 744772.278439064742997, 9672539.066738842055202 ], [ 745236.569185610627756, 9672999.041874123737216 ], [ 748480.238090091617778, 9672992.554443774744868 ], [ 748944.553620156599209, 9673452.527289945632219 ], [ 749407.943212737562135, 9673451.593104222789407 ], [ 749872.265237757703289, 9673911.566499980166554 ], [ 750335.65911924385, 9673910.630130099132657 ] ] ] } },
{ "type": "Feature", "properties": { "OBJECTID": 210, "HYRIV_ID": 60597132, "NEXT_DOWN": 60598331, "MAIN_RIV": 60443230, "LENGTH_KM": 3.2699999809265137, "DIST_DN_KM": 606.20001220703125, "DIST_UP_KM": 79.199996948242188, "CATCH_SKM": 8.1499996185302734, "UPLAND_SKM": 2396.89990234375, "ENDORHEIC": 0, "DIS_AV_CMS": 58.775001525878906, "ORD_STRA": 5, "ORD_CLAS": 5, "ORD_FLOW": 5, "HYBAS_L12": 6120275530.0, "Shape_Length": 3313.3606142448875 }, "geometry": { "type": "MultiLineString", "coordinates": [ [ [ 750335.65911924385, 9673910.630130099132657 ], [ 751260.577132611651905, 9672986.925645375624299 ], [ 750796.246722183655947, 9672526.956214254721999 ], [ 751258.697882364271209, 9672065.099040055647492 ], [ 750794.36833021522034, 9671605.132145082578063 ] ] ] } },
{ "type": "Feature", "properties": { "OBJECTID": 211, "HYRIV_ID": 60597412, "NEXT_DOWN": 60597127, "MAIN_RIV": 60443230, "LENGTH_KM": 8.2299995422363281, "DIST_DN_KM": 644.70001220703125, "DIST_UP_KM": 10.800000190734863, "CATCH_SKM": 27.229999542236328, "UPLAND_SKM": 27.200000762939453, "ENDORHEIC": 0, "DIS_AV_CMS": 0.67900002002716064, "ORD_STRA": 1, "ORD_CLAS": 6, "ORD_FLOW": 7, "HYBAS_L12": 6121069180.0, "Shape_Length": 8348.8472176252908 }, "geometry": { "type": "MultiLineString", "coordinates": [ [ [ 721837.236309565254487, 9672812.897374263033271 ], [ 722993.436769442167133, 9671658.71599075011909 ], [ 725310.011239475687034, 9671654.491317003965378 ], [ 725772.482537912321277, 9671192.796855079010129 ], [ 726235.800480412668549, 9671191.943713366985321 ], [ 726699.970174482790753, 9671651.935420064255595 ], [ 727163.292214670800604, 9671651.080016920343041 ], [ 727627.468386932741851, 9672111.071806937456131 ], [ 729017.450635579647496, 9672108.493403328582644 ] ] ] } },
{ "type": "Feature", "properties": { "OBJECTID": 212, "HYRIV_ID": 60597413, "NEXT_DOWN": 60597129, "MAIN_RIV": 60443230, "LENGTH_KM": 0.98000001907348633, "DIST_DN_KM": 643.29998779296875, "DIST_UP_KM": 4.0, "CATCH_SKM": 6.0, "UPLAND_SKM": 6.0, "ENDORHEIC": 0, "DIS_AV_CMS": 0.14900000393390656, "ORD_STRA": 1, "ORD_CLAS": 7, "ORD_FLOW": 7, "HYBAS_L12": 6121069180.0, "Shape_Length": 994.56896712512321 }, "geometry": { "type": "MultiLineString", "coordinates": [ [ [ 729710.291852609021589, 9670955.062181532382965 ], [ 730406.580560151836835, 9671645.04296850040555 ] ] ] } },
{ "type": "Feature", "properties": { "OBJECTID": 213, "HYRIV_ID": 60597414, "NEXT_DOWN": 60597131, "MAIN_RIV": 60443230, "LENGTH_KM": 0.6600000262260437, "DIST_DN_KM": 617.79998779296875, "DIST_UP_KM": 50.200000762939453, "CATCH_SKM": 1.7200000286102295, "UPLAND_SKM": 665.29998779296875, "ENDORHEIC": 0, "DIS_AV_CMS": 16.271999359130859, "ORD_STRA": 4, "ORD_CLAS": 6, "ORD_FLOW": 5, "HYBAS_L12": 6121069850.0, "Shape_Length": 662.8167634530713 }, "geometry": { "type": "MultiLineString", "coordinates": [ [ [ 742452.700580227654427, 9671160.980151126161218 ], [ 742916.974844400654547, 9671620.953904338181019 ] ] ] } },
{ "type": "Feature", "properties": { "OBJECTID": 214, "HYRIV_ID": 60597415, "NEXT_DOWN": 60598331, "MAIN_RIV": 60443230, "LENGTH_KM": 0.68999999761581421, "DIST_DN_KM": 606.0, "DIST_UP_KM": 3.7000000476837158, "CATCH_SKM": 6.0, "UPLAND_SKM": 6.0, "ENDORHEIC": 0, "DIS_AV_CMS": 0.14599999785423279, "ORD_STRA": 1, "ORD_CLAS": 6, "ORD_FLOW": 7, "HYBAS_L12": 6120275530.0, "Shape_Length": 700.98439009175956 }, "geometry": { "type": "MultiLineString", "coordinates": [ [ [ 750792.95607449056115, 9670913.763985129073262 ], [ 750794.36833021522034, 9671605.132145082578063 ] ] ] } },
{ "type": "Feature", "properties": { "OBJECTID": 215, "HYRIV_ID": 60597416, "NEXT_DOWN": 60596250, "MAIN_RIV": 60443230, "LENGTH_KM": 3.5399999618530273, "DIST_DN_KM": 597.29998779296875, "DIST_UP_KM": 88.099998474121094, "CATCH_SKM": 13.289999961853027, "UPLAND_SKM": 2527.39990234375, "ENDORHEIC": 0, "DIS_AV_CMS": 61.889999389648438, "ORD_STRA": 5, "ORD_CLAS": 5, "ORD_FLOW": 5, "HYBAS_L12": 6120275530.0, "Shape_Length": 3589.865440307286 }, "geometry": { "type": "MultiLineString", "coordinates": [ [ [ 754500.554062506067567, 9671136.588769776746631 ], [ 755429.265209407778457, 9672056.514200104400516 ], [ 756356.072751865489408, 9672054.587211405858397 ], [ 757284.810178270796314, 9672974.514803722500801 ] ] ] } },
{ "type": "Feature", "properties": { "OBJECTID": 216, "HYRIV_ID": 60597417, "NEXT_DOWN": 60596251, "MAIN_RIV": 60443230, "LENGTH_KM": 2.7400000095367432, "DIST_DN_KM": 595.79998779296875, "DIST_UP_KM": 4.6999998092651367, "CATCH_SKM": 7.2899999618530273, "UPLAND_SKM": 7.3000001907348633, "ENDORHEIC": 0, "DIS_AV_CMS": 0.17399999499320984, "ORD_STRA": 1, "ORD_CLAS": 6, "ORD_FLOW": 7, "HYBAS_L12": 6120275530.0, "Shape_Length": 2767.4990236940216 }, "geometry": { "type": "MultiLineString", "coordinates": [ [ [ 759597.507256366778165, 9670895.44364745169878 ], [ 759600.913775955792516, 9672508.725406980141997 ], [ 759138.466440597199835, 9672970.636776840314269 ], [ 758675.050347088719718, 9672971.608950406312943 ] ] ] } },
{ "type": "Feature", "properties": { "OBJECTID": 217, "HYRIV_ID": 60597721, "NEXT_DOWN": 60596842, "MAIN_RIV": 60443230, "LENGTH_KM": 2.0, "DIST_DN_KM": 580.70001220703125, "DIST_UP_KM": 4.5, "CATCH_SKM": 9.4300003051757812, "UPLAND_SKM": 9.3999996185302734, "ENDORHEIC": 0, "DIS_AV_CMS": 0.21899999678134918, "ORD_STRA": 1, "ORD_CLAS": 5, "ORD_FLOW": 7, "HYBAS_L12": 6120275780.0, "Shape_Length": 2025.0871503668368 }, "geometry": { "type": "MultiLineString", "coordinates": [ [ [ 773962.871522648027167, 9670403.211283886805177 ], [ 773964.416769329109229, 9671094.683209244161844 ], [ 773039.557742462959141, 9672018.705630529671907 ] ] ] } },
{ "type": "Feature", "properties": { "OBJECTID": 218, "HYRIV_ID": 60598031, "NEXT_DOWN": 60598032, "MAIN_RIV": 60443230, "LENGTH_KM": 0.68999999761581421, "DIST_DN_KM": 646.29998779296875, "DIST_UP_KM": 3.7999999523162842, "CATCH_SKM": 6.2199997901916504, "UPLAND_SKM": 6.1999998092651367, "ENDORHEIC": 0, "DIS_AV_CMS": 0.1550000011920929, "ORD_STRA": 1, "ORD_CLAS": 7, "ORD_FLOW": 7, "HYBAS_L12": 6121069180.0, "Shape_Length": 705.18516844518069 }, "geometry": { "type": "MultiLineString", "coordinates": [ [ [ 727392.390546779381111, 9670268.106266736984253 ], [ 728087.368931200471707, 9670266.813170831650496 ] ] ] } },
{ "type": "Feature", "properties": { "OBJECTID": 219, "HYRIV_ID": 60598032, "NEXT_DOWN": 60597128, "MAIN_RIV": 60443230, "LENGTH_KM": 2.2400000095367432, "DIST_DN_KM": 644.0, "DIST_UP_KM": 6.0, "CATCH_SKM": 3.4300000667572021, "UPLAND_SKM": 15.399999618530273, "ENDORHEIC": 0, "DIS_AV_CMS": 0.38299998641014099, "ORD_STRA": 2, "ORD_CLAS": 7, "ORD_FLOW": 7, "HYBAS_L12": 6121069180.0, "Shape_Length": 2263.8379977376144 }, "geometry": { "type": "MultiLineString", "coordinates": [ [ [ 728087.368931200471707, 9670266.813170831650496 ], [ 728550.689402157906443, 9670265.948838856071234 ], [ 729479.059558054897934, 9671185.922708792611957 ], [ 729479.92061227618251, 9671646.77657176554203 ] ] ] } },
{ "type": "Feature", "properties": { "OBJECTID": 220, "HYRIV_ID": 60598033, "NEXT_DOWN": 60597414, "MAIN_RIV": 60443230, "LENGTH_KM": 1.309999942779541, "DIST_DN_KM": 618.5, "DIST_UP_KM": 17.600000381469727, "CATCH_SKM": 2.3599998950958252, "UPLAND_SKM": 93.0, "ENDORHEIC": 0, "DIS_AV_CMS": 2.252000093460083, "ORD_STRA": 2, "ORD_CLAS": 7, "ORD_FLOW": 6, "HYBAS_L12": 6121069850.0, "Shape_Length": 1325.6211747108089 }, "geometry": { "type": "MultiLineString", "coordinates": [ [ [ 743377.596760971704498, 9670237.363401928916574 ], [ 742452.700580227654427, 9671160.980151126161218 ] ] ] } },
{ "type": "Feature", "properties": { "OBJECTID": 221, "HYRIV_ID": 60598330, "NEXT_DOWN": 60598032, "MAIN_RIV": 60443230, "LENGTH_KM": 0.68999999761581421, "DIST_DN_KM": 646.29998779296875, "DIST_UP_KM": 3.2000000476837158, "CATCH_SKM": 5.7899999618530273, "UPLAND_SKM": 5.8000001907348633, "ENDORHEIC": 0, "DIS_AV_CMS": 0.14399999380111694, "ORD_STRA": 1, "ORD_CLAS": 8, "ORD_FLOW": 7, "HYBAS_L12": 6121069180.0, "Shape_Length": 701.41975330647267 }, "geometry": { "type": "MultiLineString", "coordinates": [ [ [ 728086.079328948399052, 9669575.537652663886547 ], [ 728087.368931200471707, 9670266.813170831650496 ] ] ] } },
{ "type": "Feature", "properties": { "OBJECTID": 222, "HYRIV_ID": 60598331, "NEXT_DOWN": 60597416, "MAIN_RIV": 60443230, "LENGTH_KM": 5.320000171661377, "DIST_DN_KM": 600.9000244140625, "DIST_UP_KM": 84.5, "CATCH_SKM": 15.859999656677246, "UPLAND_SKM": 2418.800048828125, "ENDORHEIC": 0, "DIS_AV_CMS": 59.293998718261719, "ORD_STRA": 5, "ORD_CLAS": 5, "ORD_FLOW": 5, "HYBAS_L12": 6120275530.0, "Shape_Length": 5382.7482121940857 }, "geometry": { "type": "MultiLineString", "coordinates": [ [ [ 750794.36833021522034, 9671605.132145082578063 ], [ 751256.813343135640025, 9671143.272242814302444 ], [ 751255.869102817727253, 9670682.358796404674649 ], [ 752180.742498357663862, 9669758.623145716264844 ], [ 753109.420158714987338, 9670678.544893853366375 ], [ 754036.203805997734889, 9670676.627385918051004 ], [ 754500.554062506067567, 9671136.588769776746631 ] ] ] } },
{ "type": "Feature", "properties": { "OBJECTID": 223, "HYRIV_ID": 60598332, "NEXT_DOWN": 60597416, "MAIN_RIV": 60443230, "LENGTH_KM": 2.2400000095367432, "DIST_DN_KM": 600.70001220703125, "DIST_UP_KM": 17.100000381469727, "CATCH_SKM": 1.7200000286102295, "UPLAND_SKM": 95.400001525878906, "ENDORHEIC": 0, "DIS_AV_CMS": 2.2820000648498535, "ORD_STRA": 2, "ORD_CLAS": 6, "ORD_FLOW": 6, "HYBAS_L12": 6120275530.0, "Shape_Length": 2262.2310183383906 }, "geometry": { "type": "MultiLineString", "coordinates": [ [ [ 754961.072418367490172, 9669752.854546338319778 ], [ 754962.0332649811171, 9670213.778708800673485 ], [ 755426.389348756754771, 9670673.737901838496327 ], [ 754963.951020249165595, 9671135.626939304172993 ], [ 754500.554062506067567, 9671136.588769776746631 ] ] ] } },
{ "type": "Feature", "properties": { "OBJECTID": 224, "HYRIV_ID": 60598333, "NEXT_DOWN": 60595990, "MAIN_RIV": 60443230, "LENGTH_KM": 4.320000171661377, "DIST_DN_KM": 592.29998779296875, "DIST_UP_KM": 6.5999999046325684, "CATCH_SKM": 13.930000305175781, "UPLAND_SKM": 13.899999618530273, "ENDORHEIC": 0, "DIS_AV_CMS": 0.33199998736381531, "ORD_STRA": 1, "ORD_CLAS": 6, "ORD_FLOW": 7, "HYBAS_L12": 6120275530.0, "Shape_Length": 4361.6997708736262 }, "geometry": { "type": "MultiLineString", "coordinates": [ [ [ 760984.795715095242485, 9669509.667620494961739 ], [ 760987.253999697393738, 9670662.022210786119103 ], [ 761451.650955281453207, 9671121.977678943425417 ], [ 761454.590652192360722, 9672504.806952310726047 ], [ 761918.992134816711769, 9672964.767469020560384 ], [ 761919.969651118153706, 9673425.711901424452662 ] ] ] } },
{ "type": "Feature", "properties": { "OBJECTID": 225, "HYRIV_ID": 60598635, "NEXT_DOWN": 60595169, "MAIN_RIV": 60443230, "LENGTH_KM": 6.130000114440918, "DIST_DN_KM": 572.29998779296875, "DIST_UP_KM": 46.700000762939453, "CATCH_SKM": 9.4300003051757812, "UPLAND_SKM": 409.39999389648438, "ENDORHEIC": 0, "DIS_AV_CMS": 9.3719997406005859, "ORD_STRA": 3, "ORD_CLAS": 5, "ORD_FLOW": 6, "HYBAS_L12": 6120275370.0, "Shape_Length": 6189.3477941695101 }, "geometry": { "type": "MultiLineString", "coordinates": [ [ [ 778131.380843241000548, 9669241.323069978505373 ], [ 778595.89448903594166, 9669701.26192064024508 ], [ 778597.993371756514534, 9670623.253749998286366 ], [ 778135.571670264704153, 9671085.300805972889066 ], [ 778138.699448798783123, 9672468.28386520780623 ], [ 778603.215025823912583, 9672928.23276450112462 ], [ 778607.365897826151922, 9674772.215391729027033 ] ] ] } },
{ "type": "Feature", "properties": { "OBJECTID": 226, "HYRIV_ID": 60598937, "NEXT_DOWN": 60598033, "MAIN_RIV": 60443230, "LENGTH_KM": 3.6800000667572021, "DIST_DN_KM": 619.5999755859375, "DIST_UP_KM": 6.0999999046325684, "CATCH_SKM": 15.220000267028809, "UPLAND_SKM": 15.199999809265137, "ENDORHEIC": 0, "DIS_AV_CMS": 0.37000000476837158, "ORD_STRA": 1, "ORD_CLAS": 8, "ORD_FLOW": 7, "HYBAS_L12": 6121069850.0, "Shape_Length": 3729.3951728376978 }, "geometry": { "type": "MultiLineString", "coordinates": [ [ [ 746386.215644031530246, 9668618.187912315130234 ], [ 745230.127211541403085, 9669772.767222844064236 ], [ 744766.763373587047681, 9669773.696075601503253 ], [ 744304.321453064447269, 9670235.517098005861044 ], [ 743377.596760971704498, 9670237.363401928916574 ] ] ] } },
{ "type": "Feature", "properties": { "OBJECTID": 227, "HYRIV_ID": 60598938, "NEXT_DOWN": 60598332, "MAIN_RIV": 60443230, "LENGTH_KM": 1.1200000047683716, "DIST_DN_KM": 602.9000244140625, "DIST_UP_KM": 14.899999618530273, "CATCH_SKM": 2.3599998950958252, "UPLAND_SKM": 78.699996948242188, "ENDORHEIC": 0, "DIS_AV_CMS": 1.8830000162124634, "ORD_STRA": 2, "ORD_CLAS": 6, "ORD_FLOW": 6, "HYBAS_L12": 6120275530.0, "Shape_Length": 1129.8638594981396 }, "geometry": { "type": "MultiLineString", "coordinates": [ [ [ 754495.758416928118095, 9668831.974679220467806 ], [ 754960.110127987805754, 9669291.930386550724506 ], [ 754961.072418367490172, 9669752.854546338319778 ] ] ] } },
{ "type": "Feature", "properties": { "OBJECTID": 228, "HYRIV_ID": 60599259, "NEXT_DOWN": 60599260, "MAIN_RIV": 60443230, "LENGTH_KM": 6.3600001335144043, "DIST_DN_KM": 624.4000244140625, "DIST_UP_KM": 9.5, "CATCH_SKM": 25.719999313354492, "UPLAND_SKM": 25.700000762939453, "ENDORHEIC": 0, "DIS_AV_CMS": 0.63499999046325684, "ORD_STRA": 1, "ORD_CLAS": 7, "ORD_FLOW": 7, "HYBAS_L12": 6121069850.0, "Shape_Length": 6438.8167694194426 }, "geometry": { "type": "MultiLineString", "coordinates": [ [ [ 734810.040363654959947, 9672558.448391176760197 ], [ 735505.061259052250534, 9672557.122321976348758 ], [ 736429.989611822995357, 9671633.603774705901742 ], [ 737356.686594315455295, 9671631.817658692598343 ], [ 737352.220762252225541, 9669327.443555798381567 ], [ 737814.663812319631688, 9668865.665408814325929 ], [ 737813.763866655877791, 9668404.789228724315763 ] ] ] } },
{ "type": "Feature", "properties": { "OBJECTID": 229, "HYRIV_ID": 60599260, "NEXT_DOWN": 60597414, "MAIN_RIV": 60443230, "LENGTH_KM": 6.0500001907348633, "DIST_DN_KM": 618.5, "DIST_UP_KM": 49.599998474121094, "CATCH_SKM": 16.510000228881836, "UPLAND_SKM": 570.5999755859375, "ENDORHEIC": 0, "DIS_AV_CMS": 13.977999687194824, "ORD_STRA": 4, "ORD_CLAS": 6, "ORD_FLOW": 5, "HYBAS_L12": 6121069850.0, "Shape_Length": 6131.4951049527899 }, "geometry": { "type": "MultiLineString", "coordinates": [ [ [ 737813.763866655877791, 9668404.789228724315763 ], [ 740130.473504347843118, 9668400.240419946610928 ], [ 740594.729633613489568, 9668860.209182748571038 ], [ 740595.638858692487702, 9669321.092879073694348 ], [ 742452.700580227654427, 9671160.980151126161218 ] ] ] } },
{ "type": "Feature", "properties": { "OBJECTID": 230, "HYRIV_ID": 60599848, "NEXT_DOWN": 60598033, "MAIN_RIV": 60443230, "LENGTH_KM": 3.3499999046325684, "DIST_DN_KM": 619.79998779296875, "DIST_UP_KM": 16.299999237060547, "CATCH_SKM": 8.3599996566772461, "UPLAND_SKM": 75.5, "ENDORHEIC": 0, "DIS_AV_CMS": 1.8240000009536743, "ORD_STRA": 2, "ORD_CLAS": 7, "ORD_FLOW": 6, "HYBAS_L12": 6121069850.0, "Shape_Length": 3390.7238897298175 }, "geometry": { "type": "MultiLineString", "coordinates": [ [ [ 741982.02881288761273, 9667474.794336879625916 ], [ 741982.94710787688382, 9667935.68204353377223 ], [ 742447.214931835304014, 9668395.647528331726789 ], [ 742449.048614770523272, 9669317.425173591822386 ], [ 743377.596760971704498, 9670237.363401928916574 ] ] ] } },
{ "type": "Feature", "properties": { "OBJECTID": 231, "HYRIV_ID": 60599849, "NEXT_DOWN": 60598332, "MAIN_RIV": 60443230, "LENGTH_KM": 5.6399998664855957, "DIST_DN_KM": 602.9000244140625, "DIST_UP_KM": 7.9000000953674316, "CATCH_SKM": 15.010000228881836, "UPLAND_SKM": 15.0, "ENDORHEIC": 0, "DIS_AV_CMS": 0.3580000102519989, "ORD_STRA": 1, "ORD_CLAS": 7, "ORD_FLOW": 7, "HYBAS_L12": 6120275530.0, "Shape_Length": 5713.3985611833514 }, "geometry": { "type": "MultiLineString", "coordinates": [ [ [ 757967.779564585536718, 9667211.401975445449352 ], [ 757274.159006279194728, 9667904.274986751377583 ], [ 756809.792899277759716, 9667444.325339235365391 ], [ 756346.404549728147686, 9667445.304984567686915 ], [ 755883.9887265014695, 9667907.209833964705467 ], [ 756348.349009742145427, 9668367.161672130227089 ], [ 756349.319222802529112, 9668828.090017991140485 ], [ 755424.465447683935054, 9669751.886946897953749 ], [ 754961.072418367490172, 9669752.854546338319778 ] ] ] } },
{ "type": "Feature", "properties": { "OBJECTID": 232, "HYRIV_ID": 60599850, "NEXT_DOWN": 60599851, "MAIN_RIV": 60443230, "LENGTH_KM": 2.75, "DIST_DN_KM": 588.9000244140625, "DIST_UP_KM": 4.6999998092651367, "CATCH_SKM": 7.5, "UPLAND_SKM": 7.5, "ENDORHEIC": 0, "DIS_AV_CMS": 0.17700000107288361, "ORD_STRA": 1, "ORD_CLAS": 5, "ORD_FLOW": 7, "HYBAS_L12": 6120275780.0, "Shape_Length": 2785.5152806079691 }, "geometry": { "type": "MultiLineString", "coordinates": [ [ [ 764923.824594544130377, 9669501.186514500528574 ], [ 766542.277339069289155, 9667884.302094385027885 ], [ 766541.265616571065038, 9667423.343407224863768 ] ] ] } },
{ "type": "Feature", "properties": { "OBJECTID": 233, "HYRIV_ID": 60599851, "NEXT_DOWN": 60596842, "MAIN_RIV": 60443230, "LENGTH_KM": 8.3999996185302734, "DIST_DN_KM": 580.70001220703125, "DIST_UP_KM": 154.69999694824219, "CATCH_SKM": 25.940000534057617, "UPLAND_SKM": 3513.199951171875, "ENDORHEIC": 0, "DIS_AV_CMS": 85.805999755859375, "ORD_STRA": 5, "ORD_CLAS": 4, "ORD_FLOW": 5, "HYBAS_L12": 6120275780.0, "Shape_Length": 8501.5925450517116 }, "geometry": { "type": "MultiLineString", "coordinates": [ [ [ 766541.265616571065038, 9667423.343407224863768 ], [ 767004.684448841027915, 9667422.32475620880723 ], [ 767469.119960435549729, 9667882.265831276774406 ], [ 767932.543366763042286, 9667881.244981708005071 ], [ 768861.431198085076176, 9668801.129520023241639 ], [ 769324.862357734702528, 9668800.106247898191214 ], [ 771182.693058437784202, 9670639.886441880837083 ], [ 771646.13842850853689, 9670638.860097760334611 ], [ 773039.557742462959141, 9672018.705630529671907 ] ] ] } },
{ "type": "Feature", "properties": { "OBJECTID": 234, "HYRIV_ID": 60600108, "NEXT_DOWN": 60600109, "MAIN_RIV": 60443230, "LENGTH_KM": 4.3299999237060547, "DIST_DN_KM": 626.5, "DIST_UP_KM": 6.5, "CATCH_SKM": 11.359999656677246, "UPLAND_SKM": 11.399999618530273, "ENDORHEIC": 0, "DIS_AV_CMS": 0.2800000011920929, "ORD_STRA": 1, "ORD_CLAS": 7, "ORD_FLOW": 7, "HYBAS_L12": 6121069850.0, "Shape_Length": 4390.8473095325471 }, "geometry": { "type": "MultiLineString", "coordinates": [ [ [ 733414.307927251094952, 9669565.471160050481558 ], [ 734107.9797728813719, 9668872.841654054820538 ], [ 734107.093892245553434, 9668411.975342076271772 ], [ 734569.534428635030054, 9667950.215833008289337 ], [ 735496.193394734757021, 9667948.423843313008547 ], [ 736421.061870403122157, 9667024.879820216447115 ] ] ] } },
{ "type": "Feature", "properties": { "OBJECTID": 235, "HYRIV_ID": 60600109, "NEXT_DOWN": 60599260, "MAIN_RIV": 60443230, "LENGTH_KM": 1.9600000381469727, "DIST_DN_KM": 624.5999755859375, "DIST_UP_KM": 43.5, "CATCH_SKM": 3.2100000381469727, "UPLAND_SKM": 528.4000244140625, "ENDORHEIC": 0, "DIS_AV_CMS": 12.940999984741211, "ORD_STRA": 4, "ORD_CLAS": 6, "ORD_FLOW": 5, "HYBAS_L12": 6121069850.0, "Shape_Length": 1988.720992916707 }, "geometry": { "type": "MultiLineString", "coordinates": [ [ [ 736421.061870403122157, 9667024.879820216447115 ], [ 737813.763866655877791, 9668404.789228724315763 ] ] ] } },
{ "type": "Feature", "properties": { "OBJECTID": 236, "HYRIV_ID": 60600110, "NEXT_DOWN": 60599848, "MAIN_RIV": 60443230, "LENGTH_KM": 1.1200000047683716, "DIST_DN_KM": 623.20001220703125, "DIST_UP_KM": 13.0, "CATCH_SKM": 1.5, "UPLAND_SKM": 54.200000762939453, "ENDORHEIC": 0, "DIS_AV_CMS": 1.309999942779541, "ORD_STRA": 2, "ORD_CLAS": 7, "ORD_FLOW": 6, "HYBAS_L12": 6121069850.0, "Shape_Length": 1132.7572199111339 }, "geometry": { "type": "MultiLineString", "coordinates": [ [ [ 741054.422061830409802, 9667015.753265062347054 ], [ 741517.765012174262665, 9667014.830881427973509 ], [ 741982.02881288761273, 9667474.794336879625916 ] ] ] } },
{ "type": "Feature", "properties": { "OBJECTID": 237, "HYRIV_ID": 60600366, "NEXT_DOWN": 60602659, "MAIN_RIV": 60443230, "LENGTH_KM": 1.4500000476837158, "DIST_DN_KM": 655.70001220703125, "DIST_UP_KM": 5.4000000953674316, "CATCH_SKM": 13.079999923706055, "UPLAND_SKM": 13.100000381469727, "ENDORHEIC": 0, "DIS_AV_CMS": 0.32499998807907104, "ORD_STRA": 1, "ORD_CLAS": 8, "ORD_FLOW": 7, "HYBAS_L12": 6120278130.0, "Shape_Length": 1464.9654686461606 }, "geometry": { "type": "MultiLineString", "coordinates": [ [ [ 722290.499519538367167, 9667282.037492129951715 ], [ 721594.296330271055922, 9666592.058273239061236 ], [ 721131.007799159386195, 9666592.905509190633893 ] ] ] } },
{ "type": "Feature", "properties": { "OBJECTID": 238, "HYRIV_ID": 60600367, "NEXT_DOWN": 60598938, "MAIN_RIV": 60443230, "LENGTH_KM": 3.4900000095367432, "DIST_DN_KM": 604.0999755859375, "DIST_UP_KM": 5.9000000953674316, "CATCH_SKM": 9.8599996566772461, "UPLAND_SKM": 9.8999996185302734, "ENDORHEIC": 0, "DIS_AV_CMS": 0.23499999940395355, "ORD_STRA": 1, "ORD_CLAS": 7, "ORD_FLOW": 7, "HYBAS_L12": 6120275530.0, "Shape_Length": 3528.0182642746176 }, "geometry": { "type": "MultiLineString", "coordinates": [ [ [ 756112.275103114312515, 9666293.474767953157425 ], [ 755418.661357046337798, 9666986.333231186494231 ], [ 754955.278887032996863, 9666987.308911882340908 ], [ 754957.215380351757631, 9667909.157617276534438 ], [ 754494.795210655312985, 9668371.051688242703676 ], [ 754495.758416928118095, 9668831.974679220467806 ] ] ] } },
{ "type": "Feature", "properties": { "OBJECTID": 239, "HYRIV_ID": 60600368, "NEXT_DOWN": 60598635, "MAIN_RIV": 60443230, "LENGTH_KM": 6.0500001907348633, "DIST_DN_KM": 578.4000244140625, "DIST_UP_KM": 40.599998474121094, "CATCH_SKM": 14.149999618530273, "UPLAND_SKM": 378.5, "ENDORHEIC": 0, "DIS_AV_CMS": 8.6669998168945312, "ORD_STRA": 3, "ORD_CLAS": 5, "ORD_FLOW": 6, "HYBAS_L12": 6120275370.0, "Shape_Length": 6125.5662179289984 }, "geometry": { "type": "MultiLineString", "coordinates": [ [ [ 773490.617249829228967, 9666485.917164934799075 ], [ 773955.096854451810941, 9666945.850600562989712 ], [ 775345.421197558287531, 9666942.699783513322473 ], [ 775809.913951792055741, 9667402.633282152935863 ], [ 776273.36159806093201, 9667401.579219235107303 ], [ 777202.364124992629513, 9668321.448873797431588 ], [ 777665.819718295591883, 9668320.392375648021698 ], [ 778130.329493849654682, 9668780.328628933057189 ], [ 778131.380843241000548, 9669241.323069978505373 ] ] ] } },
{ "type": "Feature", "properties": { "OBJECTID": 240, "HYRIV_ID": 60600943, "NEXT_DOWN": 60600944, "MAIN_RIV": 60443230, "LENGTH_KM": 1.4500000476837158, "DIST_DN_KM": 627.9000244140625, "DIST_UP_KM": 4.5, "CATCH_SKM": 6.8600001335144043, "UPLAND_SKM": 6.9000000953674316, "ENDORHEIC": 0, "DIS_AV_CMS": 0.16899999976158142, "ORD_STRA": 1, "ORD_CLAS": 7, "ORD_FLOW": 7, "HYBAS_L12": 6121069850.0, "Shape_Length": 1464.4085068818733 }, "geometry": { "type": "MultiLineString", "coordinates": [ [ [ 734798.074951192014851, 9666336.729812188073993 ], [ 735491.713081688154489, 9665644.073437580838799 ], [ 735955.035628446261398, 9665643.168585304170847 ] ] ] } },
{ "type": "Feature", "properties": { "OBJECTID": 241, "HYRIV_ID": 60600944, "NEXT_DOWN": 60600109, "MAIN_RIV": 60443230, "LENGTH_KM": 1.5800000429153442, "DIST_DN_KM": 626.5, "DIST_UP_KM": 41.5, "CATCH_SKM": 4.5, "UPLAND_SKM": 513.79998779296875, "ENDORHEIC": 0, "DIS_AV_CMS": 12.586999893188477, "ORD_STRA": 4, "ORD_CLAS": 6, "ORD_FLOW": 5, "HYBAS_L12": 6121069850.0, "Shape_Length": 1597.9443264641709 }, "geometry": { "type": "MultiLineString", "coordinates": [ [ [ 735955.035628446261398, 9665643.168585304170847 ], [ 735956.835030711139552, 9666564.911319263279438 ], [ 736421.061870403122157, 9667024.879820216447115 ] ] ] } },
{ "type": "Feature", "properties": { "OBJECTID": 242, "HYRIV_ID": 60600945, "NEXT_DOWN": 60598938, "MAIN_RIV": 60443230, "LENGTH_KM": 4.2800002098083496, "DIST_DN_KM": 604.20001220703125, "DIST_UP_KM": 13.600000381469727, "CATCH_SKM": 13.079999923706055, "UPLAND_SKM": 66.5, "ENDORHEIC": 0, "DIS_AV_CMS": 1.590999960899353, "ORD_STRA": 2, "ORD_CLAS": 6, "ORD_FLOW": 6, "HYBAS_L12": 6120275530.0, "Shape_Length": 4326.818330156977 }, "geometry": { "type": "MultiLineString", "coordinates": [ [ [ 752635.498464137199335, 9665609.407492658123374 ], [ 752639.346803067484871, 9667453.078224061056972 ], [ 753568.026521642226726, 9668372.986090434715152 ], [ 754031.41021529212594, 9668372.01982613094151 ], [ 754495.758416928118095, 9668831.974679220467806 ] ] ] } },
{ "type": "Feature", "properties": { "OBJECTID": 243, "HYRIV_ID": 60600946, "NEXT_DOWN": 60600945, "MAIN_RIV": 60443230, "LENGTH_KM": 0.68999999761581421, "DIST_DN_KM": 608.29998779296875, "DIST_UP_KM": 3.0999999046325684, "CATCH_SKM": 5.3600001335144043, "UPLAND_SKM": 5.4000000953674316, "ENDORHEIC": 0, "DIS_AV_CMS": 0.12800000607967377, "ORD_STRA": 1, "ORD_CLAS": 7, "ORD_FLOW": 7, "HYBAS_L12": 6120275530.0, "Shape_Length": 704.67118291995109 }, "geometry": { "type": "MultiLineString", "coordinates": [ [ [ 753330.554568384541199, 9665607.950594633817673 ], [ 752635.498464137199335, 9665609.407492658123374 ] ] ] } },
{ "type": "Feature", "properties": { "OBJECTID": 244, "HYRIV_ID": 60600947, "NEXT_DOWN": 60600368, "MAIN_RIV": 60443230, "LENGTH_KM": 1.6200000047683716, "DIST_DN_KM": 584.4000244140625, "DIST_UP_KM": 5.4000000953674316, "CATCH_SKM": 7.070000171661377, "UPLAND_SKM": 7.0999999046325684, "ENDORHEIC": 0, "DIS_AV_CMS": 0.16300000250339508, "ORD_STRA": 1, "ORD_CLAS": 6, "ORD_FLOW": 7, "HYBAS_L12": 6120275370.0, "Shape_Length": 1637.1066655819582 }, "geometry": { "type": "MultiLineString", "coordinates": [ [ [ 773951.440891830949113, 9665332.415025752037764 ], [ 773954.05405962781515, 9666484.868998186662793 ], [ 773490.617249829228967, 9666485.917164934799075 ] ] ] } },
{ "type": "Feature", "properties": { "OBJECTID": 245, "HYRIV_ID": 60601265, "NEXT_DOWN": 60602659, "MAIN_RIV": 60443230, "LENGTH_KM": 3.4100000858306885, "DIST_DN_KM": 655.79998779296875, "DIST_UP_KM": 6.1999998092651367, "CATCH_SKM": 9.6499996185302734, "UPLAND_SKM": 9.6000003814697266, "ENDORHEIC": 0, "DIS_AV_CMS": 0.23899999260902405, "ORD_STRA": 1, "ORD_CLAS": 7, "ORD_FLOW": 7, "HYBAS_L12": 6120278130.0, "Shape_Length": 3454.4413913796179 }, "geometry": { "type": "MultiLineString", "coordinates": [ [ [ 723677.830423983745277, 9665896.96463861875236 ], [ 722981.616761438781396, 9665206.993230208754539 ], [ 722519.18015889567323, 9665668.685701280832291 ], [ 722055.892831355216913, 9665669.538916843011975 ], [ 721131.007799159386195, 9666592.905509190633893 ] ] ] } },
{ "type": "Feature", "properties": { "OBJECTID": 246, "HYRIV_ID": 60601266, "NEXT_DOWN": 60600945, "MAIN_RIV": 60443230, "LENGTH_KM": 0.6600000262260437, "DIST_DN_KM": 608.5, "DIST_UP_KM": 9.3000001907348633, "CATCH_SKM": 0.63999998569488525, "UPLAND_SKM": 48.0, "ENDORHEIC": 0, "DIS_AV_CMS": 1.1499999761581421, "ORD_STRA": 2, "ORD_CLAS": 6, "ORD_FLOW": 6, "HYBAS_L12": 6120275530.0, "Shape_Length": 662.62465779638626 }, "geometry": { "type": "MultiLineString", "coordinates": [ [ [ 752171.165680471342057, 9665149.460048913955688 ], [ 752635.498464137199335, 9665609.407492658123374 ] ] ] } },
{ "type": "Feature", "properties": { "OBJECTID": 247, "HYRIV_ID": 60601541, "NEXT_DOWN": 60600110, "MAIN_RIV": 60443230, "LENGTH_KM": 2.9300000667572021, "DIST_DN_KM": 624.0999755859375, "DIST_UP_KM": 6.1999998092651367, "CATCH_SKM": 6.0, "UPLAND_SKM": 6.0, "ENDORHEIC": 0, "DIS_AV_CMS": 0.14499999582767487, "ORD_STRA": 1, "ORD_CLAS": 8, "ORD_FLOW": 7, "HYBAS_L12": 6121069850.0, "Shape_Length": 2961.6823346347414 }, "geometry": { "type": "MultiLineString", "coordinates": [ [ [ 741976.029111477546394, 9664479.023944959044456 ], [ 741977.418486351380125, 9665170.35576394572854 ], [ 741515.004091409733519, 9665632.171542849391699 ], [ 741515.925714360550046, 9666093.057991299778223 ], [ 741053.504810757469386, 9666554.868188414722681 ], [ 741054.422061830409802, 9667015.753265062347054 ] ] ] } },
{ "type": "Feature", "properties": { "OBJECTID": 248, "HYRIV_ID": 60601542, "NEXT_DOWN": 60599848, "MAIN_RIV": 60443230, "LENGTH_KM": 4.070000171661377, "DIST_DN_KM": 623.20001220703125, "DIST_UP_KM": 7.8000001907348633, "CATCH_SKM": 12.859999656677246, "UPLAND_SKM": 12.899999618530273, "ENDORHEIC": 0, "DIS_AV_CMS": 0.31099998950958252, "ORD_STRA": 1, "ORD_CLAS": 8, "ORD_FLOW": 7, "HYBAS_L12": 6121069850.0, "Shape_Length": 4112.7713610284591 }, "geometry": { "type": "MultiLineString", "coordinates": [ [ [ 744524.392102740705013, 9664473.870424846187234 ], [ 742905.951770758256316, 9666090.272503979504108 ], [ 742906.877359811565839, 9666551.162754533812404 ], [ 741982.02881288761273, 9667474.794336879625916 ] ] ] } },
{ "type": "Feature", "properties": { "OBJECTID": 249, "HYRIV_ID": 60601543, "NEXT_DOWN": 60601544, "MAIN_RIV": 60443230, "LENGTH_KM": 0.68999999761581421, "DIST_DN_KM": 592.79998779296875, "DIST_UP_KM": 4.0, "CATCH_SKM": 4.5, "UPLAND_SKM": 4.5, "ENDORHEIC": 0, "DIS_AV_CMS": 0.10599999874830246, "ORD_STRA": 1, "ORD_CLAS": 5, "ORD_FLOW": 7, "HYBAS_L12": 6120275780.0, "Shape_Length": 700.72209075829358 }, "geometry": { "type": "MultiLineString", "coordinates": [ [ [ 764683.066457771928981, 9665353.110956564545631 ], [ 764681.54755182703957, 9664661.681098345667124 ] ] ] } },
{ "type": "Feature", "properties": { "OBJECTID": 250, "HYRIV_ID": 60601544, "NEXT_DOWN": 60599851, "MAIN_RIV": 60443230, "LENGTH_KM": 3.8199999332427979, "DIST_DN_KM": 588.9000244140625, "DIST_UP_KM": 146.5, "CATCH_SKM": 19.290000915527344, "UPLAND_SKM": 3479.800048828125, "ENDORHEIC": 0, "DIS_AV_CMS": 85.082000732421875, "ORD_STRA": 5, "ORD_CLAS": 4, "ORD_FLOW": 5, "HYBAS_L12": 6120275780.0, "Shape_Length": 3858.2153612505663 }, "geometry": { "type": "MultiLineString", "coordinates": [ [ [ 764681.54755182703957, 9664661.681098345667124 ], [ 765610.385771555011161, 9665581.551533468067646 ], [ 765613.422737000044435, 9666964.41940726339817 ], [ 766077.848280545440502, 9667424.3602783549577 ], [ 766541.265616571065038, 9667423.343407224863768 ] ] ] } },
{ "type": "Feature", "properties": { "OBJECTID": 251, "HYRIV_ID": 60601843, "NEXT_DOWN": 60601844, "MAIN_RIV": 60443230, "LENGTH_KM": 0.68999999761581421, "DIST_DN_KM": 588.9000244140625, "DIST_UP_KM": 3.5999999046325684, "CATCH_SKM": 4.5, "UPLAND_SKM": 4.5, "ENDORHEIC": 0, "DIS_AV_CMS": 0.10499999672174454, "ORD_STRA": 1, "ORD_CLAS": 6, "ORD_FLOW": 7, "HYBAS_L12": 6120275370.0, "Shape_Length": 704.34379081215991 }, "geometry": { "type": "MultiLineString", "coordinates": [ [ [ 769546.311837249086238, 9664189.91447289660573 ], [ 770241.435911321546882, 9664188.3536097407341 ] ] ] } },
{ "type": "Feature", "properties": { "OBJECTID": 252, "HYRIV_ID": 60601844, "NEXT_DOWN": 60600368, "MAIN_RIV": 60443230, "LENGTH_KM": 4.4699997901916504, "DIST_DN_KM": 584.5999755859375, "DIST_UP_KM": 34.299999237060547, "CATCH_SKM": 13.289999961853027, "UPLAND_SKM": 357.29998779296875, "ENDORHEIC": 0, "DIS_AV_CMS": 8.1870002746582031, "ORD_STRA": 3, "ORD_CLAS": 5, "ORD_FLOW": 6, "HYBAS_L12": 6120275370.0, "Shape_Length": 4524.8427127683917 }, "geometry": { "type": "MultiLineString", "coordinates": [ [ [ 770241.435911321546882, 9664188.3536097407341 ], [ 770242.471556828124449, 9664649.323834840208292 ], [ 771635.849229867802933, 9666029.117610275745392 ], [ 773026.141263924189843, 9666025.98486552760005 ], [ 773490.617249829228967, 9666485.917164934799075 ] ] ] } },
{ "type": "Feature", "properties": { "OBJECTID": 253, "HYRIV_ID": 60601845, "NEXT_DOWN": 60598635, "MAIN_RIV": 60443230, "LENGTH_KM": 7.6100001335144043, "DIST_DN_KM": 578.4000244140625, "DIST_UP_KM": 10.199999809265137, "CATCH_SKM": 21.440000534057617, "UPLAND_SKM": 21.399999618530273, "ENDORHEIC": 0, "DIS_AV_CMS": 0.49000000953674316, "ORD_STRA": 1, "ORD_CLAS": 6, "ORD_FLOW": 7, "HYBAS_L12": 6120275370.0, "Shape_Length": 7694.1587084853772 }, "geometry": { "type": "MultiLineString", "coordinates": [ [ [ 776033.732748572365381, 9663944.695504393428564 ], [ 777659.482614007312804, 9665554.433356817811728 ], [ 777660.542441177996807, 9666015.426593588665128 ], [ 777198.152368679875508, 9666477.482155369594693 ], [ 779056.195161571260542, 9668317.212187012657523 ], [ 779057.251417050370947, 9668778.209631618112326 ], [ 778594.842892047949135, 9669240.266016401350498 ], [ 778131.380843241000548, 9669241.323069978505373 ] ] ] } },
{ "type": "Feature", "properties": { "OBJECTID": 254, "HYRIV_ID": 60602117, "NEXT_DOWN": 60602662, "MAIN_RIV": 60443230, "LENGTH_KM": 3.6600000858306885, "DIST_DN_KM": 637.70001220703125, "DIST_UP_KM": 6.3000001907348633, "CATCH_SKM": 11.789999961853027, "UPLAND_SKM": 11.800000190734863, "ENDORHEIC": 0, "DIS_AV_CMS": 0.29100000858306885, "ORD_STRA": 1, "ORD_CLAS": 8, "ORD_FLOW": 7, "HYBAS_L12": 6120278130.0, "Shape_Length": 3718.4699258218043 }, "geometry": { "type": "MultiLineString", "coordinates": [ [ [ 728307.751522104721516, 9664275.316921586170793 ], [ 730392.602680306765251, 9664271.339080065488815 ], [ 730855.020584568846971, 9663809.592203166335821 ], [ 731781.627861597226001, 9663807.806620594114065 ] ] ] } },
{ "type": "Feature", "properties": { "OBJECTID": 255, "HYRIV_ID": 60602118, "NEXT_DOWN": 60602662, "MAIN_RIV": 60443230, "LENGTH_KM": 3.4900000095367432, "DIST_DN_KM": 637.70001220703125, "DIST_UP_KM": 5.9000000953674316, "CATCH_SKM": 10.069999694824219, "UPLAND_SKM": 10.100000381469727, "ENDORHEIC": 0, "DIS_AV_CMS": 0.24799999594688416, "ORD_STRA": 1, "ORD_CLAS": 9, "ORD_FLOW": 7, "HYBAS_L12": 6120278130.0, "Shape_Length": 3527.7862835607202 }, "geometry": { "type": "MultiLineString", "coordinates": [ [ [ 730629.099080166779459, 9666805.609762681648135 ], [ 731785.177624476607889, 9665651.248090207576752 ], [ 731781.627861597226001, 9663807.806620594114065 ] ] ] } },
{ "type": "Feature", "properties": { "OBJECTID": 256, "HYRIV_ID": 60602387, "NEXT_DOWN": 60600944, "MAIN_RIV": 60443230, "LENGTH_KM": 3.0799999237060547, "DIST_DN_KM": 628.0999755859375, "DIST_UP_KM": 40.0, "CATCH_SKM": 16.079999923706055, "UPLAND_SKM": 502.39999389648438, "ENDORHEIC": 0, "DIS_AV_CMS": 12.312999725341797, "ORD_STRA": 4, "ORD_CLAS": 6, "ORD_FLOW": 5, "HYBAS_L12": 6121069850.0, "Shape_Length": 3119.1829383717873 }, "geometry": { "type": "MultiLineString", "coordinates": [ [ [ 736877.146382668288425, 9663336.983721533790231 ], [ 735489.912209981004708, 9664722.333127867430449 ], [ 735490.813321156078018, 9665183.203284382820129 ], [ 735955.035628446261398, 9665643.168585304170847 ] ] ] } },
{ "type": "Feature", "properties": { "OBJECTID": 257, "HYRIV_ID": 60602388, "NEXT_DOWN": 60600110, "MAIN_RIV": 60443230, "LENGTH_KM": 4.4699997901916504, "DIST_DN_KM": 624.29998779296875, "DIST_UP_KM": 11.800000190734863, "CATCH_SKM": 8.7899999618530273, "UPLAND_SKM": 46.700000762939453, "ENDORHEIC": 0, "DIS_AV_CMS": 1.128000020980835, "ORD_STRA": 2, "ORD_CLAS": 7, "ORD_FLOW": 6, "HYBAS_L12": 6121069850.0, "Shape_Length": 4521.155673940606 }, "geometry": { "type": "MultiLineString", "coordinates": [ [ [ 741047.048436159850098, 9663328.671285532414913 ], [ 741047.974540634313598, 9663789.556582061573863 ], [ 740123.158532506087795, 9664713.179401995614171 ], [ 740124.077344335382804, 9665174.062150971964002 ], [ 740588.330026803188957, 9665634.022150009870529 ], [ 740590.164839667268097, 9666555.79007026553154 ], [ 741054.422061830409802, 9667015.753265062347054 ] ] ] } },
{ "type": "Feature", "properties": { "OBJECTID": 258, "HYRIV_ID": 60602659, "NEXT_DOWN": 60602660, "MAIN_RIV": 60443230, "LENGTH_KM": 6.9000000953674316, "DIST_DN_KM": 648.79998779296875, "DIST_UP_KM": 13.300000190734863, "CATCH_SKM": 18.219999313354492, "UPLAND_SKM": 40.900001525878906, "ENDORHEIC": 0, "DIS_AV_CMS": 1.0190000534057617, "ORD_STRA": 2, "ORD_CLAS": 7, "ORD_FLOW": 6, "HYBAS_L12": 6120278130.0, "Shape_Length": 6990.9937029234579 }, "geometry": { "type": "MultiLineString", "coordinates": [ [ [ 721131.007799159386195, 9666592.905509190633893 ], [ 720666.87978532188572, 9666132.919382670894265 ], [ 719740.312126722419634, 9666134.607383215799928 ], [ 719276.19345937424805, 9665674.620562542229891 ], [ 719738.634218220016919, 9665212.948673732578754 ], [ 719274.51686079450883, 9664752.964089434593916 ], [ 719273.676823101937771, 9664292.135790759697556 ], [ 720660.962175285094418, 9662907.097088977694511 ], [ 721587.509588414919563, 9662905.385671727359295 ] ] ] } },
{ "type": "Feature", "properties": { "OBJECTID": 259, "HYRIV_ID": 60602660, "NEXT_DOWN": 60603547, "MAIN_RIV": 60443230, "LENGTH_KM": 3.7000000476837158, "DIST_DN_KM": 645.0999755859375, "DIST_UP_KM": 17.0, "CATCH_SKM": 11.359999656677246, "UPLAND_SKM": 61.099998474121094, "ENDORHEIC": 0, "DIS_AV_CMS": 1.5180000066757202, "ORD_STRA": 2, "ORD_CLAS": 7, "ORD_FLOW": 6, "HYBAS_L12": 6120278130.0, "Shape_Length": 3761.1982110817153 }, "geometry": { "type": "MultiLineString", "coordinates": [ [ [ 721587.509588414919563, 9662905.385671727359295 ], [ 725293.746546208509244, 9662898.468057103455067 ] ] ] } },
{ "type": "Feature", "properties": { "OBJECTID": 260, "HYRIV_ID": 60602661, "NEXT_DOWN": 60603547, "MAIN_RIV": 60443230, "LENGTH_KM": 0.68999999761581421, "DIST_DN_KM": 645.0999755859375, "DIST_UP_KM": 3.2000000476837158, "CATCH_SKM": 5.7899999618530273, "UPLAND_SKM": 5.8000001907348633, "ENDORHEIC": 0, "DIS_AV_CMS": 0.14300000667572021, "ORD_STRA": 1, "ORD_CLAS": 8, "ORD_FLOW": 7, "HYBAS_L12": 6120278130.0, "Shape_Length": 705.18161243964119 }, "geometry": { "type": "MultiLineString", "coordinates": [ [ [ 725988.674436194472946, 9662897.158184887841344 ], [ 725293.746546208509244, 9662898.468057103455067 ] ] ] } },
{ "type": "Feature", "properties": { "OBJECTID": 261, "HYRIV_ID": 60602662, "NEXT_DOWN": 60603265, "MAIN_RIV": 60443230, "LENGTH_KM": 1.1200000047683716, "DIST_DN_KM": 636.5999755859375, "DIST_UP_KM": 7.4000000953674316, "CATCH_SKM": 0.86000001430511475, "UPLAND_SKM": 22.700000762939453, "ENDORHEIC": 0, "DIS_AV_CMS": 0.56000000238418579, "ORD_STRA": 2, "ORD_CLAS": 8, "ORD_FLOW": 7, "HYBAS_L12": 6120278130.0, "Shape_Length": 1130.5470340704114 }, "geometry": { "type": "MultiLineString", "coordinates": [ [ [ 731781.627861597226001, 9663807.806620594114065 ], [ 732244.041169360280037, 9663346.049451196566224 ], [ 732243.147623478667811, 9662885.187768958508968 ] ] ] } },
{ "type": "Feature", "properties": { "OBJECTID": 262, "HYRIV_ID": 60602663, "NEXT_DOWN": 60602664, "MAIN_RIV": 60443230, "LENGTH_KM": 0.68999999761581421, "DIST_DN_KM": 597.70001220703125, "DIST_UP_KM": 4.0, "CATCH_SKM": 5.7899999618530273, "UPLAND_SKM": 5.8000001907348633, "ENDORHEIC": 0, "DIS_AV_CMS": 0.13699999451637268, "ORD_STRA": 1, "ORD_CLAS": 5, "ORD_FLOW": 7, "HYBAS_L12": 6120275780.0, "Shape_Length": 700.80012921197567 }, "geometry": { "type": "MultiLineString", "coordinates": [ [ [ 760508.488974552950822, 9663518.427908727899194 ], [ 760506.985759018920362, 9662827.016621235758066 ] ] ] } },
{ "type": "Feature", "properties": { "OBJECTID": 263, "HYRIV_ID": 60602664, "NEXT_DOWN": 60601544, "MAIN_RIV": 60443230, "LENGTH_KM": 4.929999828338623, "DIST_DN_KM": 593.0, "DIST_UP_KM": 142.5, "CATCH_SKM": 16.290000915527344, "UPLAND_SKM": 3456.0, "ENDORHEIC": 0, "DIS_AV_CMS": 84.599998474121094, "ORD_STRA": 5, "ORD_CLAS": 4, "ORD_FLOW": 5, "HYBAS_L12": 6120275780.0, "Shape_Length": 4997.9925695439233 }, "geometry": { "type": "MultiLineString", "coordinates": [ [ [ 760506.985759018920362, 9662827.016621235758066 ], [ 760971.3729465554934, 9663286.949522079899907 ], [ 763288.317107902606949, 9663281.882772823795676 ], [ 764681.54755182703957, 9664661.681098345667124 ] ] ] } },
{ "type": "Feature", "properties": { "OBJECTID": 264, "HYRIV_ID": 60602665, "NEXT_DOWN": 60601844, "MAIN_RIV": 60443230, "LENGTH_KM": 1.3899999856948853, "DIST_DN_KM": 588.9000244140625, "DIST_UP_KM": 30.100000381469727, "CATCH_SKM": 1.5, "UPLAND_SKM": 339.5, "ENDORHEIC": 0, "DIS_AV_CMS": 7.7820000648498535, "ORD_STRA": 3, "ORD_CLAS": 5, "ORD_FLOW": 6, "HYBAS_L12": 6120275370.0, "Shape_Length": 1401.2364770596889 }, "geometry": { "type": "MultiLineString", "coordinates": [ [ [ 770238.320240772329271, 9662805.442859500646591 ], [ 770241.435911321546882, 9664188.3536097407341 ] ] ] } },
{ "type": "Feature", "properties": { "OBJECTID": 265, "HYRIV_ID": 60602666, "NEXT_DOWN": 60602665, "MAIN_RIV": 60443230, "LENGTH_KM": 2.0999999046325684, "DIST_DN_KM": 590.29998779296875, "DIST_UP_KM": 4.6999998092651367, "CATCH_SKM": 7.929999828338623, "UPLAND_SKM": 7.9000000953674316, "ENDORHEIC": 0, "DIS_AV_CMS": 0.18299999833106995, "ORD_STRA": 1, "ORD_CLAS": 6, "ORD_FLOW": 7, "HYBAS_L12": 6120275370.0, "Shape_Length": 2125.2598621131192 }, "geometry": { "type": "MultiLineString", "coordinates": [ [ [ 771862.883002469781786, 9663954.20829894579947 ], [ 770701.73264587065205, 9662804.395699853077531 ], [ 770238.320240772329271, 9662805.442859500646591 ] ] ] } },
{ "type": "Feature", "properties": { "OBJECTID": 266, "HYRIV_ID": 60602952, "NEXT_DOWN": 60601266, "MAIN_RIV": 60443230, "LENGTH_KM": 3.6800000667572021, "DIST_DN_KM": 609.0, "DIST_UP_KM": 6.4000000953674316, "CATCH_SKM": 13.5, "UPLAND_SKM": 13.5, "ENDORHEIC": 0, "DIS_AV_CMS": 0.32199999690055847, "ORD_STRA": 1, "ORD_CLAS": 7, "ORD_FLOW": 7, "HYBAS_L12": 6120275530.0, "Shape_Length": 3721.0413445612694 }, "geometry": { "type": "MultiLineString", "coordinates": [ [ [ 752396.547303056227975, 9662153.013172080740333 ], [ 753093.045713287545368, 9662842.921622563153505 ], [ 753094.992124172742479, 9663764.760015016421676 ], [ 752170.200684084673412, 9664688.543581195175648 ], [ 752171.165680471342057, 9665149.460048913955688 ] ] ] } },
{ "type": "Feature", "properties": { "OBJECTID": 267, "HYRIV_ID": 60602953, "NEXT_DOWN": 60602664, "MAIN_RIV": 60443230, "LENGTH_KM": 0.6600000262260437, "DIST_DN_KM": 597.9000244140625, "DIST_UP_KM": 137.5, "CATCH_SKM": 0.63999998569488525, "UPLAND_SKM": 3433.89990234375, "ENDORHEIC": 0, "DIS_AV_CMS": 84.179000854492188, "ORD_STRA": 5, "ORD_CLAS": 4, "ORD_FLOW": 5, "HYBAS_L12": 6120275780.0, "Shape_Length": 662.47617155806381 }, "geometry": { "type": "MultiLineString", "coordinates": [ [ [ 760042.602276497986168, 9662367.084566354751587 ], [ 760506.985759018920362, 9662827.016621235758066 ] ] ] } },
{ "type": "Feature", "properties": { "OBJECTID": 268, "HYRIV_ID": 60603265, "NEXT_DOWN": 60603266, "MAIN_RIV": 60443230, "LENGTH_KM": 2.2300000190734863, "DIST_DN_KM": 634.5, "DIST_UP_KM": 27.600000381469727, "CATCH_SKM": 2.7899999618530273, "UPLAND_SKM": 116.19999694824219, "ENDORHEIC": 0, "DIS_AV_CMS": 2.869999885559082, "ORD_STRA": 3, "ORD_CLAS": 7, "ORD_FLOW": 6, "HYBAS_L12": 6120278130.0, "Shape_Length": 2265.9693005438539 }, "geometry": { "type": "MultiLineString", "coordinates": [ [ [ 732243.147623478667811, 9662885.187768958508968 ], [ 732706.450799687881954, 9662884.288067841902375 ], [ 733168.856948571978137, 9662422.522370183840394 ], [ 733632.160773863783106, 9662421.617766391485929 ], [ 734094.562784420442767, 9661959.844817662611604 ] ] ] } },
{ "type": "Feature", "properties": { "OBJECTID": 269, "HYRIV_ID": 60603266, "NEXT_DOWN": 60602387, "MAIN_RIV": 60443230, "LENGTH_KM": 3.3499999046325684, "DIST_DN_KM": 631.20001220703125, "DIST_UP_KM": 36.900001525878906, "CATCH_SKM": 5.570000171661377, "UPLAND_SKM": 458.0, "ENDORHEIC": 0, "DIS_AV_CMS": 11.241999626159668, "ORD_STRA": 4, "ORD_CLAS": 6, "ORD_FLOW": 5, "HYBAS_L12": 6121069850.0, "Shape_Length": 3398.749743305505 }, "geometry": { "type": "MultiLineString", "coordinates": [ [ [ 734094.562784420442767, 9661959.844817662611604 ], [ 735022.985205941018648, 9662879.762459428980947 ], [ 736412.920705647324212, 9662877.025545563548803 ], [ 736877.146382668288425, 9663336.983721533790231 ] ] ] } },
{ "type": "Feature", "properties": { "OBJECTID": 270, "HYRIV_ID": 60603267, "NEXT_DOWN": 60602665, "MAIN_RIV": 60443230, "LENGTH_KM": 1.1200000047683716, "DIST_DN_KM": 590.5, "DIST_UP_KM": 28.5, "CATCH_SKM": 4.2899999618530273, "UPLAND_SKM": 330.10000610351562, "ENDORHEIC": 0, "DIS_AV_CMS": 7.5679998397827148, "ORD_STRA": 3, "ORD_CLAS": 5, "ORD_FLOW": 6, "HYBAS_L12": 6120275370.0, "Shape_Length": 1129.388762869954 }, "geometry": { "type": "MultiLineString", "coordinates": [ [ [ 769772.828542374772951, 9661884.550242682918906 ], [ 769773.869605700368993, 9662345.519190756604075 ], [ 770238.320240772329271, 9662805.442859500646591 ] ] ] } },
{ "type": "Feature", "properties": { "OBJECTID": 271, "HYRIV_ID": 60603546, "NEXT_DOWN": 60602660, "MAIN_RIV": 60443230, "LENGTH_KM": 2.0799999237060547, "DIST_DN_KM": 648.79998779296875, "DIST_UP_KM": 5.4000000953674316, "CATCH_SKM": 8.7899999618530273, "UPLAND_SKM": 8.8000001907348633, "ENDORHEIC": 0, "DIS_AV_CMS": 0.21799999475479126, "ORD_STRA": 1, "ORD_CLAS": 8, "ORD_FLOW": 7, "HYBAS_L12": 6120278130.0, "Shape_Length": 2108.3500410359834 }, "geometry": { "type": "MultiLineString", "coordinates": [ [ [ 720890.042413702467456, 9661524.17241134122014 ], [ 721584.945342012681067, 9661522.882912384346128 ], [ 721587.509588414919563, 9662905.385671727359295 ] ] ] } },
{ "type": "Feature", "properties": { "OBJECTID": 272, "HYRIV_ID": 60603547, "NEXT_DOWN": 60603265, "MAIN_RIV": 60443230, "LENGTH_KM": 8.4799995422363281, "DIST_DN_KM": 636.5999755859375, "DIST_UP_KM": 25.5, "CATCH_SKM": 23.790000915527344, "UPLAND_SKM": 90.699996948242188, "ENDORHEIC": 0, "DIS_AV_CMS": 2.2430000305175781, "ORD_STRA": 2, "ORD_CLAS": 7, "ORD_FLOW": 6, "HYBAS_L12": 6120278130.0, "Shape_Length": 8594.9209815940631 }, "geometry": { "type": "MultiLineString", "coordinates": [ [ [ 725293.746546208509244, 9662898.468057103455067 ], [ 725756.161798311746679, 9662436.750462636351585 ], [ 726219.446168540045619, 9662435.874708890914917 ], [ 727144.264836148242466, 9661512.420790817588568 ], [ 727608.428454434499145, 9661972.386981844902039 ], [ 728535.004459498682991, 9661970.61684612184763 ], [ 728999.17761593090836, 9662430.582326080650091 ], [ 729462.470458798692562, 9662429.693917565047741 ], [ 729926.650278898421675, 9662889.659473657608032 ], [ 730389.059775198111311, 9662427.911802286282182 ], [ 730852.356248436961323, 9662427.018095295876265 ], [ 731316.544997188262641, 9662886.981771027669311 ], [ 732243.147623478667811, 9662885.187768958508968 ] ] ] } },
{ "type": "Feature", "properties": { "OBJECTID": 273, "HYRIV_ID": 60603548, "NEXT_DOWN": 60601266, "MAIN_RIV": 60443230, "LENGTH_KM": 6.5500001907348633, "DIST_DN_KM": 609.0, "DIST_UP_KM": 8.8000001907348633, "CATCH_SKM": 33.869998931884766, "UPLAND_SKM": 33.900001525878906, "ENDORHEIC": 0, "DIS_AV_CMS": 0.81300002336502075, "ORD_STRA": 1, "ORD_CLAS": 6, "ORD_FLOW": 7, "HYBAS_L12": 6120275530.0, "Shape_Length": 6632.9718636326161 }, "geometry": { "type": "MultiLineString", "coordinates": [ [ [ 748456.151908681029454, 9661239.457133423537016 ], [ 748460.464180732727982, 9663313.53459064848721 ], [ 749389.079818347701803, 9664233.427365997806191 ], [ 749852.435616716742516, 9664232.465188287198544 ], [ 750316.751865033758804, 9664692.412351412698627 ], [ 751243.473619217635132, 9664690.481463896110654 ], [ 751707.799722585012205, 9665150.428562760353088 ], [ 752171.165680471342057, 9665149.460048913955688 ] ] ] } },
{ "type": "Feature", "properties": { "OBJECTID": 274, "HYRIV_ID": 60603549, "NEXT_DOWN": 60602953, "MAIN_RIV": 60443230, "LENGTH_KM": 2.2300000190734863, "DIST_DN_KM": 598.29998779296875, "DIST_UP_KM": 137.10000610351562, "CATCH_SKM": 8.1400003433227539, "UPLAND_SKM": 3415.5, "ENDORHEIC": 0, "DIS_AV_CMS": 83.758003234863281, "ORD_STRA": 5, "ORD_CLAS": 4, "ORD_FLOW": 5, "HYBAS_L12": 6120275780.0, "Shape_Length": 2264.3748309730872 }, "geometry": { "type": "MultiLineString", "coordinates": [ [ [ 758187.103306983830407, 9661449.233869332820177 ], [ 759115.846955681801774, 9662369.096994809806347 ], [ 760042.602276497986168, 9662367.084566354751587 ] ] ] } },
{ "type": "Feature", "properties": { "OBJECTID": 275, "HYRIV_ID": 60603550, "NEXT_DOWN": 60603551, "MAIN_RIV": 60443230, "LENGTH_KM": 0.98000001907348633, "DIST_DN_KM": 592.70001220703125, "DIST_UP_KM": 3.0999999046325684, "CATCH_SKM": 4.929999828338623, "UPLAND_SKM": 4.9000000953674316, "ENDORHEIC": 0, "DIS_AV_CMS": 0.11500000208616257, "ORD_STRA": 1, "ORD_CLAS": 7, "ORD_FLOW": 7, "HYBAS_L12": 6120278240.0, "Shape_Length": 993.49248612207759 }, "geometry": { "type": "MultiLineString", "coordinates": [ [ [ 768151.431303950957954, 9662118.686600646004081 ], [ 768844.979075600742362, 9661425.675068199634552 ] ] ] } },
{ "type": "Feature", "properties": { "OBJECTID": 276, "HYRIV_ID": 60603551, "NEXT_DOWN": 60603267, "MAIN_RIV": 60443230, "LENGTH_KM": 1.1200000047683716, "DIST_DN_KM": 591.4000244140625, "DIST_UP_KM": 26.0, "CATCH_SKM": 0.86000001430511475, "UPLAND_SKM": 195.89999389648438, "ENDORHEIC": 0, "DIS_AV_CMS": 4.5229997634887695, "ORD_STRA": 3, "ORD_CLAS": 6, "ORD_FLOW": 6, "HYBAS_L12": 6120278240.0, "Shape_Length": 1131.8753850264061 }, "geometry": { "type": "MultiLineString", "coordinates": [ [ [ 768844.979075600742362, 9661425.675068199634552 ], [ 769309.422485784743913, 9661885.596660144627094 ], [ 769772.828542374772951, 9661884.550242682918906 ] ] ] } },
{ "type": "Feature", "properties": { "OBJECTID": 277, "HYRIV_ID": 60603805, "NEXT_DOWN": 60603551, "MAIN_RIV": 60443230, "LENGTH_KM": 0.6600000262260437, "DIST_DN_KM": 592.70001220703125, "DIST_UP_KM": 24.700000762939453, "CATCH_SKM": 1.0700000524520874, "UPLAND_SKM": 190.10000610351562, "ENDORHEIC": 0, "DIS_AV_CMS": 4.3899998664855957, "ORD_STRA": 3, "ORD_CLAS": 6, "ORD_FLOW": 6, "HYBAS_L12": 6120278240.0, "Shape_Length": 662.32458292076365 }, "geometry": { "type": "MultiLineString", "coordinates": [ [ [ 768380.539277002448216, 9660965.754514837637544 ], [ 768844.979075600742362, 9661425.675068199634552 ] ] ] } },
{ "type": "Feature", "properties": { "OBJECTID": 278, "HYRIV_ID": 60604077, "NEXT_DOWN": 60603805, "MAIN_RIV": 60443230, "LENGTH_KM": 1.1200000047683716, "DIST_DN_KM": 593.20001220703125, "DIST_UP_KM": 24.200000762939453, "CATCH_SKM": 2.1400001049041748, "UPLAND_SKM": 170.39999389648438, "ENDORHEIC": 0, "DIS_AV_CMS": 3.937000036239624, "ORD_STRA": 3, "ORD_CLAS": 6, "ORD_FLOW": 6, "HYBAS_L12": 6120278240.0, "Shape_Length": 1131.9108500217844 }, "geometry": { "type": "MultiLineString", "coordinates": [ [ [ 767452.708045294624753, 9660506.878281597048044 ], [ 767917.141059946967289, 9660966.798215415328741 ], [ 768380.539277002448216, 9660965.754514837637544 ] ] ] } },
{ "type": "Feature", "properties": { "OBJECTID": 279, "HYRIV_ID": 60604353, "NEXT_DOWN": 60603266, "MAIN_RIV": 60443230, "LENGTH_KM": 2.2400000095367432, "DIST_DN_KM": 634.29998779296875, "DIST_UP_KM": 33.700000762939453, "CATCH_SKM": 6.0, "UPLAND_SKM": 336.29998779296875, "ENDORHEIC": 0, "DIS_AV_CMS": 8.2440004348754883, "ORD_STRA": 3, "ORD_CLAS": 6, "ORD_FLOW": 6, "HYBAS_L12": 6120278320.0, "Shape_Length": 2260.9768345796392 }, "geometry": { "type": "MultiLineString", "coordinates": [ [ [ 733164.347172640147619, 9660118.201033418998122 ], [ 733628.54823028575629, 9660578.155809119343758 ], [ 733629.453246163204312, 9661039.021430548280478 ], [ 734093.658407645882107, 9661498.978038106113672 ], [ 734094.562784420442767, 9661959.844817662611604 ] ] ] } },
{ "type": "Feature", "properties": { "OBJECTID": 280, "HYRIV_ID": 60604354, "NEXT_DOWN": 60602388, "MAIN_RIV": 60443230, "LENGTH_KM": 4.6999998092651367, "DIST_DN_KM": 628.79998779296875, "DIST_UP_KM": 7.4000000953674316, "CATCH_SKM": 22.930000305175781, "UPLAND_SKM": 22.899999618530273, "ENDORHEIC": 0, "DIS_AV_CMS": 0.55199998617172241, "ORD_STRA": 1, "ORD_CLAS": 7, "ORD_FLOW": 7, "HYBAS_L12": 6121069850.0, "Shape_Length": 4758.3238309837188 }, "geometry": { "type": "MultiLineString", "coordinates": [ [ [ 743588.785106817958876, 9660097.272206852212548 ], [ 742893.802591621410102, 9660098.696015739813447 ], [ 742894.744825536152348, 9660559.586703317239881 ], [ 742432.362066072644666, 9661021.421757902950048 ], [ 742433.299930969951674, 9661482.311072273179889 ], [ 741508.517516839085147, 9662405.965323258191347 ], [ 741509.447991812368855, 9662866.851992951706052 ], [ 741047.048436159850098, 9663328.671285532414913 ] ] ] } },
{ "type": "Feature", "properties": { "OBJECTID": 281, "HYRIV_ID": 60604355, "NEXT_DOWN": 60604077, "MAIN_RIV": 60443230, "LENGTH_KM": 4.1399998664855957, "DIST_DN_KM": 594.5, "DIST_UP_KM": 5.9000000953674316, "CATCH_SKM": 11.789999961853027, "UPLAND_SKM": 11.800000190734863, "ENDORHEIC": 0, "DIS_AV_CMS": 0.27399998903274536, "ORD_STRA": 1, "ORD_CLAS": 7, "ORD_FLOW": 7, "HYBAS_L12": 6120278240.0, "Shape_Length": 4196.7018062449642 }, "geometry": { "type": "MultiLineString", "coordinates": [ [ [ 763975.754395991330966, 9659823.218617336824536 ], [ 764672.368275105254725, 9660513.100445680320263 ], [ 766525.922539860126562, 9660508.959607668220997 ], [ 766988.278738418594003, 9660046.959287105128169 ], [ 767452.708045294624753, 9660506.878281597048044 ] ] ] } },
{ "type": "Feature", "properties": { "OBJECTID": 282, "HYRIV_ID": 60604630, "NEXT_DOWN": 60602388, "MAIN_RIV": 60443230, "LENGTH_KM": 4.6999998092651367, "DIST_DN_KM": 628.79998779296875, "DIST_UP_KM": 6.8000001907348633, "CATCH_SKM": 15.0, "UPLAND_SKM": 15.0, "ENDORHEIC": 0, "DIS_AV_CMS": 0.36300000548362732, "ORD_STRA": 1, "ORD_CLAS": 8, "ORD_FLOW": 7, "HYBAS_L12": 6121069850.0, "Shape_Length": 4754.9100292652183 }, "geometry": { "type": "MultiLineString", "coordinates": [ [ [ 740112.501790523529053, 9659413.025779619812965 ], [ 740114.832643412984908, 9660565.233396336436272 ], [ 739652.446795037947595, 9661027.049937447533011 ], [ 739654.299740432063118, 9661948.813355483114719 ], [ 741047.048436159850098, 9663328.671285532414913 ] ] ] } },
{ "type": "Feature", "properties": { "OBJECTID": 283, "HYRIV_ID": 60604631, "NEXT_DOWN": 60603267, "MAIN_RIV": 60443230, "LENGTH_KM": 6.0500001907348633, "DIST_DN_KM": 591.5999755859375, "DIST_UP_KM": 27.399999618530273, "CATCH_SKM": 14.149999618530273, "UPLAND_SKM": 129.89999389648438, "ENDORHEIC": 0, "DIS_AV_CMS": 2.9470000267028809, "ORD_STRA": 2, "ORD_CLAS": 5, "ORD_FLOW": 6, "HYBAS_L12": 6120278330.0, "Shape_Length": 6128.3990488547443 }, "geometry": { "type": "MultiLineString", "coordinates": [ [ [ 774865.064122218638659, 9659567.997313562780619 ], [ 773940.367135158274323, 9660492.106318682432175 ], [ 773476.953570857644081, 9660493.17320978268981 ], [ 773014.599333867314272, 9660955.217351889237761 ], [ 770697.551381404744461, 9660960.508558208122849 ], [ 769772.828542374772951, 9661884.550242682918906 ] ] ] } },
{ "type": "Feature", "properties": { "OBJECTID": 284, "HYRIV_ID": 60604632, "NEXT_DOWN": 60604631, "MAIN_RIV": 60443230, "LENGTH_KM": 1.809999942779541, "DIST_DN_KM": 597.70001220703125, "DIST_UP_KM": 4.0999999046325684, "CATCH_SKM": 10.069999694824219, "UPLAND_SKM": 10.100000381469727, "ENDORHEIC": 0, "DIS_AV_CMS": 0.22900000214576721, "ORD_STRA": 1, "ORD_CLAS": 6, "ORD_FLOW": 7, "HYBAS_L12": 6120278330.0, "Shape_Length": 1835.8837388768939 }, "geometry": { "type": "MultiLineString", "coordinates": [ [ [ 776488.094931099563837, 9660025.215995034202933 ], [ 775329.548213036498055, 9660027.908471820876002 ], [ 774865.064122218638659, 9659567.997313562780619 ] ] ] } },
{ "type": "Feature", "properties": { "OBJECTID": 285, "HYRIV_ID": 60605206, "NEXT_DOWN": 60602953, "MAIN_RIV": 60443230, "LENGTH_KM": 4.8000001907348633, "DIST_DN_KM": 598.29998779296875, "DIST_UP_KM": 6.9000000953674316, "CATCH_SKM": 17.790000915527344, "UPLAND_SKM": 17.799999237060547, "ENDORHEIC": 0, "DIS_AV_CMS": 0.41600000858306885, "ORD_STRA": 1, "ORD_CLAS": 5, "ORD_FLOW": 7, "HYBAS_L12": 6120275780.0, "Shape_Length": 4849.8391879424944 }, "geometry": { "type": "MultiLineString", "coordinates": [ [ [ 760729.076994008617476, 9658447.565398102626204 ], [ 761425.655317527242005, 9659137.445680692791939 ], [ 761428.702262245700695, 9660520.277266854420304 ], [ 760041.598836110788397, 9661906.144946975633502 ], [ 760042.602276497986168, 9662367.084566354751587 ] ] ] } },
{ "type": "Feature", "properties": { "OBJECTID": 286, "HYRIV_ID": 60605483, "NEXT_DOWN": 60603549, "MAIN_RIV": 60443230, "LENGTH_KM": 4.1399998664855957, "DIST_DN_KM": 600.5999755859375, "DIST_UP_KM": 6.6999998092651367, "CATCH_SKM": 14.569999694824219, "UPLAND_SKM": 14.600000381469727, "ENDORHEIC": 0, "DIS_AV_CMS": 0.34200000762939453, "ORD_STRA": 1, "ORD_CLAS": 5, "ORD_FLOW": 7, "HYBAS_L12": 6120275780.0, "Shape_Length": 4187.6616613582783 }, "geometry": { "type": "MultiLineString", "coordinates": [ [ [ 757484.545115142012946, 9657993.745215779170394 ], [ 758645.456627682317048, 9659143.551334470510483 ], [ 758648.471124545671046, 9660526.358344750478864 ], [ 758186.104380436940119, 9660988.299691880121827 ], [ 758187.103306983830407, 9661449.233869332820177 ] ] ] } },
{ "type": "Feature", "properties": { "OBJECTID": 287, "HYRIV_ID": 60605778, "NEXT_DOWN": 60606564, "MAIN_RIV": 60443230, "LENGTH_KM": 6.2800002098083496, "DIST_DN_KM": 646.4000244140625, "DIST_UP_KM": 8.6999998092651367, "CATCH_SKM": 15.649999618530273, "UPLAND_SKM": 15.600000381469727, "ENDORHEIC": 0, "DIS_AV_CMS": 0.3880000114440918, "ORD_STRA": 1, "ORD_CLAS": 7, "ORD_FLOW": 7, "HYBAS_L12": 6120278320.0, "Shape_Length": 6371.5818843179932 }, "geometry": { "type": "MultiLineString", "coordinates": [ [ [ 720422.500698252115399, 9659220.872488971799612 ], [ 721117.388435326050967, 9659219.576972346752882 ], [ 721581.510137339006178, 9659679.545507373288274 ], [ 722043.909460929455236, 9659217.843235146254301 ], [ 722970.435233040014282, 9659216.102249205112457 ], [ 723432.829683623276651, 9658754.389885058626533 ], [ 724359.358996412134729, 9658752.635677292943001 ], [ 725284.134670915547758, 9657829.186352867633104 ], [ 725747.399886202532798, 9657828.300435815006495 ] ] ] } },
{ "type": "Feature", "properties": { "OBJECTID": 288, "HYRIV_ID": 60605779, "NEXT_DOWN": 60606564, "MAIN_RIV": 60443230, "LENGTH_KM": 0.98000001907348633, "DIST_DN_KM": 646.5999755859375, "DIST_UP_KM": 3.4000000953674316, "CATCH_SKM": 4.929999828338623, "UPLAND_SKM": 4.9000000953674316, "ENDORHEIC": 0, "DIS_AV_CMS": 0.12200000137090683, "ORD_STRA": 1, "ORD_CLAS": 8, "ORD_FLOW": 7, "HYBAS_L12": 6120278320.0, "Shape_Length": 994.63966638876582 }, "geometry": { "type": "MultiLineString", "coordinates": [ [ [ 725053.820290186326019, 9658520.893625499680638 ], [ 725747.399886202532798, 9657828.300435815006495 ] ] ] } },
{ "type": "Feature", "properties": { "OBJECTID": 289, "HYRIV_ID": 60605780, "NEXT_DOWN": 60603549, "MAIN_RIV": 60443230, "LENGTH_KM": 7.7399997711181641, "DIST_DN_KM": 600.79998779296875, "DIST_UP_KM": 134.60000610351562, "CATCH_SKM": 33.650001525878906, "UPLAND_SKM": 3392.800048828125, "ENDORHEIC": 0, "DIS_AV_CMS": 83.266998291015625, "ORD_STRA": 5, "ORD_CLAS": 4, "ORD_FLOW": 5, "HYBAS_L12": 6120275780.0, "Shape_Length": 7839.4084436101957 }, "geometry": { "type": "MultiLineString", "coordinates": [ [ [ 752618.905490129371174, 9657773.801167393103242 ], [ 753083.233909712871537, 9658233.727312162518501 ], [ 754009.921429786132649, 9658231.737690752372146 ], [ 756331.649638445465825, 9660531.376054648309946 ], [ 756332.6427119752625, 9660992.30488770082593 ], [ 756796.999608237179928, 9661452.236369621008635 ], [ 757260.366175195900723, 9661451.237343169748783 ], [ 757722.736890851985663, 9660989.303726593032479 ], [ 758187.103306983830407, 9661449.233869332820177 ] ] ] } },
{ "type": "Feature", "properties": { "OBJECTID": 290, "HYRIV_ID": 60606026, "NEXT_DOWN": 60604353, "MAIN_RIV": 60443230, "LENGTH_KM": 4.8499999046325684, "DIST_DN_KM": 636.79998779296875, "DIST_UP_KM": 31.299999237060547, "CATCH_SKM": 15.220000267028809, "UPLAND_SKM": 319.60000610351562, "ENDORHEIC": 0, "DIS_AV_CMS": 7.8410000801086426, "ORD_STRA": 3, "ORD_CLAS": 6, "ORD_FLOW": 6, "HYBAS_L12": 6120278320.0, "Shape_Length": 4917.9975406481308 }, "geometry": { "type": "MultiLineString", "coordinates": [ [ [ 729452.667159622302279, 9657360.293189799413085 ], [ 731773.569792227237485, 9659660.061547895893455 ], [ 732700.149701407644898, 9659658.246727552264929 ], [ 733164.347172640147619, 9660118.201033418998122 ] ] ] } },
{ "type": "Feature", "properties": { "OBJECTID": 291, "HYRIV_ID": 60606027, "NEXT_DOWN": 60606026, "MAIN_RIV": 60443230, "LENGTH_KM": 1.6200000047683716, "DIST_DN_KM": 641.4000244140625, "DIST_UP_KM": 4.1999998092651367, "CATCH_SKM": 8.1400003433227539, "UPLAND_SKM": 8.1000003814697266, "ENDORHEIC": 0, "DIS_AV_CMS": 0.19900000095367432, "ORD_STRA": 1, "ORD_CLAS": 7, "ORD_FLOW": 7, "HYBAS_L12": 6120278320.0, "Shape_Length": 1645.1341270840946 }, "geometry": { "type": "MultiLineString", "coordinates": [ [ [ 731074.132213865639642, 9657357.1230851970613 ], [ 729452.667159622302279, 9657360.293189799413085 ] ] ] } },
{ "type": "Feature", "properties": { "OBJECTID": 292, "HYRIV_ID": 60606028, "NEXT_DOWN": 60604353, "MAIN_RIV": 60443230, "LENGTH_KM": 3.2000000476837158, "DIST_DN_KM": 636.79998779296875, "DIST_UP_KM": 5.5, "CATCH_SKM": 10.720000267028809, "UPLAND_SKM": 10.699999809265137, "ENDORHEIC": 0, "DIS_AV_CMS": 0.26100000739097595, "ORD_STRA": 1, "ORD_CLAS": 7, "ORD_FLOW": 7, "HYBAS_L12": 6120278320.0, "Shape_Length": 3234.4273430173985 }, "geometry": { "type": "MultiLineString", "coordinates": [ [ [ 733621.721765625989065, 9657121.663343492895365 ], [ 733626.734640885260887, 9659656.424742508679628 ], [ 733164.347172640147619, 9660118.201033418998122 ] ] ] } },
{ "type": "Feature", "properties": { "OBJECTID": 293, "HYRIV_ID": 60606029, "NEXT_DOWN": 60603805, "MAIN_RIV": 60443230, "LENGTH_KM": 4.9699997901916504, "DIST_DN_KM": 593.20001220703125, "DIST_UP_KM": 8.8999996185302734, "CATCH_SKM": 18.649999618530273, "UPLAND_SKM": 18.600000381469727, "ENDORHEIC": 0, "DIS_AV_CMS": 0.42800000309944153, "ORD_STRA": 1, "ORD_CLAS": 7, "ORD_FLOW": 7, "HYBAS_L12": 6120278240.0, "Shape_Length": 5025.4370292963031 }, "geometry": { "type": "MultiLineString", "coordinates": [ [ [ 770225.200507714180276, 9657043.311635375022888 ], [ 770227.84223564225249, 9658195.73821647465229 ], [ 769765.501588035840541, 9658657.766888057813048 ], [ 769766.552528922678903, 9659118.736016573384404 ], [ 769304.20506398472935, 9659580.758646659553051 ], [ 769306.296291456208564, 9660502.693903850391507 ], [ 768843.938789730076678, 9660964.708939298987389 ], [ 768380.539277002448216, 9660965.754514837637544 ] ] ] } },
{ "type": "Feature", "properties": { "OBJECTID": 294, "HYRIV_ID": 60606564, "NEXT_DOWN": 60606565, "MAIN_RIV": 60443230, "LENGTH_KM": 2.7000000476837158, "DIST_DN_KM": 643.70001220703125, "DIST_UP_KM": 11.399999618530273, "CATCH_SKM": 6.0, "UPLAND_SKM": 26.600000381469727, "ENDORHEIC": 0, "DIS_AV_CMS": 0.65700000524520874, "ORD_STRA": 2, "ORD_CLAS": 7, "ORD_FLOW": 7, "HYBAS_L12": 6120278320.0, "Shape_Length": 2733.9218408936604 }, "geometry": { "type": "MultiLineString", "coordinates": [ [ [ 725747.399886202532798, 9657828.300435815006495 ], [ 726673.933750453172252, 9657826.523312799632549 ], [ 727598.691309851245023, 9656903.038916826248169 ], [ 727597.798955544829369, 9656442.188843723386526 ] ] ] } },
{ "type": "Feature", "properties": { "OBJECTID": 295, "HYRIV_ID": 60606565, "NEXT_DOWN": 60606026, "MAIN_RIV": 60443230, "LENGTH_KM": 2.2300000190734863, "DIST_DN_KM": 641.4000244140625, "DIST_UP_KM": 26.600000381469727, "CATCH_SKM": 4.2899999618530273, "UPLAND_SKM": 296.20001220703125, "ENDORHEIC": 0, "DIS_AV_CMS": 7.2769999504089355, "ORD_STRA": 3, "ORD_CLAS": 6, "ORD_FLOW": 6, "HYBAS_L12": 6120278320.0, "Shape_Length": 2266.1817862132361 }, "geometry": { "type": "MultiLineString", "coordinates": [ [ [ 727597.798955544829369, 9656442.188843723386526 ], [ 728061.064629298518412, 9656441.290298307314515 ], [ 728989.394134856527671, 9657361.194882944226265 ], [ 729452.667159622302279, 9657360.293189799413085 ] ] ] } },
{ "type": "Feature", "properties": { "OBJECTID": 296, "HYRIV_ID": 60606566, "NEXT_DOWN": 60602387, "MAIN_RIV": 60443230, "LENGTH_KM": 8.0399999618530273, "DIST_DN_KM": 631.0, "DIST_UP_KM": 11.300000190734863, "CATCH_SKM": 28.290000915527344, "UPLAND_SKM": 28.299999237060547, "ENDORHEIC": 0, "DIS_AV_CMS": 0.68599998950958252, "ORD_STRA": 1, "ORD_CLAS": 7, "ORD_FLOW": 7, "HYBAS_L12": 6121069850.0, "Shape_Length": 8125.4329030291319 }, "geometry": { "type": "MultiLineString", "coordinates": [ [ [ 738021.106652646092698, 9656191.089424189180136 ], [ 737327.566541815758683, 9656883.810223702341318 ], [ 737329.423926064861007, 9657805.561561601236463 ], [ 736867.053215892752632, 9658267.367429412901402 ], [ 736873.493556452682242, 9661493.487359585240483 ], [ 737337.72065859741997, 9661953.441343450918794 ], [ 737338.636260056984611, 9662414.316705178469419 ], [ 736876.235054438700899, 9662876.109737064689398 ], [ 736877.146382668288425, 9663336.983721533790231 ] ] ] } },
{ "type": "Feature", "properties": { "OBJECTID": 297, "HYRIV_ID": 60606567, "NEXT_DOWN": 60604077, "MAIN_RIV": 60443230, "LENGTH_KM": 5.130000114440918, "DIST_DN_KM": 594.29998779296875, "DIST_UP_KM": 23.100000381469727, "CATCH_SKM": 16.719999313354492, "UPLAND_SKM": 156.5, "ENDORHEIC": 0, "DIS_AV_CMS": 3.6140000820159912, "ORD_STRA": 3, "ORD_CLAS": 6, "ORD_FLOW": 6, "HYBAS_L12": 6120278240.0, "Shape_Length": 5180.3190682145869 }, "geometry": { "type": "MultiLineString", "coordinates": [ [ [ 765126.446334068081342, 9656363.472290497273207 ], [ 765127.486211243201979, 9656824.427544640377164 ], [ 765591.89978159184102, 9657284.3385040294379 ], [ 765593.976181223872118, 9658206.251532750204206 ], [ 767451.67041136987973, 9660045.916328106075525 ], [ 767452.708045294624753, 9660506.878281597048044 ] ] ] } },
{ "type": "Feature", "properties": { "OBJECTID": 298, "HYRIV_ID": 60607141, "NEXT_DOWN": 60607142, "MAIN_RIV": 60443230, "LENGTH_KM": 5.429999828338623, "DIST_DN_KM": 645.0, "DIST_UP_KM": 7.9000000953674316, "CATCH_SKM": 14.359999656677246, "UPLAND_SKM": 14.399999618530273, "ENDORHEIC": 0, "DIS_AV_CMS": 0.35499998927116394, "ORD_STRA": 1, "ORD_CLAS": 7, "ORD_FLOW": 7, "HYBAS_L12": 6120278320.0, "Shape_Length": 5515.1633640626651 }, "geometry": { "type": "MultiLineString", "coordinates": [ [ [ 721807.948105824645609, 9656914.101815821602941 ], [ 722966.081859455443919, 9656911.912029350176454 ], [ 723428.461412656004541, 9656450.193650694563985 ], [ 724818.229906138381921, 9656447.541805973276496 ], [ 725742.974384443601593, 9655524.07429600507021 ], [ 726669.490017617587, 9655522.285158004611731 ] ] ] } },
{ "type": "Feature", "properties": { "OBJECTID": 299, "HYRIV_ID": 60607142, "NEXT_DOWN": 60606565, "MAIN_RIV": 60443230, "LENGTH_KM": 1.309999942779541, "DIST_DN_KM": 643.9000244140625, "DIST_UP_KM": 24.200000762939453, "CATCH_SKM": 1.5, "UPLAND_SKM": 265.29998779296875, "ENDORHEIC": 0, "DIS_AV_CMS": 6.5190000534057617, "ORD_STRA": 3, "ORD_CLAS": 6, "ORD_FLOW": 6, "HYBAS_L12": 6120278320.0, "Shape_Length": 1326.1094288403262 }, "geometry": { "type": "MultiLineString", "coordinates": [ [ [ 726669.490017617587, 9655522.285158004611731 ], [ 727597.798955544829369, 9656442.188843723386526 ] ] ] } },
{ "type": "Feature", "properties": { "OBJECTID": 300, "HYRIV_ID": 60607143, "NEXT_DOWN": 60607144, "MAIN_RIV": 60443230, "LENGTH_KM": 1.6200000047683716, "DIST_DN_KM": 612.79998779296875, "DIST_UP_KM": 5.8000001907348633, "CATCH_SKM": 6.8600001335144043, "UPLAND_SKM": 6.9000000953674316, "ENDORHEIC": 0, "DIS_AV_CMS": 0.164000004529953, "ORD_STRA": 1, "ORD_CLAS": 5, "ORD_FLOW": 7, "HYBAS_L12": 6121071170.0, "Shape_Length": 1639.370010195179 }, "geometry": { "type": "MultiLineString", "coordinates": [ [ [ 748677.648193689761683, 9656399.450520722195506 ], [ 749372.633508042199537, 9656397.977087400853634 ], [ 749370.673670166870579, 9655476.158839112147689 ] ] ] } },
{ "type": "Feature", "properties": { "OBJECTID": 301, "HYRIV_ID": 60607144, "NEXT_DOWN": 60605780, "MAIN_RIV": 60443230, "LENGTH_KM": 4.4699997901916504, "DIST_DN_KM": 608.5, "DIST_UP_KM": 126.90000152587891, "CATCH_SKM": 15.0, "UPLAND_SKM": 3327.60009765625, "ENDORHEIC": 0, "DIS_AV_CMS": 81.869003295898438, "ORD_STRA": 5, "ORD_CLAS": 4, "ORD_FLOW": 5, "HYBAS_L12": 6121071170.0, "Shape_Length": 4527.0877245034735 }, "geometry": { "type": "MultiLineString", "coordinates": [ [ [ 749370.673670166870579, 9655476.158839112147689 ], [ 750297.318042040686123, 9655474.18250279314816 ], [ 751225.942114286939614, 9656394.027634924277663 ], [ 751689.272589093074203, 9656393.035597953945398 ], [ 752153.59318993636407, 9656852.958882233127952 ], [ 752154.580767777631991, 9657313.875871820375323 ], [ 752618.905490129371174, 9657773.801167393103242 ] ] ] } },
{ "type": "Feature", "properties": { "OBJECTID": 302, "HYRIV_ID": 60607401, "NEXT_DOWN": 60607402, "MAIN_RIV": 60443230, "LENGTH_KM": 0.68999999761581421, "DIST_DN_KM": 602.70001220703125, "DIST_UP_KM": 3.5999999046325684, "CATCH_SKM": 5.7899999618530273, "UPLAND_SKM": 5.8000001907348633, "ENDORHEIC": 0, "DIS_AV_CMS": 0.13199999928474426, "ORD_STRA": 1, "ORD_CLAS": 6, "ORD_FLOW": 7, "HYBAS_L12": 6120278330.0, "Shape_Length": 704.22686327200438 }, "geometry": { "type": "MultiLineString", "coordinates": [ [ [ 772769.040082674124278, 9654963.028096655383706 ], [ 773464.12503246916458, 9654961.405153034254909 ] ] ] } },
{ "type": "Feature", "properties": { "OBJECTID": 303, "HYRIV_ID": 60607402, "NEXT_DOWN": 60604631, "MAIN_RIV": 60443230, "LENGTH_KM": 5.2100000381469727, "DIST_DN_KM": 597.5, "DIST_UP_KM": 21.5, "CATCH_SKM": 17.149999618530273, "UPLAND_SKM": 105.69999694824219, "ENDORHEIC": 0, "DIS_AV_CMS": 2.3980000019073486, "ORD_STRA": 2, "ORD_CLAS": 5, "ORD_FLOW": 6, "HYBAS_L12": 6120278330.0, "Shape_Length": 5255.8097166900407 }, "geometry": { "type": "MultiLineString", "coordinates": [ [ [ 773464.12503246916458, 9654961.405153034254909 ], [ 773465.202003250364214, 9655422.386000040918589 ], [ 774394.147534269955941, 9656342.18596313521266 ], [ 774395.223847371758893, 9656803.169625245034695 ], [ 774859.702517535653897, 9657263.07256237976253 ], [ 774865.064122218638659, 9659567.997313562780619 ] ] ] } },
{ "type": "Feature", "properties": { "OBJECTID": 304, "HYRIV_ID": 60607714, "NEXT_DOWN": 60607715, "MAIN_RIV": 60443230, "LENGTH_KM": 1.6200000047683716, "DIST_DN_KM": 646.29998779296875, "DIST_UP_KM": 5.0, "CATCH_SKM": 4.7100000381469727, "UPLAND_SKM": 4.6999998092651367, "ENDORHEIC": 0, "DIS_AV_CMS": 0.11599999666213989, "ORD_STRA": 1, "ORD_CLAS": 7, "ORD_FLOW": 7, "HYBAS_L12": 6120278320.0, "Shape_Length": 1645.3364672391751 }, "geometry": { "type": "MultiLineString", "coordinates": [ [ [ 724119.817609054036438, 9654605.505083607509732 ], [ 725741.195794016355649, 9654602.383555302396417 ] ] ] } },
{ "type": "Feature", "properties": { "OBJECTID": 305, "HYRIV_ID": 60607715, "NEXT_DOWN": 60607142, "MAIN_RIV": 60443230, "LENGTH_KM": 1.309999942779541, "DIST_DN_KM": 645.20001220703125, "DIST_UP_KM": 22.899999618530273, "CATCH_SKM": 3.6400001049041748, "UPLAND_SKM": 249.5, "ENDORHEIC": 0, "DIS_AV_CMS": 6.129000186920166, "ORD_STRA": 3, "ORD_CLAS": 6, "ORD_FLOW": 6, "HYBAS_L12": 6120278320.0, "Shape_Length": 1326.1379191264475 }, "geometry": { "type": "MultiLineString", "coordinates": [ [ [ 725741.195794016355649, 9654602.383555302396417 ], [ 726669.490017617587, 9655522.285158004611731 ] ] ] } },
{ "type": "Feature", "properties": { "OBJECTID": 306, "HYRIV_ID": 60607716, "NEXT_DOWN": 60607996, "MAIN_RIV": 60443230, "LENGTH_KM": 2.559999942779541, "DIST_DN_KM": 616.0999755859375, "DIST_UP_KM": 5.3000001907348633, "CATCH_SKM": 12.859999656677246, "UPLAND_SKM": 12.899999618530273, "ENDORHEIC": 0, "DIS_AV_CMS": 0.30799999833106995, "ORD_STRA": 1, "ORD_CLAS": 6, "ORD_FLOW": 7, "HYBAS_L12": 6121071170.0, "Shape_Length": 2596.4268582361742 }, "geometry": { "type": "MultiLineString", "coordinates": [ [ [ 744969.666659587994218, 9655715.894521152600646 ], [ 745663.181708976393566, 9655023.091999262571335 ], [ 746126.490970167913474, 9655022.118101911619306 ], [ 746588.829263986321166, 9654560.241079784929752 ], [ 747052.139160022838041, 9654559.262184852734208 ] ] ] } },
{ "type": "Feature", "properties": { "OBJECTID": 307, "HYRIV_ID": 60607717, "NEXT_DOWN": 60607996, "MAIN_RIV": 60443230, "LENGTH_KM": 2.2899999618530273, "DIST_DN_KM": 616.29998779296875, "DIST_UP_KM": 5.1999998092651367, "CATCH_SKM": 5.1399998664855957, "UPLAND_SKM": 5.0999999046325684, "ENDORHEIC": 0, "DIS_AV_CMS": 0.12300000339746475, "ORD_STRA": 1, "ORD_CLAS": 5, "ORD_FLOW": 7, "HYBAS_L12": 6121071170.0, "Shape_Length": 2319.436394442504 }, "geometry": { "type": "MultiLineString", "coordinates": [ [ [ 746360.568521898705512, 9656173.882182756438851 ], [ 747054.085891789523885, 9655481.067519756034017 ], [ 746589.801434642868116, 9655021.142436683177948 ], [ 747052.139160022838041, 9654559.262184852734208 ] ] ] } },
{ "type": "Feature", "properties": { "OBJECTID": 308, "HYRIV_ID": 60607996, "NEXT_DOWN": 60607997, "MAIN_RIV": 60443230, "LENGTH_KM": 0.93000000715255737, "DIST_DN_KM": 615.20001220703125, "DIST_UP_KM": 6.3000001907348633, "CATCH_SKM": 0.63999998569488525, "UPLAND_SKM": 18.600000381469727, "ENDORHEIC": 0, "DIS_AV_CMS": 0.44600000977516174, "ORD_STRA": 2, "ORD_CLAS": 5, "ORD_FLOW": 7, "HYBAS_L12": 6121071170.0, "Shape_Length": 937.17130921859166 }, "geometry": { "type": "MultiLineString", "coordinates": [ [ [ 747052.139160022838041, 9654559.262184852734208 ], [ 747515.450456162332557, 9654558.281519681215286 ], [ 747514.473300673533231, 9654097.377532193437219 ] ] ] } },
{ "type": "Feature", "properties": { "OBJECTID": 309, "HYRIV_ID": 60607997, "NEXT_DOWN": 60607144, "MAIN_RIV": 60443230, "LENGTH_KM": 2.4300000667572021, "DIST_DN_KM": 613.0, "DIST_UP_KM": 122.40000152587891, "CATCH_SKM": 7.7199997901916504, "UPLAND_SKM": 3305.699951171875, "ENDORHEIC": 0, "DIS_AV_CMS": 81.433998107910156, "ORD_STRA": 5, "ORD_CLAS": 4, "ORD_FLOW": 5, "HYBAS_L12": 6121071170.0, "Shape_Length": 2457.7894122713174 }, "geometry": { "type": "MultiLineString", "coordinates": [ [ [ 747514.473300673533231, 9654097.377532193437219 ], [ 748443.056397044099867, 9655017.221194718033075 ], [ 748906.373464081902057, 9655016.236385734751821 ], [ 749370.673670166870579, 9655476.158839112147689 ] ] ] } },
{ "type": "Feature", "properties": { "OBJECTID": 310, "HYRIV_ID": 60607998, "NEXT_DOWN": 60606567, "MAIN_RIV": 60443230, "LENGTH_KM": 3.0799999237060547, "DIST_DN_KM": 599.5999755859375, "DIST_UP_KM": 17.799999237060547, "CATCH_SKM": 8.5699996948242188, "UPLAND_SKM": 123.19999694824219, "ENDORHEIC": 0, "DIS_AV_CMS": 2.8519999980926514, "ORD_STRA": 3, "ORD_CLAS": 6, "ORD_FLOW": 6, "HYBAS_L12": 6120278240.0, "Shape_Length": 3116.6999630574401 }, "geometry": { "type": "MultiLineString", "coordinates": [ [ [ 763267.790638844715431, 9654062.893065329641104 ], [ 763732.188730014371686, 9654522.797648631036282 ], [ 763733.228647926356643, 9654983.748831454664469 ], [ 765126.446334068081342, 9656363.472290497273207 ] ] ] } },
{ "type": "Feature", "properties": { "OBJECTID": 311, "HYRIV_ID": 60608301, "NEXT_DOWN": 60607715, "MAIN_RIV": 60443230, "LENGTH_KM": 0.93000000715255737, "DIST_DN_KM": 646.29998779296875, "DIST_UP_KM": 21.799999237060547, "CATCH_SKM": 1.2899999618530273, "UPLAND_SKM": 241.10000610351562, "ENDORHEIC": 0, "DIS_AV_CMS": 5.9239997863769531, "ORD_STRA": 3, "ORD_CLAS": 6, "ORD_FLOW": 6, "HYBAS_L12": 6120278320.0, "Shape_Length": 935.28480647353547 }, "geometry": { "type": "MultiLineString", "coordinates": [ [ [ 725739.412580167758279, 9653680.692772066220641 ], [ 725741.195794016355649, 9654602.383555302396417 ] ] ] } },
{ "type": "Feature", "properties": { "OBJECTID": 312, "HYRIV_ID": 60608302, "NEXT_DOWN": 60607998, "MAIN_RIV": 60443230, "LENGTH_KM": 2.8900001049041748, "DIST_DN_KM": 602.70001220703125, "DIST_UP_KM": 13.199999809265137, "CATCH_SKM": 6.6399998664855957, "UPLAND_SKM": 48.700000762939453, "ENDORHEIC": 0, "DIS_AV_CMS": 1.1339999437332153, "ORD_STRA": 2, "ORD_CLAS": 7, "ORD_FLOW": 6, "HYBAS_L12": 6120278240.0, "Shape_Length": 2926.4986703427971 }, "geometry": { "type": "MultiLineString", "coordinates": [ [ [ 760949.995834616944194, 9653607.155136920511723 ], [ 761878.762570499908179, 9654526.967185735702515 ], [ 762805.472812245832756, 9654524.886163394898176 ], [ 763267.790638844715431, 9654062.893065329641104 ] ] ] } },
{ "type": "Feature", "properties": { "OBJECTID": 313, "HYRIV_ID": 60608605, "NEXT_DOWN": 60608301, "MAIN_RIV": 60443230, "LENGTH_KM": 0.46000000834465027, "DIST_DN_KM": 647.20001220703125, "DIST_UP_KM": 20.899999618530273, "CATCH_SKM": 0.43000000715255737, "UPLAND_SKM": 231.69999694824219, "ENDORHEIC": 0, "DIS_AV_CMS": 5.6939997673034668, "ORD_STRA": 3, "ORD_CLAS": 6, "ORD_FLOW": 6, "HYBAS_L12": 6121071580.0, "Shape_Length": 467.64238915499669 }, "geometry": { "type": "MultiLineString", "coordinates": [ [ [ 725738.519189697224647, 9653219.847315432503819 ], [ 725739.412580167758279, 9653680.692772066220641 ] ] ] } },
{ "type": "Feature", "properties": { "OBJECTID": 314, "HYRIV_ID": 60608606, "NEXT_DOWN": 60608605, "MAIN_RIV": 60443230, "LENGTH_KM": 6.6999998092651367, "DIST_DN_KM": 647.70001220703125, "DIST_UP_KM": 19.0, "CATCH_SKM": 13.930000305175781, "UPLAND_SKM": 62.799999237060547, "ENDORHEIC": 0, "DIS_AV_CMS": 1.5230000019073486, "ORD_STRA": 2, "ORD_CLAS": 7, "ORD_FLOW": 6, "HYBAS_L12": 6121071580.0, "Shape_Length": 6798.4144936512539 }, "geometry": { "type": "MultiLineString", "coordinates": [ [ [ 731297.576005482696928, 9653208.930322766304016 ], [ 730835.228201363817789, 9653670.708923069760203 ], [ 730371.966163376346231, 9653671.625765169039369 ], [ 729447.258321824483573, 9654595.163971405476332 ], [ 728057.475814203033224, 9654597.88513034209609 ], [ 727129.165993823553436, 9653677.992017542943358 ], [ 726665.913615580298938, 9653678.894163381308317 ], [ 726201.767291003838181, 9653218.947720814496279 ], [ 725738.519189697224647, 9653219.847315432503819 ] ] ] } },
{ "type": "Feature", "properties": { "OBJECTID": 315, "HYRIV_ID": 60608607, "NEXT_DOWN": 60608606, "MAIN_RIV": 60443230, "LENGTH_KM": 1.1599999666213989, "DIST_DN_KM": 654.4000244140625, "DIST_UP_KM": 4.0, "CATCH_SKM": 11.569999694824219, "UPLAND_SKM": 11.600000381469727, "ENDORHEIC": 0, "DIS_AV_CMS": 0.28099998831748962, "ORD_STRA": 1, "ORD_CLAS": 8, "ORD_FLOW": 7, "HYBAS_L12": 6121071580.0, "Shape_Length": 1175.0004045094422 }, "geometry": { "type": "MultiLineString", "coordinates": [ [ [ 732455.73493500368204, 9653206.622489128261805 ], [ 731297.576005482696928, 9653208.930322766304016 ] ] ] } },
{ "type": "Feature", "properties": { "OBJECTID": 316, "HYRIV_ID": 60608608, "NEXT_DOWN": 60607997, "MAIN_RIV": 60443230, "LENGTH_KM": 1.1200000047683716, "DIST_DN_KM": 615.4000244140625, "DIST_UP_KM": 120.0, "CATCH_SKM": 3.6400001049041748, "UPLAND_SKM": 3279.39990234375, "ENDORHEIC": 0, "DIS_AV_CMS": 80.846000671386719, "ORD_STRA": 5, "ORD_CLAS": 4, "ORD_FLOW": 5, "HYBAS_L12": 6121071170.0, "Shape_Length": 1130.0516464369055 }, "geometry": { "type": "MultiLineString", "coordinates": [ [ [ 747049.209356505656615, 9653176.553997041657567 ], [ 747050.187238377984613, 9653637.456731652840972 ], [ 747514.473300673533231, 9654097.377532193437219 ] ] ] } },
{ "type": "Feature", "properties": { "OBJECTID": 317, "HYRIV_ID": 60608609, "NEXT_DOWN": 60606567, "MAIN_RIV": 60443230, "LENGTH_KM": 4.5300002098083496, "DIST_DN_KM": 599.5999755859375, "DIST_UP_KM": 6.1999998092651367, "CATCH_SKM": 16.5, "UPLAND_SKM": 16.5, "ENDORHEIC": 0, "DIS_AV_CMS": 0.37900000810623169, "ORD_STRA": 1, "ORD_CLAS": 7, "ORD_FLOW": 7, "HYBAS_L12": 6120278240.0, "Shape_Length": 4577.1432804692449 }, "geometry": { "type": "MultiLineString", "coordinates": [ [ [ 767667.088531411252916, 9652900.468835661187768 ], [ 766973.628711216617376, 9653593.508215241134167 ], [ 766974.684331161435694, 9654054.469192370772362 ], [ 766050.05196832655929, 9654978.502487586811185 ], [ 766051.099717015167698, 9655439.460554080083966 ], [ 765126.446334068081342, 9656363.472290497273207 ] ] ] } },
{ "type": "Feature", "properties": { "OBJECTID": 318, "HYRIV_ID": 60608893, "NEXT_DOWN": 60608301, "MAIN_RIV": 60443230, "LENGTH_KM": 2.0999999046325684, "DIST_DN_KM": 647.20001220703125, "DIST_UP_KM": 4.0, "CATCH_SKM": 8.1400003433227539, "UPLAND_SKM": 8.1000003814697266, "ENDORHEIC": 0, "DIS_AV_CMS": 0.20100000500679016, "ORD_STRA": 1, "ORD_CLAS": 7, "ORD_FLOW": 7, "HYBAS_L12": 6120278320.0, "Shape_Length": 2127.8117163290403 }, "geometry": { "type": "MultiLineString", "coordinates": [ [ [ 724115.827570607769303, 9652531.719301007688046 ], [ 725276.163825884810649, 9653681.589334828779101 ], [ 725739.412580167758279, 9653680.692772066220641 ] ] ] } },
{ "type": "Feature", "properties": { "OBJECTID": 319, "HYRIV_ID": 60608894, "NEXT_DOWN": 60608605, "MAIN_RIV": 60443230, "LENGTH_KM": 0.46000000834465027, "DIST_DN_KM": 647.70001220703125, "DIST_UP_KM": 20.399999618530273, "CATCH_SKM": 0.43000000715255737, "UPLAND_SKM": 168.5, "ENDORHEIC": 0, "DIS_AV_CMS": 4.1609997749328613, "ORD_STRA": 3, "ORD_CLAS": 6, "ORD_FLOW": 6, "HYBAS_L12": 6121071580.0, "Shape_Length": 467.64244588435872 }, "geometry": { "type": "MultiLineString", "coordinates": [ [ [ 725737.624543781857938, 9652759.001750327646732 ], [ 725738.519189697224647, 9653219.847315432503819 ] ] ] } },
{ "type": "Feature", "properties": { "OBJECTID": 320, "HYRIV_ID": 60608895, "NEXT_DOWN": 60608608, "MAIN_RIV": 60443230, "LENGTH_KM": 0.6600000262260437, "DIST_DN_KM": 616.5, "DIST_UP_KM": 118.90000152587891, "CATCH_SKM": 1.2899999618530273, "UPLAND_SKM": 3265.89990234375, "ENDORHEIC": 0, "DIS_AV_CMS": 80.547996520996094, "ORD_STRA": 5, "ORD_CLAS": 4, "ORD_FLOW": 5, "HYBAS_L12": 6121071170.0, "Shape_Length": 662.6880313130373 }, "geometry": { "type": "MultiLineString", "coordinates": [ [ [ 746584.927506409701891, 9652716.635306045413017 ], [ 747049.209356505656615, 9653176.553997041657567 ] ] ] } },
{ "type": "Feature", "properties": { "OBJECTID": 321, "HYRIV_ID": 60608896, "NEXT_DOWN": 60608897, "MAIN_RIV": 60443230, "LENGTH_KM": 0.68999999761581421, "DIST_DN_KM": 609.4000244140625, "DIST_UP_KM": 4.0, "CATCH_SKM": 4.929999828338623, "UPLAND_SKM": 4.9000000953674316, "ENDORHEIC": 0, "DIS_AV_CMS": 0.11599999666213989, "ORD_STRA": 1, "ORD_CLAS": 8, "ORD_FLOW": 7, "HYBAS_L12": 6120278240.0, "Shape_Length": 704.50868107935742 }, "geometry": { "type": "MultiLineString", "coordinates": [ [ [ 757009.557054064003751, 9652694.046670842915773 ], [ 757704.556570896296762, 9652692.50741502456367 ] ] ] } },
{ "type": "Feature", "properties": { "OBJECTID": 322, "HYRIV_ID": 60608897, "NEXT_DOWN": 60608302, "MAIN_RIV": 60443230, "LENGTH_KM": 4.0100002288818359, "DIST_DN_KM": 605.4000244140625, "DIST_UP_KM": 10.5, "CATCH_SKM": 15.859999656677246, "UPLAND_SKM": 35.400001525878906, "ENDORHEIC": 0, "DIS_AV_CMS": 0.82499998807907104, "ORD_STRA": 2, "ORD_CLAS": 7, "ORD_FLOW": 7, "HYBAS_L12": 6120278240.0, "Shape_Length": 4058.813793286668 }, "geometry": { "type": "MultiLineString", "coordinates": [ [ [ 757704.556570896296762, 9652692.50741502456367 ], [ 758168.91465433081612, 9653152.413700111210346 ], [ 758632.252594221266918, 9653151.384678885340691 ], [ 759094.564778433879837, 9652689.416473900899291 ], [ 759558.932464457582682, 9653149.321221789345145 ], [ 760022.274493181845173, 9653148.286784550175071 ], [ 760486.649144286988303, 9653608.191960087046027 ], [ 760949.995834616944194, 9653607.155136920511723 ] ] ] } },
{ "type": "Feature", "properties": { "OBJECTID": 323, "HYRIV_ID": 60608898, "NEXT_DOWN": 60607402, "MAIN_RIV": 60443230, "LENGTH_KM": 2.8900001049041748, "DIST_DN_KM": 602.9000244140625, "DIST_UP_KM": 16.100000381469727, "CATCH_SKM": 7.2899999618530273, "UPLAND_SKM": 82.699996948242188, "ENDORHEIC": 0, "DIS_AV_CMS": 1.878000020980835, "ORD_STRA": 2, "ORD_CLAS": 5, "ORD_FLOW": 6, "HYBAS_L12": 6120278330.0, "Shape_Length": 2920.7124335537819 }, "geometry": { "type": "MultiLineString", "coordinates": [ [ [ 772995.337563648819923, 9652657.590179601684213 ], [ 773924.271882413886487, 9653577.373920980840921 ], [ 773926.436667595524341, 9654499.338611440733075 ], [ 773464.12503246916458, 9654961.405153034254909 ] ] ] } },
{ "type": "Feature", "properties": { "OBJECTID": 324, "HYRIV_ID": 60609189, "NEXT_DOWN": 60608897, "MAIN_RIV": 60443230, "LENGTH_KM": 0.6600000262260437, "DIST_DN_KM": 609.5999755859375, "DIST_UP_KM": 6.3000001907348633, "CATCH_SKM": 0.63999998569488525, "UPLAND_SKM": 14.600000381469727, "ENDORHEIC": 0, "DIS_AV_CMS": 0.34000000357627869, "ORD_STRA": 2, "ORD_CLAS": 7, "ORD_FLOW": 7, "HYBAS_L12": 6120278240.0, "Shape_Length": 662.49590024564873 }, "geometry": { "type": "MultiLineString", "coordinates": [ [ [ 757240.202183298533782, 9652232.601973924785852 ], [ 757704.556570896296762, 9652692.50741502456367 ] ] ] } },
{ "type": "Feature", "properties": { "OBJECTID": 325, "HYRIV_ID": 60609190, "NEXT_DOWN": 60609191, "MAIN_RIV": 60443230, "LENGTH_KM": 1.809999942779541, "DIST_DN_KM": 606.70001220703125, "DIST_UP_KM": 4.0, "CATCH_SKM": 7.5, "UPLAND_SKM": 7.5, "ENDORHEIC": 0, "DIS_AV_CMS": 0.17100000381469727, "ORD_STRA": 1, "ORD_CLAS": 6, "ORD_FLOW": 7, "HYBAS_L12": 6120278330.0, "Shape_Length": 1835.9948727034975 }, "geometry": { "type": "MultiLineString", "coordinates": [ [ [ 770446.767040887963958, 9652663.549783168360591 ], [ 771141.827481793705374, 9652661.929953396320343 ], [ 771604.124573492445052, 9652199.872501876205206 ], [ 772067.499571939581074, 9652198.78704228810966 ] ] ] } },
{ "type": "Feature", "properties": { "OBJECTID": 326, "HYRIV_ID": 60609191, "NEXT_DOWN": 60608898, "MAIN_RIV": 60443230, "LENGTH_KM": 1.1200000047683716, "DIST_DN_KM": 605.5999755859375, "DIST_UP_KM": 13.399999618530273, "CATCH_SKM": 2.1400001049041748, "UPLAND_SKM": 64.699996948242188, "ENDORHEIC": 0, "DIS_AV_CMS": 1.4720000028610229, "ORD_STRA": 2, "ORD_CLAS": 5, "ORD_FLOW": 6, "HYBAS_L12": 6120278330.0, "Shape_Length": 1131.7130728506154 }, "geometry": { "type": "MultiLineString", "coordinates": [ [ [ 772067.499571939581074, 9652198.78704228810966 ], [ 772531.957905945717357, 9652658.677836934104562 ], [ 772995.337563648819923, 9652657.590179601684213 ] ] ] } },
{ "type": "Feature", "properties": { "OBJECTID": 327, "HYRIV_ID": 60609483, "NEXT_DOWN": 60609189, "MAIN_RIV": 60443230, "LENGTH_KM": 0.68999999761581421, "DIST_DN_KM": 610.0999755859375, "DIST_UP_KM": 4.6999998092651367, "CATCH_SKM": 4.929999828338623, "UPLAND_SKM": 4.9000000953674316, "ENDORHEIC": 0, "DIS_AV_CMS": 0.11500000208616257, "ORD_STRA": 1, "ORD_CLAS": 8, "ORD_FLOW": 7, "HYBAS_L12": 6120278240.0, "Shape_Length": 700.86067051669647 }, "geometry": { "type": "MultiLineString", "coordinates": [ [ [ 757238.668023630743846, 9651541.203763820230961 ], [ 757240.202183298533782, 9652232.601973924785852 ] ] ] } },
{ "type": "Feature", "properties": { "OBJECTID": 328, "HYRIV_ID": 60609484, "NEXT_DOWN": 60608302, "MAIN_RIV": 60443230, "LENGTH_KM": 2.2799999713897705, "DIST_DN_KM": 605.4000244140625, "DIST_UP_KM": 4.9000000953674316, "CATCH_SKM": 6.6399998664855957, "UPLAND_SKM": 6.5999999046325684, "ENDORHEIC": 0, "DIS_AV_CMS": 0.15399999916553497, "ORD_STRA": 1, "ORD_CLAS": 8, "ORD_FLOW": 7, "HYBAS_L12": 6120278240.0, "Shape_Length": 2297.625731973867 }, "geometry": { "type": "MultiLineString", "coordinates": [ [ [ 760481.997919028741308, 9651533.954732598736882 ], [ 760483.551430762163363, 9652225.367203827947378 ], [ 760947.928290556301363, 9652685.269253244623542 ], [ 760949.995834616944194, 9653607.155136920511723 ] ] ] } },
{ "type": "Feature", "properties": { "OBJECTID": 329, "HYRIV_ID": 60609750, "NEXT_DOWN": 60610014, "MAIN_RIV": 60443230, "LENGTH_KM": 2.559999942779541, "DIST_DN_KM": 625.9000244140625, "DIST_UP_KM": 4.9000000953674316, "CATCH_SKM": 10.930000305175781, "UPLAND_SKM": 10.899999618530273, "ENDORHEIC": 0, "DIS_AV_CMS": 0.26399999856948853, "ORD_STRA": 1, "ORD_CLAS": 7, "ORD_FLOW": 7, "HYBAS_L12": 6121071170.0, "Shape_Length": 2596.9005247958739 }, "geometry": { "type": "MultiLineString", "coordinates": [ [ [ 737550.313308855518699, 9652505.015777422115207 ], [ 738243.809134271694347, 9651812.274453794583678 ], [ 739170.361961549264379, 9651810.366108356043696 ], [ 739632.686722692567855, 9651348.526754830032587 ] ] ] } },
{ "type": "Feature", "properties": { "OBJECTID": 330, "HYRIV_ID": 60609751, "NEXT_DOWN": 60608608, "MAIN_RIV": 60443230, "LENGTH_KM": 3.2200000286102295, "DIST_DN_KM": 616.29998779296875, "DIST_UP_KM": 6.3000001907348633, "CATCH_SKM": 9.8599996566772461, "UPLAND_SKM": 9.8999996185302734, "ENDORHEIC": 0, "DIS_AV_CMS": 0.23299999535083771, "ORD_STRA": 1, "ORD_CLAS": 5, "ORD_FLOW": 7, "HYBAS_L12": 6121071170.0, "Shape_Length": 3256.4591332365403 }, "geometry": { "type": "MultiLineString", "coordinates": [ [ [ 749129.64156222390011, 9651098.019462283700705 ], [ 748436.172482420341112, 9651790.874440886080265 ], [ 748437.15981157112401, 9652251.781275993213058 ], [ 747512.515146844438277, 9653175.569442983716726 ], [ 747049.209356505656615, 9653176.553997041657567 ] ] ] } },
{ "type": "Feature", "properties": { "OBJECTID": 331, "HYRIV_ID": 60609752, "NEXT_DOWN": 60608898, "MAIN_RIV": 60443230, "LENGTH_KM": 2.0999999046325684, "DIST_DN_KM": 605.79998779296875, "DIST_UP_KM": 4.1999998092651367, "CATCH_SKM": 10.720000267028809, "UPLAND_SKM": 10.699999809265137, "ENDORHEIC": 0, "DIS_AV_CMS": 0.24199999868869781, "ORD_STRA": 1, "ORD_CLAS": 6, "ORD_FLOW": 7, "HYBAS_L12": 6120278330.0, "Shape_Length": 2122.562178235386 }, "geometry": { "type": "MultiLineString", "coordinates": [ [ [ 774149.977640287019312, 9651041.42147290892899 ], [ 773456.546175177674741, 9651734.538477305322886 ], [ 773457.633210557512939, 9652195.519511317834258 ], [ 772995.337563648819923, 9652657.590179601684213 ] ] ] } },
{ "type": "Feature", "properties": { "OBJECTID": 332, "HYRIV_ID": 60610014, "NEXT_DOWN": 60610015, "MAIN_RIV": 60443230, "LENGTH_KM": 1.5800000429153442, "DIST_DN_KM": 624.29998779296875, "DIST_UP_KM": 7.0999999046325684, "CATCH_SKM": 2.7899999618530273, "UPLAND_SKM": 30.0, "ENDORHEIC": 0, "DIS_AV_CMS": 0.72299998998641968, "ORD_STRA": 2, "ORD_CLAS": 6, "ORD_FLOW": 7, "HYBAS_L12": 6121071170.0, "Shape_Length": 1602.5642518178815 }, "geometry": { "type": "MultiLineString", "coordinates": [ [ [ 739632.686722692567855, 9651348.526754830032587 ], [ 740559.243533915607259, 9651346.604789920151234 ], [ 741021.563489532098174, 9650884.754774736240506 ] ] ] } },
{ "type": "Feature", "properties": { "OBJECTID": 333, "HYRIV_ID": 60610015, "NEXT_DOWN": 60610330, "MAIN_RIV": 60443230, "LENGTH_KM": 0.46000000834465027, "DIST_DN_KM": 623.5999755859375, "DIST_UP_KM": 7.6999998092651367, "CATCH_SKM": 1.2899999618530273, "UPLAND_SKM": 36.200000762939453, "ENDORHEIC": 0, "DIS_AV_CMS": 0.87199997901916504, "ORD_STRA": 2, "ORD_CLAS": 6, "ORD_FLOW": 7, "HYBAS_L12": 6121071170.0, "Shape_Length": 469.86958556129275 }, "geometry": { "type": "MultiLineString", "coordinates": [ [ [ 741021.563489532098174, 9650884.754774736240506 ], [ 741484.843135561328381, 9650883.787866866216063 ] ] ] } },
{ "type": "Feature", "properties": { "OBJECTID": 334, "HYRIV_ID": 60610016, "NEXT_DOWN": 60610330, "MAIN_RIV": 60443230, "LENGTH_KM": 5.1700000762939453, "DIST_DN_KM": 623.79998779296875, "DIST_UP_KM": 7.0, "CATCH_SKM": 14.789999961853027, "UPLAND_SKM": 14.800000190734863, "ENDORHEIC": 0, "DIS_AV_CMS": 0.35499998927116394, "ORD_STRA": 1, "ORD_CLAS": 7, "ORD_FLOW": 7, "HYBAS_L12": 6121071170.0, "Shape_Length": 5222.0883871640563 }, "geometry": { "type": "MultiLineString", "coordinates": [ [ [ 741493.932950115762651, 9655262.217617405578494 ], [ 741492.50529783219099, 9654570.886784331873059 ], [ 741028.259415589389391, 9654110.957484748214483 ], [ 741024.44069927057717, 9652267.413263194262981 ], [ 741486.766321945702657, 9651805.562760885804892 ], [ 741022.523841423448175, 9651345.640911867842078 ], [ 741484.843135561328381, 9650883.787866866216063 ] ] ] } },
{ "type": "Feature", "properties": { "OBJECTID": 335, "HYRIV_ID": 60610017, "NEXT_DOWN": 60608895, "MAIN_RIV": 60443230, "LENGTH_KM": 5.320000171661377, "DIST_DN_KM": 617.0, "DIST_UP_KM": 18.299999237060547, "CATCH_SKM": 14.359999656677246, "UPLAND_SKM": 93.400001525878906, "ENDORHEIC": 0, "DIS_AV_CMS": 2.2390000820159912, "ORD_STRA": 2, "ORD_CLAS": 5, "ORD_FLOW": 6, "HYBAS_L12": 6121071170.0, "Shape_Length": 5385.8895683496085 }, "geometry": { "type": "MultiLineString", "coordinates": [ [ [ 742411.40642939938698, 9650881.848454300314188 ], [ 744268.434001485584304, 9652721.527740763500333 ], [ 744731.73012060020119, 9652720.552927806973457 ], [ 745195.999298686394468, 9653180.473836172372103 ], [ 745658.326163004850969, 9652718.597801804542542 ], [ 746584.927506409701891, 9652716.635306045413017 ] ] ] } },
{ "type": "Feature", "properties": { "OBJECTID": 336, "HYRIV_ID": 60610018, "NEXT_DOWN": 60605780, "MAIN_RIV": 60443230, "LENGTH_KM": 8.7899999618530273, "DIST_DN_KM": 608.29998779296875, "DIST_UP_KM": 11.5, "CATCH_SKM": 31.510000228881836, "UPLAND_SKM": 31.5, "ENDORHEIC": 0, "DIS_AV_CMS": 0.74000000953674316, "ORD_STRA": 1, "ORD_CLAS": 5, "ORD_FLOW": 7, "HYBAS_L12": 6121071170.0, "Shape_Length": 8884.4714243014751 }, "geometry": { "type": "MultiLineString", "coordinates": [ [ [ 753993.380625406047329, 9650626.516398679465055 ], [ 753994.899377946043387, 9651317.900548003613949 ], [ 753532.591319793253206, 9651779.83771575242281 ], [ 753534.605351979844272, 9652701.680325102061033 ], [ 753072.287275664508343, 9653163.610172461718321 ], [ 753075.288692008471116, 9654546.36977100931108 ], [ 752612.957480664132163, 9655008.291031144559383 ], [ 753077.283042340539396, 9655468.209321141242981 ], [ 753078.278200928587466, 9655929.129141030833125 ], [ 753542.607786174630746, 9656389.0495401956141 ], [ 753543.602124097524211, 9656849.970517726615071 ], [ 753081.255603238008916, 9657311.88818982988596 ], [ 752617.917485936777666, 9657312.882917042821646 ], [ 752618.905490129371174, 9657773.801167393103242 ] ] ] } },
{ "type": "Feature", "properties": { "OBJECTID": 337, "HYRIV_ID": 60610019, "NEXT_DOWN": 60609189, "MAIN_RIV": 60443230, "LENGTH_KM": 2.559999942779541, "DIST_DN_KM": 610.0999755859375, "DIST_UP_KM": 5.9000000953674316, "CATCH_SKM": 9.0, "UPLAND_SKM": 9.0, "ENDORHEIC": 0, "DIS_AV_CMS": 0.20999999344348907, "ORD_STRA": 1, "ORD_CLAS": 7, "ORD_FLOW": 7, "HYBAS_L12": 6120278240.0, "Shape_Length": 2593.2155291651761 }, "geometry": { "type": "MultiLineString", "coordinates": [ [ [ 755614.990907894680277, 9650622.939344175159931 ], [ 756311.504492122912779, 9651312.79352555051446 ], [ 756312.524548412533477, 9651773.72299213334918 ], [ 756776.871974559035152, 9652233.628101171925664 ], [ 757240.202183298533782, 9652232.601973924785852 ] ] ] } },
{ "type": "Feature", "properties": { "OBJECTID": 338, "HYRIV_ID": 60610326, "NEXT_DOWN": 60608894, "MAIN_RIV": 60443230, "LENGTH_KM": 4.3299999237060547, "DIST_DN_KM": 648.0999755859375, "DIST_UP_KM": 6.1999998092651367, "CATCH_SKM": 14.359999656677246, "UPLAND_SKM": 14.399999618530273, "ENDORHEIC": 0, "DIS_AV_CMS": 0.35100001096725464, "ORD_STRA": 1, "ORD_CLAS": 7, "ORD_FLOW": 7, "HYBAS_L12": 6121071580.0, "Shape_Length": 4391.3962842309156 }, "geometry": { "type": "MultiLineString", "coordinates": [ [ [ 728743.739193412009627, 9650218.420085910707712 ], [ 728050.240756340674125, 9650911.073234366253018 ], [ 728051.149329244159162, 9651371.924794832244515 ], [ 727588.809301781817339, 9651833.68699318356812 ], [ 727125.56316081515979, 9651834.595681795850396 ], [ 726200.870784123195335, 9652758.100984847173095 ], [ 725737.624543781857938, 9652759.001750327646732 ] ] ] } },
{ "type": "Feature", "properties": { "OBJECTID": 339, "HYRIV_ID": 60610327, "NEXT_DOWN": 60610328, "MAIN_RIV": 60443230, "LENGTH_KM": 1.4500000476837158, "DIST_DN_KM": 627.9000244140625, "DIST_UP_KM": 3.4000000953674316, "CATCH_SKM": 6.6399998664855957, "UPLAND_SKM": 6.5999999046325684, "ENDORHEIC": 0, "DIS_AV_CMS": 0.15999999642372131, "ORD_STRA": 1, "ORD_CLAS": 7, "ORD_FLOW": 7, "HYBAS_L12": 6121071170.0, "Shape_Length": 1464.2046443415734 }, "geometry": { "type": "MultiLineString", "coordinates": [ [ [ 736620.940982496715151, 9651124.284766055643559 ], [ 737314.424622704973444, 9650431.546999653801322 ], [ 737777.692383635905571, 9650430.593640496954322 ] ] ] } },
{ "type": "Feature", "properties": { "OBJECTID": 340, "HYRIV_ID": 60610328, "NEXT_DOWN": 60610014, "MAIN_RIV": 60443230, "LENGTH_KM": 2.2300000190734863, "DIST_DN_KM": 625.9000244140625, "DIST_UP_KM": 5.5, "CATCH_SKM": 3.4300000667572021, "UPLAND_SKM": 16.299999237060547, "ENDORHEIC": 0, "DIS_AV_CMS": 0.39300000667572021, "ORD_STRA": 2, "ORD_CLAS": 6, "ORD_FLOW": 7, "HYBAS_L12": 6121071170.0, "Shape_Length": 2265.4570280267344 }, "geometry": { "type": "MultiLineString", "coordinates": [ [ [ 737777.692383635905571, 9650430.593640496954322 ], [ 738240.961349260178395, 9650429.638516962528229 ], [ 738705.183993406011723, 9650889.561448140069842 ], [ 739168.457328945398331, 9650888.603862151503563 ], [ 739632.686722692567855, 9651348.526754830032587 ] ] ] } },
{ "type": "Feature", "properties": { "OBJECTID": 341, "HYRIV_ID": 60610329, "NEXT_DOWN": 60610015, "MAIN_RIV": 60443230, "LENGTH_KM": 0.98000001907348633, "DIST_DN_KM": 624.29998779296875, "DIST_UP_KM": 3.5, "CATCH_SKM": 4.929999828338623, "UPLAND_SKM": 4.9000000953674316, "ENDORHEIC": 0, "DIS_AV_CMS": 0.11800000071525574, "ORD_STRA": 1, "ORD_CLAS": 7, "ORD_FLOW": 7, "HYBAS_L12": 6121071170.0, "Shape_Length": 994.18748852316139 }, "geometry": { "type": "MultiLineString", "coordinates": [ [ [ 740325.207489186548628, 9650194.875156754627824 ], [ 741021.563489532098174, 9650884.754774736240506 ] ] ] } },
{ "type": "Feature", "properties": { "OBJECTID": 342, "HYRIV_ID": 60610330, "NEXT_DOWN": 60610017, "MAIN_RIV": 60443230, "LENGTH_KM": 1.309999942779541, "DIST_DN_KM": 622.5, "DIST_UP_KM": 8.8999996185302734, "CATCH_SKM": 1.7200000286102295, "UPLAND_SKM": 52.700000762939453, "ENDORHEIC": 0, "DIS_AV_CMS": 1.2680000066757202, "ORD_STRA": 2, "ORD_CLAS": 6, "ORD_FLOW": 6, "HYBAS_L12": 6121071170.0, "Shape_Length": 1325.537854283438 }, "geometry": { "type": "MultiLineString", "coordinates": [ [ [ 741484.843135561328381, 9650883.787866866216063 ], [ 741947.158848159830086, 9650421.930320832878351 ], [ 742411.40642939938698, 9650881.848454300314188 ] ] ] } },
{ "type": "Feature", "properties": { "OBJECTID": 343, "HYRIV_ID": 60610596, "NEXT_DOWN": 60610880, "MAIN_RIV": 60443230, "LENGTH_KM": 4.5300002098083496, "DIST_DN_KM": 655.0999755859375, "DIST_UP_KM": 6.1999998092651367, "CATCH_SKM": 14.149999618530273, "UPLAND_SKM": 14.100000381469727, "ENDORHEIC": 0, "DIS_AV_CMS": 0.35100001096725464, "ORD_STRA": 1, "ORD_CLAS": 7, "ORD_FLOW": 7, "HYBAS_L12": 6121071580.0, "Shape_Length": 4582.7585949093682 }, "geometry": { "type": "MultiLineString", "coordinates": [ [ [ 720411.687660245341249, 9653460.475748937577009 ], [ 721105.227326028281823, 9652767.907795183360577 ], [ 721104.349930198630318, 9652307.074035463854671 ], [ 720640.241856280714273, 9651847.123015310615301 ], [ 720639.364005381707102, 9651386.290403179824352 ], [ 721564.054025313584134, 9650462.850646197795868 ], [ 721099.945690367138013, 9650002.904852170497179 ] ] ] } },
{ "type": "Feature", "properties": { "OBJECTID": 344, "HYRIV_ID": 60610597, "NEXT_DOWN": 60608894, "MAIN_RIV": 60443230, "LENGTH_KM": 3.7400000095367432, "DIST_DN_KM": 648.0999755859375, "DIST_UP_KM": 19.899999618530273, "CATCH_SKM": 11.140000343322754, "UPLAND_SKM": 153.69999694824219, "ENDORHEIC": 0, "DIS_AV_CMS": 3.7999999523162842, "ORD_STRA": 3, "ORD_CLAS": 6, "ORD_FLOW": 6, "HYBAS_L12": 6121071580.0, "Shape_Length": 3783.0775867510538 }, "geometry": { "type": "MultiLineString", "coordinates": [ [ [ 723416.074044602573849, 9649998.439773136749864 ], [ 725736.728743271087296, 9652298.156272549182177 ], [ 725737.624543781857938, 9652759.001750327646732 ] ] ] } },
{ "type": "Feature", "properties": { "OBJECTID": 345, "HYRIV_ID": 60610598, "NEXT_DOWN": 60610328, "MAIN_RIV": 60443230, "LENGTH_KM": 0.98000001907348633, "DIST_DN_KM": 628.0999755859375, "DIST_UP_KM": 3.2999999523162842, "CATCH_SKM": 6.2199997901916504, "UPLAND_SKM": 6.1999998092651367, "ENDORHEIC": 0, "DIS_AV_CMS": 0.15000000596046448, "ORD_STRA": 1, "ORD_CLAS": 6, "ORD_FLOW": 7, "HYBAS_L12": 6121071170.0, "Shape_Length": 994.27356539527432 }, "geometry": { "type": "MultiLineString", "coordinates": [ [ [ 737081.370057853637263, 9649740.709568686783314 ], [ 737777.692383635905571, 9650430.593640496954322 ] ] ] } },
{ "type": "Feature", "properties": { "OBJECTID": 346, "HYRIV_ID": 60610879, "NEXT_DOWN": 60610880, "MAIN_RIV": 60443230, "LENGTH_KM": 2.9700000286102295, "DIST_DN_KM": 655.0, "DIST_UP_KM": 13.100000381469727, "CATCH_SKM": 7.070000171661377, "UPLAND_SKM": 59.200000762939453, "ENDORHEIC": 0, "DIS_AV_CMS": 1.4759999513626099, "ORD_STRA": 2, "ORD_CLAS": 6, "ORD_FLOW": 6, "HYBAS_L12": 6121071580.0, "Shape_Length": 3013.8903869106543 }, "geometry": { "type": "MultiLineString", "coordinates": [ [ [ 718319.756940132472664, 9649547.374337766319513 ], [ 719709.40390206372831, 9649544.730986993759871 ], [ 720173.502531275269575, 9650004.677777728065848 ], [ 721099.945690367138013, 9650002.904852170497179 ] ] ] } },
{ "type": "Feature", "properties": { "OBJECTID": 347, "HYRIV_ID": 60610880, "NEXT_DOWN": 60610597, "MAIN_RIV": 60443230, "LENGTH_KM": 3.0799999237060547, "DIST_DN_KM": 652.0999755859375, "DIST_UP_KM": 16.0, "CATCH_SKM": 6.6399998664855957, "UPLAND_SKM": 79.900001525878906, "ENDORHEIC": 0, "DIS_AV_CMS": 1.9910000562667847, "ORD_STRA": 2, "ORD_CLAS": 6, "ORD_FLOW": 6, "HYBAS_L12": 6121071580.0, "Shape_Length": 3122.6142461796417 }, "geometry": { "type": "MultiLineString", "coordinates": [ [ [ 721099.945690367138013, 9650002.904852170497179 ], [ 721562.28278558596503, 9649541.180447915568948 ], [ 722026.393485920038074, 9650001.124396145343781 ], [ 722488.729280139552429, 9649539.393931433558464 ], [ 722951.954241118161008, 9649538.497886249795556 ], [ 723416.074044602573849, 9649998.439773136749864 ] ] ] } },
{ "type": "Feature", "properties": { "OBJECTID": 348, "HYRIV_ID": 60611175, "NEXT_DOWN": 60610879, "MAIN_RIV": 60443230, "LENGTH_KM": 2.8900001049041748, "DIST_DN_KM": 657.9000244140625, "DIST_UP_KM": 10.100000381469727, "CATCH_SKM": 10.069999694824219, "UPLAND_SKM": 46.299999237060547, "ENDORHEIC": 0, "DIS_AV_CMS": 1.156000018119812, "ORD_STRA": 2, "ORD_CLAS": 6, "ORD_FLOW": 6, "HYBAS_L12": 6121071580.0, "Shape_Length": 2930.0150982442287 }, "geometry": { "type": "MultiLineString", "coordinates": [ [ [ 716002.836745267501101, 9649090.921273034065962 ], [ 716466.910533035174012, 9649550.872675251215696 ], [ 716929.251592852175236, 9649089.177283665165305 ], [ 717393.331415631808341, 9649549.127220291644335 ], [ 718319.756940132472664, 9649547.374337766319513 ] ] ] } },
{ "type": "Feature", "properties": { "OBJECTID": 349, "HYRIV_ID": 60611487, "NEXT_DOWN": 60611175, "MAIN_RIV": 60443230, "LENGTH_KM": 3.119999885559082, "DIST_DN_KM": 660.79998779296875, "DIST_UP_KM": 6.0, "CATCH_SKM": 13.289999961853027, "UPLAND_SKM": 13.300000190734863, "ENDORHEIC": 0, "DIS_AV_CMS": 0.33300000429153442, "ORD_STRA": 1, "ORD_CLAS": 7, "ORD_FLOW": 7, "HYBAS_L12": 6121071580.0, "Shape_Length": 3165.2972020433672 }, "geometry": { "type": "MultiLineString", "coordinates": [ [ [ 713454.363356902846135, 9648634.863444544374943 ], [ 714149.16188684978988, 9648633.5699204467237 ], [ 714613.22300619026646, 9649093.523188728839159 ], [ 715075.5639325826196, 9648631.838628575205803 ], [ 715539.630988151533529, 9649091.790434686467052 ], [ 716002.836745267501101, 9649090.921273034065962 ] ] ] } },
{ "type": "Feature", "properties": { "OBJECTID": 350, "HYRIV_ID": 60611488, "NEXT_DOWN": 60610879, "MAIN_RIV": 60443230, "LENGTH_KM": 1.1599999666213989, "DIST_DN_KM": 657.9000244140625, "DIST_UP_KM": 3.5999999046325684, "CATCH_SKM": 5.7899999618530273, "UPLAND_SKM": 5.8000001907348633, "ENDORHEIC": 0, "DIS_AV_CMS": 0.14399999380111694, "ORD_STRA": 1, "ORD_CLAS": 7, "ORD_FLOW": 7, "HYBAS_L12": 6121071580.0, "Shape_Length": 1169.3463504770541 }, "geometry": { "type": "MultiLineString", "coordinates": [ [ [ 718317.568945811595768, 9648395.306644117459655 ], [ 718319.756940132472664, 9649547.374337766319513 ] ] ] } },
{ "type": "Feature", "properties": { "OBJECTID": 351, "HYRIV_ID": 60611777, "NEXT_DOWN": 60607998, "MAIN_RIV": 60443230, "LENGTH_KM": 7.25, "DIST_DN_KM": 602.5, "DIST_UP_KM": 14.899999618530273, "CATCH_SKM": 28.719999313354492, "UPLAND_SKM": 66.0, "ENDORHEIC": 0, "DIS_AV_CMS": 1.5210000276565552, "ORD_STRA": 2, "ORD_CLAS": 6, "ORD_FLOW": 6, "HYBAS_L12": 6120278240.0, "Shape_Length": 7323.5859944072181 }, "geometry": { "type": "MultiLineString", "coordinates": [ [ [ 763717.484162497101352, 9648069.478687154129148 ], [ 763718.543455703416839, 9648530.430188287049532 ], [ 764182.939330296590924, 9648990.31809239462018 ], [ 763720.658019568771124, 9649452.333280505612493 ], [ 763721.713189198053442, 9649913.284675678238273 ], [ 763259.424972057808191, 9650375.293820096179843 ], [ 762796.08431860874407, 9650376.349601486697793 ], [ 762797.132961799856275, 9650837.298181466758251 ], [ 763261.524661930045113, 9651297.193789193406701 ], [ 763267.790638844715431, 9654062.893065329641104 ] ] ] } },
{ "type": "Feature", "properties": { "OBJECTID": 352, "HYRIV_ID": 60611778, "NEXT_DOWN": 60611779, "MAIN_RIV": 60443230, "LENGTH_KM": 1.3500000238418579, "DIST_DN_KM": 612.9000244140625, "DIST_UP_KM": 3.4000000953674316, "CATCH_SKM": 9.2200002670288086, "UPLAND_SKM": 9.1999998092651367, "ENDORHEIC": 0, "DIS_AV_CMS": 0.210999995470047, "ORD_STRA": 1, "ORD_CLAS": 7, "ORD_FLOW": 7, "HYBAS_L12": 6120278330.0, "Shape_Length": 1366.5684111041951 }, "geometry": { "type": "MultiLineString", "coordinates": [ [ [ 767656.944275714922696, 9648521.317417673766613 ], [ 768351.966791823739186, 9648519.695274159312248 ], [ 768814.237064121989533, 9648057.644504860043526 ] ] ] } },
{ "type": "Feature", "properties": { "OBJECTID": 353, "HYRIV_ID": 60611779, "NEXT_DOWN": 60611780, "MAIN_RIV": 60443230, "LENGTH_KM": 0.93000000715255737, "DIST_DN_KM": 611.79998779296875, "DIST_UP_KM": 5.6999998092651367, "CATCH_SKM": 1.7200000286102295, "UPLAND_SKM": 19.100000381469727, "ENDORHEIC": 0, "DIS_AV_CMS": 0.43599998950958252, "ORD_STRA": 2, "ORD_CLAS": 6, "ORD_FLOW": 7, "HYBAS_L12": 6120278330.0, "Shape_Length": 939.0067760053081 }, "geometry": { "type": "MultiLineString", "coordinates": [ [ [ 768814.237064121989533, 9648057.644504860043526 ], [ 769740.937819947255775, 9648055.468439981341362 ] ] ] } },
{ "type": "Feature", "properties": { "OBJECTID": 354, "HYRIV_ID": 60611780, "NEXT_DOWN": 60609191, "MAIN_RIV": 60443230, "LENGTH_KM": 5.130000114440918, "DIST_DN_KM": 606.9000244140625, "DIST_UP_KM": 12.100000381469727, "CATCH_SKM": 12.640000343322754, "UPLAND_SKM": 55.099998474121094, "ENDORHEIC": 0, "DIS_AV_CMS": 1.2519999742507935, "ORD_STRA": 2, "ORD_CLAS": 5, "ORD_FLOW": 6, "HYBAS_L12": 6120278330.0, "Shape_Length": 5179.5568851398721 }, "geometry": { "type": "MultiLineString", "coordinates": [ [ [ 769740.937819947255775, 9648055.468439981341362 ], [ 769743.103562907665037, 9648977.40805204026401 ], [ 771136.431411215104163, 9650357.060518143698573 ], [ 771137.513482457492501, 9650818.034483574330807 ], [ 771601.963970809709281, 9651277.921859499067068 ], [ 771603.044941743602976, 9651738.897180953994393 ], [ 772067.499571939581074, 9652198.78704228810966 ] ] ] } },
{ "type": "Feature", "properties": { "OBJECTID": 355, "HYRIV_ID": 60612048, "NEXT_DOWN": 60610597, "MAIN_RIV": 60443230, "LENGTH_KM": 2.5099999904632568, "DIST_DN_KM": 651.9000244140625, "DIST_UP_KM": 12.800000190734863, "CATCH_SKM": 3.6400001049041748, "UPLAND_SKM": 62.599998474121094, "ENDORHEIC": 0, "DIS_AV_CMS": 1.5390000343322754, "ORD_STRA": 2, "ORD_CLAS": 7, "ORD_FLOW": 6, "HYBAS_L12": 6121071580.0, "Shape_Length": 2533.7740050819798 }, "geometry": { "type": "MultiLineString", "coordinates": [ [ [ 723874.814148425124586, 9647693.33594960719347 ], [ 723876.613329552696086, 9648615.018158802762628 ], [ 723414.285619254107587, 9649076.760178551077843 ], [ 723416.074044602573849, 9649998.439773136749864 ] ] ] } },
{ "type": "Feature", "properties": { "OBJECTID": 356, "HYRIV_ID": 60612049, "NEXT_DOWN": 60608895, "MAIN_RIV": 60443230, "LENGTH_KM": 5.6700000762939453, "DIST_DN_KM": 617.20001220703125, "DIST_UP_KM": 118.19999694824219, "CATCH_SKM": 21.219999313354492, "UPLAND_SKM": 3171.10009765625, "ENDORHEIC": 0, "DIS_AV_CMS": 78.28900146484375, "ORD_STRA": 5, "ORD_CLAS": 4, "ORD_FLOW": 5, "HYBAS_L12": 6121071170.0, "Shape_Length": 5727.134762953563 }, "geometry": { "type": "MultiLineString", "coordinates": [ [ [ 746110.809921970125288, 9647647.713262004777789 ], [ 746112.788205514429137, 9648569.514313321560621 ], [ 745650.490142419468611, 9649031.405494675040245 ], [ 745651.474149100133218, 9649492.304592967033386 ], [ 746115.745825886609964, 9649952.215593310073018 ], [ 746120.649343171739019, 9652256.717170482501388 ], [ 746584.927506409701891, 9652716.635306045413017 ] ] ] } },
{ "type": "Feature", "properties": { "OBJECTID": 357, "HYRIV_ID": 60612328, "NEXT_DOWN": 60611777, "MAIN_RIV": 60443230, "LENGTH_KM": 2.2300000190734863, "DIST_DN_KM": 610.0, "DIST_UP_KM": 7.4000000953674316, "CATCH_SKM": 4.070000171661377, "UPLAND_SKM": 25.299999237060547, "ENDORHEIC": 0, "DIS_AV_CMS": 0.58499997854232788, "ORD_STRA": 2, "ORD_CLAS": 6, "ORD_FLOW": 7, "HYBAS_L12": 6120278240.0, "Shape_Length": 2263.9344841904167 }, "geometry": { "type": "MultiLineString", "coordinates": [ [ [ 761862.053636520868167, 9647151.833627689629793 ], [ 762325.378501511644572, 9647150.771896569058299 ], [ 762789.763091229600832, 9647610.657089676707983 ], [ 763253.092514774878509, 9647609.593072932213545 ], [ 763717.484162497101352, 9648069.478687154129148 ] ] ] } },
{ "type": "Feature", "properties": { "OBJECTID": 358, "HYRIV_ID": 60612615, "NEXT_DOWN": 60612048, "MAIN_RIV": 60443230, "LENGTH_KM": 3.9500000476837158, "DIST_DN_KM": 654.4000244140625, "DIST_UP_KM": 7.4000000953674316, "CATCH_SKM": 20.360000610351562, "UPLAND_SKM": 20.399999618530273, "ENDORHEIC": 0, "DIS_AV_CMS": 0.49799999594688416, "ORD_STRA": 1, "ORD_CLAS": 8, "ORD_FLOW": 7, "HYBAS_L12": 6121071580.0, "Shape_Length": 4007.9151170777354 }, "geometry": { "type": "MultiLineString", "coordinates": [ [ [ 727346.710811975644901, 9646534.367229085415602 ], [ 726653.246010510483757, 9647227.021314369514585 ], [ 726190.020887496881187, 9647227.938277900218964 ], [ 725727.705682951491326, 9647689.699286511167884 ], [ 723874.814148425124586, 9647693.33594960719347 ] ] ] } },
{ "type": "Feature", "properties": { "OBJECTID": 359, "HYRIV_ID": 60612616, "NEXT_DOWN": 60610017, "MAIN_RIV": 60443230, "LENGTH_KM": 9.369999885559082, "DIST_DN_KM": 622.5, "DIST_UP_KM": 12.800000190734863, "CATCH_SKM": 26.360000610351562, "UPLAND_SKM": 26.399999618530273, "ENDORHEIC": 0, "DIS_AV_CMS": 0.63099998235702515, "ORD_STRA": 1, "ORD_CLAS": 5, "ORD_FLOW": 7, "HYBAS_L12": 6121071170.0, "Shape_Length": 9479.1166658287984 }, "geometry": { "type": "MultiLineString", "coordinates": [ [ [ 738466.86131024826318, 9647663.883914453908801 ], [ 739161.751385976560414, 9647662.434904124587774 ], [ 740086.341072365175933, 9646738.728586349636316 ], [ 740550.571365536656231, 9647198.639172764495015 ], [ 741013.83489169110544, 9647197.664016138762236 ], [ 741476.126154897385277, 9646735.799126951023936 ], [ 741939.390317522222176, 9646734.818881476297975 ], [ 743332.130312590161338, 9648114.545398967340589 ], [ 743333.107586790109053, 9648575.438196934759617 ], [ 742870.806224845000543, 9649037.310410464182496 ], [ 742873.72101154003758, 9650419.984551139175892 ], [ 742411.40642939938698, 9650881.848454300314188 ] ] ] } },
{ "type": "Feature", "properties": { "OBJECTID": 360, "HYRIV_ID": 60612617, "NEXT_DOWN": 60611779, "MAIN_RIV": 60443230, "LENGTH_KM": 1.9099999666213989, "DIST_DN_KM": 612.70001220703125, "DIST_UP_KM": 4.6999998092651367, "CATCH_SKM": 8.1400003433227539, "UPLAND_SKM": 8.1000003814697266, "ENDORHEIC": 0, "DIS_AV_CMS": 0.18600000441074371, "ORD_STRA": 1, "ORD_CLAS": 6, "ORD_FLOW": 7, "HYBAS_L12": 6120278330.0, "Shape_Length": 1927.6172426121952 }, "geometry": { "type": "MultiLineString", "coordinates": [ [ [ 768115.434309719828889, 9646445.894302325323224 ], [ 768812.073060315568, 9647135.710404604673386 ], [ 768814.237064121989533, 9648057.644504860043526 ] ] ] } },
{ "type": "Feature", "properties": { "OBJECTID": 361, "HYRIV_ID": 60612618, "NEXT_DOWN": 60611780, "MAIN_RIV": 60443230, "LENGTH_KM": 4.0500001907348633, "DIST_DN_KM": 612.0, "DIST_UP_KM": 7.0, "CATCH_SKM": 23.360000610351562, "UPLAND_SKM": 23.399999618530273, "ENDORHEIC": 0, "DIS_AV_CMS": 0.52899998426437378, "ORD_STRA": 1, "ORD_CLAS": 5, "ORD_FLOW": 7, "HYBAS_L12": 6120278330.0, "Shape_Length": 4099.3280613349598 }, "geometry": { "type": "MultiLineString", "coordinates": [ [ [ 773212.815369884250686, 9646664.299455359578133 ], [ 772517.781458508572541, 9646665.959719523787498 ], [ 772055.524596161907539, 9647128.041355783119798 ], [ 771592.170122192008421, 9647129.142595697194338 ], [ 771129.909077781136148, 9647591.216128377243876 ], [ 770203.203429385786876, 9647593.406239537522197 ], [ 769740.937819947255775, 9648055.468439981341362 ] ] ] } },
{ "type": "Feature", "properties": { "OBJECTID": 362, "HYRIV_ID": 60612887, "NEXT_DOWN": 60612328, "MAIN_RIV": 60443230, "LENGTH_KM": 3.2200000286102295, "DIST_DN_KM": 612.0, "DIST_UP_KM": 5.4000000953674316, "CATCH_SKM": 14.140000343322754, "UPLAND_SKM": 14.100000381469727, "ENDORHEIC": 0, "DIS_AV_CMS": 0.32800000905990601, "ORD_STRA": 1, "ORD_CLAS": 6, "ORD_FLOW": 7, "HYBAS_L12": 6120278240.0, "Shape_Length": 3257.6965030825281 }, "geometry": { "type": "MultiLineString", "coordinates": [ [ [ 759313.26916868891567, 9646927.170121021568775 ], [ 760006.669760389602743, 9646234.180326148867607 ], [ 760469.985314628109336, 9646233.123461803421378 ], [ 761398.730163106461987, 9647152.893389705568552 ], [ 761862.053636520868167, 9647151.833627689629793 ] ] ] } },
{ "type": "Feature", "properties": { "OBJECTID": 363, "HYRIV_ID": 60612888, "NEXT_DOWN": 60612328, "MAIN_RIV": 60443230, "LENGTH_KM": 1.4500000476837158, "DIST_DN_KM": 612.0, "DIST_UP_KM": 4.0, "CATCH_SKM": 7.070000171661377, "UPLAND_SKM": 7.0999999046325684, "ENDORHEIC": 0, "DIS_AV_CMS": 0.16300000250339508, "ORD_STRA": 1, "ORD_CLAS": 7, "ORD_FLOW": 7, "HYBAS_L12": 6120278240.0, "Shape_Length": 1460.7719713676522 }, "geometry": { "type": "MultiLineString", "coordinates": [ [ [ 762554.391748221591115, 9645997.869840605184436 ], [ 761860.997604538453743, 9646690.887443706393242 ], [ 761862.053636520868167, 9647151.833627689629793 ] ] ] } },
{ "type": "Feature", "properties": { "OBJECTID": 364, "HYRIV_ID": 60613186, "NEXT_DOWN": 60611175, "MAIN_RIV": 60443230, "LENGTH_KM": 3.440000057220459, "DIST_DN_KM": 660.79998779296875, "DIST_UP_KM": 7.3000001907348633, "CATCH_SKM": 9.4300003051757812, "UPLAND_SKM": 22.899999618530273, "ENDORHEIC": 0, "DIS_AV_CMS": 0.57200002670288086, "ORD_STRA": 2, "ORD_CLAS": 6, "ORD_FLOW": 7, "HYBAS_L12": 6121071580.0, "Shape_Length": 3469.8687474686276 }, "geometry": { "type": "MultiLineString", "coordinates": [ [ [ 715533.556788062211126, 9645866.048225285485387 ], [ 715536.166871511610225, 9647248.509403275325894 ], [ 716000.234703640453517, 9647708.457151029258966 ], [ 716002.836745267501101, 9649090.921273034065962 ] ] ] } },
{ "type": "Feature", "properties": { "OBJECTID": 365, "HYRIV_ID": 60613187, "NEXT_DOWN": 60613186, "MAIN_RIV": 60443230, "LENGTH_KM": 1.1599999666213989, "DIST_DN_KM": 664.29998779296875, "DIST_UP_KM": 3.2000000476837158, "CATCH_SKM": 6.429999828338623, "UPLAND_SKM": 6.4000000953674316, "ENDORHEIC": 0, "DIS_AV_CMS": 0.15999999642372131, "ORD_STRA": 1, "ORD_CLAS": 7, "ORD_FLOW": 7, "HYBAS_L12": 6121071580.0, "Shape_Length": 1175.4362777545266 }, "geometry": { "type": "MultiLineString", "coordinates": [ [ [ 716691.540569712407887, 9645863.851859416812658 ], [ 715533.556788062211126, 9645866.048225285485387 ] ] ] } },
{ "type": "Feature", "properties": { "OBJECTID": 366, "HYRIV_ID": 60613188, "NEXT_DOWN": 60613189, "MAIN_RIV": 60443230, "LENGTH_KM": 2.0799999237060547, "DIST_DN_KM": 656.20001220703125, "DIST_UP_KM": 4.6999998092651367, "CATCH_SKM": 8.3599996566772461, "UPLAND_SKM": 8.3999996185302734, "ENDORHEIC": 0, "DIS_AV_CMS": 0.2070000022649765, "ORD_STRA": 1, "ORD_CLAS": 8, "ORD_FLOW": 7, "HYBAS_L12": 6121071580.0, "Shape_Length": 2115.389530234771 }, "geometry": { "type": "MultiLineString", "coordinates": [ [ [ 721786.754939768929034, 9645854.04777006059885 ], [ 723871.201616669772193, 9645849.971178418025374 ] ] ] } },
{ "type": "Feature", "properties": { "OBJECTID": 367, "HYRIV_ID": 60613189, "NEXT_DOWN": 60612048, "MAIN_RIV": 60443230, "LENGTH_KM": 1.8500000238418579, "DIST_DN_KM": 654.4000244140625, "DIST_UP_KM": 10.300000190734863, "CATCH_SKM": 4.070000171661377, "UPLAND_SKM": 38.599998474121094, "ENDORHEIC": 0, "DIS_AV_CMS": 0.95200002193450928, "ORD_STRA": 2, "ORD_CLAS": 7, "ORD_FLOW": 7, "HYBAS_L12": 6121071580.0, "Shape_Length": 1870.6644255054644 }, "geometry": { "type": "MultiLineString", "coordinates": [ [ [ 723871.201616669772193, 9645849.971178418025374 ], [ 723874.814148425124586, 9647693.33594960719347 ] ] ] } },
{ "type": "Feature", "properties": { "OBJECTID": 368, "HYRIV_ID": 60613190, "NEXT_DOWN": 60608606, "MAIN_RIV": 60443230, "LENGTH_KM": 8.9799995422363281, "DIST_DN_KM": 654.5999755859375, "DIST_UP_KM": 12.100000381469727, "CATCH_SKM": 37.290000915527344, "UPLAND_SKM": 37.299999237060547, "ENDORHEIC": 0, "DIS_AV_CMS": 0.90299999713897705, "ORD_STRA": 1, "ORD_CLAS": 7, "ORD_FLOW": 7, "HYBAS_L12": 6121071580.0, "Shape_Length": 9082.4054032287531 }, "geometry": { "type": "MultiLineString", "coordinates": [ [ [ 733598.467755163670518, 9645600.0088852904737 ], [ 733603.649491204996593, 9648134.774612529203296 ], [ 730829.728336142958142, 9650905.556322623044252 ], [ 730833.399793770862743, 9652748.991559339687228 ], [ 731297.576005482696928, 9653208.930322766304016 ] ] ] } },
{ "type": "Feature", "properties": { "OBJECTID": 369, "HYRIV_ID": 60613481, "NEXT_DOWN": 60613189, "MAIN_RIV": 60443230, "LENGTH_KM": 0.46000000834465027, "DIST_DN_KM": 656.20001220703125, "DIST_UP_KM": 8.3999996185302734, "CATCH_SKM": 0.63999998569488525, "UPLAND_SKM": 26.100000381469727, "ENDORHEIC": 0, "DIS_AV_CMS": 0.64499998092651367, "ORD_STRA": 2, "ORD_CLAS": 7, "ORD_FLOW": 7, "HYBAS_L12": 6121071580.0, "Shape_Length": 467.66605304741006 }, "geometry": { "type": "MultiLineString", "coordinates": [ [ [ 723870.295519514358602, 9645389.129903206601739 ], [ 723871.201616669772193, 9645849.971178418025374 ] ] ] } },
{ "type": "Feature", "properties": { "OBJECTID": 370, "HYRIV_ID": 60613482, "NEXT_DOWN": 60613481, "MAIN_RIV": 60443230, "LENGTH_KM": 0.68999999761581421, "DIST_DN_KM": 656.70001220703125, "DIST_UP_KM": 4.0999999046325684, "CATCH_SKM": 4.929999828338623, "UPLAND_SKM": 4.9000000953674316, "ENDORHEIC": 0, "DIS_AV_CMS": 0.12099999934434891, "ORD_STRA": 1, "ORD_CLAS": 8, "ORD_FLOW": 7, "HYBAS_L12": 6121071580.0, "Shape_Length": 705.09967722226065 }, "geometry": { "type": "MultiLineString", "coordinates": [ [ [ 724565.113556709839031, 9645387.760827481746674 ], [ 723870.295519514358602, 9645389.129903206601739 ] ] ] } },
{ "type": "Feature", "properties": { "OBJECTID": 371, "HYRIV_ID": 60613483, "NEXT_DOWN": 60614605, "MAIN_RIV": 60443230, "LENGTH_KM": 1.1599999666213989, "DIST_DN_KM": 632.5, "DIST_UP_KM": 3.5999999046325684, "CATCH_SKM": 8.1400003433227539, "UPLAND_SKM": 8.1000003814697266, "ENDORHEIC": 0, "DIS_AV_CMS": 0.19099999964237213, "ORD_STRA": 1, "ORD_CLAS": 7, "ORD_FLOW": 7, "HYBAS_L12": 6120281610.0, "Shape_Length": 1168.2608843788605 }, "geometry": { "type": "MultiLineString", "coordinates": [ [ [ 752131.023429703083821, 9646482.318478541448712 ], [ 752128.47424584813416, 9645330.024138560518622 ] ] ] } },
{ "type": "Feature", "properties": { "OBJECTID": 372, "HYRIV_ID": 60613484, "NEXT_DOWN": 60614605, "MAIN_RIV": 60443230, "LENGTH_KM": 1.1599999666213989, "DIST_DN_KM": 632.5, "DIST_UP_KM": 4.0, "CATCH_SKM": 6.0, "UPLAND_SKM": 6.0, "ENDORHEIC": 0, "DIS_AV_CMS": 0.14000000059604645, "ORD_STRA": 1, "ORD_CLAS": 6, "ORD_FLOW": 7, "HYBAS_L12": 6120281610.0, "Shape_Length": 1174.2501753972276 }, "geometry": { "type": "MultiLineString", "coordinates": [ [ [ 753286.698472933727317, 9645327.451780078932643 ], [ 752128.47424584813416, 9645330.024138560518622 ] ] ] } },
{ "type": "Feature", "properties": { "OBJECTID": 373, "HYRIV_ID": 60613485, "NEXT_DOWN": 60611777, "MAIN_RIV": 60443230, "LENGTH_KM": 3.2000000476837158, "DIST_DN_KM": 610.0, "DIST_UP_KM": 4.5999999046325684, "CATCH_SKM": 12.0, "UPLAND_SKM": 12.0, "ENDORHEIC": 0, "DIS_AV_CMS": 0.27599999308586121, "ORD_STRA": 1, "ORD_CLAS": 7, "ORD_FLOW": 7, "HYBAS_L12": 6120278240.0, "Shape_Length": 3231.7094104474008 }, "geometry": { "type": "MultiLineString", "coordinates": [ [ [ 764173.886562577215955, 9645072.217283150181174 ], [ 764179.755635428358801, 9647607.459228027611971 ], [ 763717.484162497101352, 9648069.478687154129148 ] ] ] } },
{ "type": "Feature", "properties": { "OBJECTID": 374, "HYRIV_ID": 60613786, "NEXT_DOWN": 60613186, "MAIN_RIV": 60443230, "LENGTH_KM": 1.1599999666213989, "DIST_DN_KM": 664.29998779296875, "DIST_UP_KM": 3.7999999523162842, "CATCH_SKM": 7.070000171661377, "UPLAND_SKM": 7.0999999046325684, "ENDORHEIC": 0, "DIS_AV_CMS": 0.17700000107288361, "ORD_STRA": 1, "ORD_CLAS": 6, "ORD_FLOW": 7, "HYBAS_L12": 6121071580.0, "Shape_Length": 1169.4365306500563 }, "geometry": { "type": "MultiLineString", "coordinates": [ [ [ 715531.373967095976695, 9644713.997131556272507 ], [ 715533.556788062211126, 9645866.048225285485387 ] ] ] } },
{ "type": "Feature", "properties": { "OBJECTID": 375, "HYRIV_ID": 60614089, "NEXT_DOWN": 60612049, "MAIN_RIV": 60443230, "LENGTH_KM": 4.929999828338623, "DIST_DN_KM": 622.9000244140625, "DIST_UP_KM": 22.5, "CATCH_SKM": 15.649999618530273, "UPLAND_SKM": 188.39999389648438, "ENDORHEIC": 0, "DIS_AV_CMS": 4.3969998359680176, "ORD_STRA": 3, "ORD_CLAS": 5, "ORD_FLOW": 6, "HYBAS_L12": 6120281610.0, "Shape_Length": 4992.2640067762331 }, "geometry": { "type": "MultiLineString", "coordinates": [ [ [ 748883.471606057253666, 9644415.346775794401765 ], [ 748421.20546765672043, 9644877.269125364720821 ], [ 747957.930585995083675, 9644878.28091761469841 ], [ 747495.66019641503226, 9645340.195449832826853 ], [ 747496.662045135395601, 9645801.100047826766968 ], [ 747033.386027292115614, 9645802.105488685891032 ], [ 746571.108177285292186, 9646264.011032581329346 ], [ 746573.097877253894694, 9647185.81484960578382 ], [ 746110.809921970125288, 9647647.713262004777789 ] ] ] } },
{ "type": "Feature", "properties": { "OBJECTID": 376, "HYRIV_ID": 60614604, "NEXT_DOWN": 60614089, "MAIN_RIV": 60443230, "LENGTH_KM": 2.2300000190734863, "DIST_DN_KM": 627.79998779296875, "DIST_UP_KM": 17.600000381469727, "CATCH_SKM": 2.7899999618530273, "UPLAND_SKM": 113.80000305175781, "ENDORHEIC": 0, "DIS_AV_CMS": 2.6470000743865967, "ORD_STRA": 3, "ORD_CLAS": 5, "ORD_FLOW": 6, "HYBAS_L12": 6120281610.0, "Shape_Length": 2264.6760718293322 }, "geometry": { "type": "MultiLineString", "coordinates": [ [ [ 750734.542778452159837, 9643489.439876787364483 ], [ 750271.266913896193728, 9643490.465172313153744 ], [ 749809.009003716055304, 9643952.399728946387768 ], [ 749345.73386595165357, 9643953.419935125857592 ], [ 748883.471606057253666, 9644415.346775794401765 ] ] ] } },
{ "type": "Feature", "properties": { "OBJECTID": 377, "HYRIV_ID": 60614605, "NEXT_DOWN": 60614604, "MAIN_RIV": 60443230, "LENGTH_KM": 2.7000000476837158, "DIST_DN_KM": 629.79998779296875, "DIST_UP_KM": 6.6999998092651367, "CATCH_SKM": 3.8599998950958252, "UPLAND_SKM": 18.0, "ENDORHEIC": 0, "DIS_AV_CMS": 0.42199999094009399, "ORD_STRA": 2, "ORD_CLAS": 6, "ORD_FLOW": 7, "HYBAS_L12": 6120281610.0, "Shape_Length": 2729.523592140577 }, "geometry": { "type": "MultiLineString", "coordinates": [ [ [ 752128.47424584813416, 9645330.024138560518622 ], [ 751665.186828436213546, 9645331.049796134233475 ], [ 750736.582118535879999, 9644411.267657732591033 ], [ 750734.542778452159837, 9643489.439876787364483 ] ] ] } },
{ "type": "Feature", "properties": { "OBJECTID": 378, "HYRIV_ID": 60614606, "NEXT_DOWN": 60614604, "MAIN_RIV": 60443230, "LENGTH_KM": 1.8500000238418579, "DIST_DN_KM": 629.79998779296875, "DIST_UP_KM": 15.5, "CATCH_SKM": 3.4300000667572021, "UPLAND_SKM": 93.0, "ENDORHEIC": 0, "DIS_AV_CMS": 2.1610000133514404, "ORD_STRA": 2, "ORD_CLAS": 5, "ORD_FLOW": 6, "HYBAS_L12": 6120281610.0, "Shape_Length": 1878.8218328228299 }, "geometry": { "type": "MultiLineString", "coordinates": [ [ [ 752587.659395599970594, 9643485.319939155131578 ], [ 750734.542778452159837, 9643489.439876787364483 ] ] ] } },
{ "type": "Feature", "properties": { "OBJECTID": 379, "HYRIV_ID": 60614876, "NEXT_DOWN": 60613481, "MAIN_RIV": 60443230, "LENGTH_KM": 5.179999828338623, "DIST_DN_KM": 656.70001220703125, "DIST_UP_KM": 7.9000000953674316, "CATCH_SKM": 20.569999694824219, "UPLAND_SKM": 20.600000381469727, "ENDORHEIC": 0, "DIS_AV_CMS": 0.50900000333786011, "ORD_STRA": 1, "ORD_CLAS": 7, "ORD_FLOW": 7, "HYBAS_L12": 6121071580.0, "Shape_Length": 5247.9661179170998 }, "geometry": { "type": "MultiLineString", "coordinates": [ [ [ 720391.318417742149904, 9642861.332431001588702 ], [ 721087.459047968848608, 9643551.22656737267971 ], [ 721550.656136191915721, 9643550.320973670110106 ], [ 722942.972090105060488, 9644930.10988724604249 ], [ 723405.27302396344021, 9644468.360046293586493 ], [ 723869.388266527443193, 9644928.28861409984529 ], [ 723870.295519514358602, 9645389.129903206601739 ] ] ] } },
{ "type": "Feature", "properties": { "OBJECTID": 380, "HYRIV_ID": 60614877, "NEXT_DOWN": 60614089, "MAIN_RIV": 60443230, "LENGTH_KM": 1.5800000429153442, "DIST_DN_KM": 627.79998779296875, "DIST_UP_KM": 14.0, "CATCH_SKM": 3.0, "UPLAND_SKM": 58.900001525878906, "ENDORHEIC": 0, "DIS_AV_CMS": 1.3849999904632568, "ORD_STRA": 2, "ORD_CLAS": 6, "ORD_FLOW": 6, "HYBAS_L12": 6120281610.0, "Shape_Length": 1597.3306823795428 }, "geometry": { "type": "MultiLineString", "coordinates": [ [ [ 748417.164698376669548, 9643033.639751464128494 ], [ 748419.187675168272108, 9643955.454454060643911 ], [ 748883.471606057253666, 9644415.346775794401765 ] ] ] } },
{ "type": "Feature", "properties": { "OBJECTID": 381, "HYRIV_ID": 60614878, "NEXT_DOWN": 60614606, "MAIN_RIV": 60443230, "LENGTH_KM": 8.2100000381469727, "DIST_DN_KM": 631.70001220703125, "DIST_UP_KM": 11.100000381469727, "CATCH_SKM": 33.430000305175781, "UPLAND_SKM": 33.400001525878906, "ENDORHEIC": 0, "DIS_AV_CMS": 0.77600002288818359, "ORD_STRA": 1, "ORD_CLAS": 6, "ORD_FLOW": 7, "HYBAS_L12": 6120281610.0, "Shape_Length": 8327.6541296109026 }, "geometry": { "type": "MultiLineString", "coordinates": [ [ [ 760230.933227477362379, 9643007.061921553686261 ], [ 758609.383393618860282, 9643010.783116446807981 ], [ 758147.138505932176486, 9643472.777466712519526 ], [ 757683.841131939785555, 9643473.83312451839447 ], [ 757221.591883445158601, 9643935.819566626101732 ], [ 756758.295327398809604, 9643936.87003362737596 ], [ 756293.957168882712722, 9643476.988693661987782 ], [ 752587.659395599970594, 9643485.319939155131578 ] ] ] } },
{ "type": "Feature", "properties": { "OBJECTID": 382, "HYRIV_ID": 60615154, "NEXT_DOWN": 60612049, "MAIN_RIV": 60443230, "LENGTH_KM": 6.0500001907348633, "DIST_DN_KM": 622.9000244140625, "DIST_UP_KM": 112.59999847412109, "CATCH_SKM": 16.719999313354492, "UPLAND_SKM": 2961.5, "ENDORHEIC": 0, "DIS_AV_CMS": 73.499000549316406, "ORD_STRA": 5, "ORD_CLAS": 4, "ORD_FLOW": 5, "HYBAS_L12": 6120281600.0, "Shape_Length": 6117.8611320813088 }, "geometry": { "type": "MultiLineString", "coordinates": [ [ [ 743783.555445559788495, 9642582.83034242503345 ], [ 744247.805606895126402, 9643042.724840490147471 ], [ 744248.800738969119266, 9643503.620550921186805 ], [ 744713.055294050835073, 9643963.516952317208052 ], [ 744714.049793078564107, 9644424.413807611912489 ], [ 745178.308743356843479, 9644884.312112791463733 ], [ 745182.276038004318252, 9646727.904566533863544 ], [ 746110.809921970125288, 9647647.713262004777789 ] ] ] } },
{ "type": "Feature", "properties": { "OBJECTID": 383, "HYRIV_ID": 60615426, "NEXT_DOWN": 60615154, "MAIN_RIV": 60443230, "LENGTH_KM": 8.0500001907348633, "DIST_DN_KM": 628.70001220703125, "DIST_UP_KM": 10.699999809265137, "CATCH_SKM": 34.080001831054688, "UPLAND_SKM": 34.099998474121094, "ENDORHEIC": 0, "DIS_AV_CMS": 0.81499999761581421, "ORD_STRA": 1, "ORD_CLAS": 5, "ORD_FLOW": 7, "HYBAS_L12": 6120281600.0, "Shape_Length": 8160.7441366286703 }, "geometry": { "type": "MultiLineString", "coordinates": [ [ [ 737531.692298346199095, 9643517.9150076135993 ], [ 738226.553227261523716, 9643516.454865597188473 ], [ 738688.822967812302522, 9643054.598549541085958 ], [ 740541.796696915058419, 9643050.67107099853456 ], [ 741466.31985576171428, 9642126.919753521680832 ], [ 742394.79091217322275, 9643046.713104818016291 ], [ 742858.042663798783906, 9643045.718931904062629 ], [ 743322.287017889670096, 9643505.61588610894978 ], [ 743784.550059428089298, 9643043.72470067627728 ], [ 743783.555445559788495, 9642582.83034242503345 ] ] ] } },
{ "type": "Feature", "properties": { "OBJECTID": 384, "HYRIV_ID": 60615717, "NEXT_DOWN": 60614606, "MAIN_RIV": 60443230, "LENGTH_KM": 3.1600000858306885, "DIST_DN_KM": 631.70001220703125, "DIST_UP_KM": 13.699999809265137, "CATCH_SKM": 8.5699996948242188, "UPLAND_SKM": 56.099998474121094, "ENDORHEIC": 0, "DIS_AV_CMS": 1.3059999942779541, "ORD_STRA": 2, "ORD_CLAS": 5, "ORD_FLOW": 6, "HYBAS_L12": 6120281610.0, "Shape_Length": 3199.0063340139004 }, "geometry": { "type": "MultiLineString", "coordinates": [ [ [ 754436.642484450596385, 9641637.470946971327066 ], [ 753974.402361693326384, 9642099.440076688304543 ], [ 753975.439852999057621, 9642560.36334877833724 ], [ 753048.87845212733373, 9642562.443923836573958 ], [ 752586.630290954606608, 9643024.400653798133135 ], [ 752587.659395599970594, 9643485.319939155131578 ] ] ] } },
{ "type": "Feature", "properties": { "OBJECTID": 385, "HYRIV_ID": 60615989, "NEXT_DOWN": 60615717, "MAIN_RIV": 60443230, "LENGTH_KM": 1.5800000429153442, "DIST_DN_KM": 635.0, "DIST_UP_KM": 7.4000000953674316, "CATCH_SKM": 3.2100000381469727, "UPLAND_SKM": 27.200000762939453, "ENDORHEIC": 0, "DIS_AV_CMS": 0.63200002908706665, "ORD_STRA": 2, "ORD_CLAS": 6, "ORD_FLOW": 7, "HYBAS_L12": 6120281610.0, "Shape_Length": 1601.8092907568002 }, "geometry": { "type": "MultiLineString", "coordinates": [ [ [ 755825.439575096825138, 9641173.393287129700184 ], [ 754898.878724555834197, 9641175.497132921591401 ], [ 754436.642484450596385, 9641637.470946971327066 ] ] ] } },
{ "type": "Feature", "properties": { "OBJECTID": 386, "HYRIV_ID": 60616310, "NEXT_DOWN": 60617201, "MAIN_RIV": 60443230, "LENGTH_KM": 2.0999999046325684, "DIST_DN_KM": 651.70001220703125, "DIST_UP_KM": 4.5, "CATCH_SKM": 7.5, "UPLAND_SKM": 7.5, "ENDORHEIC": 0, "DIS_AV_CMS": 0.18299999833106995, "ORD_STRA": 1, "ORD_CLAS": 6, "ORD_FLOW": 7, "HYBAS_L12": 6121072940.0, "Shape_Length": 2125.0296000749604 }, "geometry": { "type": "MultiLineString", "coordinates": [ [ [ 729654.456750239362009, 9642382.024645429104567 ], [ 728958.233174051041715, 9641692.154752774164081 ], [ 728957.295646490994841, 9641231.300008086487651 ], [ 729419.562896306742914, 9640769.500189011916518 ] ] ] } },
{ "type": "Feature", "properties": { "OBJECTID": 387, "HYRIV_ID": 60616311, "NEXT_DOWN": 60617201, "MAIN_RIV": 60443230, "LENGTH_KM": 0.98000001907348633, "DIST_DN_KM": 651.70001220703125, "DIST_UP_KM": 4.5, "CATCH_SKM": 6.0, "UPLAND_SKM": 6.0, "ENDORHEIC": 0, "DIS_AV_CMS": 0.14599999785423279, "ORD_STRA": 1, "ORD_CLAS": 7, "ORD_FLOW": 7, "HYBAS_L12": 6121072940.0, "Shape_Length": 994.44143980444858 }, "geometry": { "type": "MultiLineString", "coordinates": [ [ [ 730115.789049562881701, 9641459.365485491231084 ], [ 729419.562896306742914, 9640769.500189011916518 ] ] ] } },
{ "type": "Feature", "properties": { "OBJECTID": 388, "HYRIV_ID": 60617199, "NEXT_DOWN": 60617200, "MAIN_RIV": 60443230, "LENGTH_KM": 2.7400000095367432, "DIST_DN_KM": 651.70001220703125, "DIST_UP_KM": 4.6999998092651367, "CATCH_SKM": 9.2200002670288086, "UPLAND_SKM": 9.1999998092651367, "ENDORHEIC": 0, "DIS_AV_CMS": 0.22599999606609344, "ORD_STRA": 1, "ORD_CLAS": 6, "ORD_FLOW": 7, "HYBAS_L12": 6121072940.0, "Shape_Length": 2767.3344017769041 }, "geometry": { "type": "MultiLineString", "coordinates": [ [ [ 726642.665737783769146, 9641927.263946291059256 ], [ 726640.344869575928897, 9640775.142200525850058 ], [ 727102.612478584051132, 9640313.356718495488167 ], [ 727100.744207284296863, 9639391.656666800379753 ] ] ] } },
{ "type": "Feature", "properties": { "OBJECTID": 389, "HYRIV_ID": 60617200, "NEXT_DOWN": 60617777, "MAIN_RIV": 60443230, "LENGTH_KM": 1.8500000238418579, "DIST_DN_KM": 649.9000244140625, "DIST_UP_KM": 18.100000381469727, "CATCH_SKM": 6.6399998664855957, "UPLAND_SKM": 139.89999389648438, "ENDORHEIC": 0, "DIS_AV_CMS": 3.4509999752044678, "ORD_STRA": 4, "ORD_CLAS": 5, "ORD_FLOW": 6, "HYBAS_L12": 6121072940.0, "Shape_Length": 1879.9640636341328 }, "geometry": { "type": "MultiLineString", "coordinates": [ [ [ 727100.744207284296863, 9639391.656666800379753 ], [ 728953.533307160250843, 9639387.880894001573324 ] ] ] } },
{ "type": "Feature", "properties": { "OBJECTID": 390, "HYRIV_ID": 60617201, "NEXT_DOWN": 60617777, "MAIN_RIV": 60443230, "LENGTH_KM": 1.5800000429153442, "DIST_DN_KM": 649.9000244140625, "DIST_UP_KM": 6.1999998092651367, "CATCH_SKM": 4.7100000381469727, "UPLAND_SKM": 18.200000762939453, "ENDORHEIC": 0, "DIS_AV_CMS": 0.4440000057220459, "ORD_STRA": 2, "ORD_CLAS": 6, "ORD_FLOW": 7, "HYBAS_L12": 6121072940.0, "Shape_Length": 1598.1621044287244 }, "geometry": { "type": "MultiLineString", "coordinates": [ [ [ 729419.562896306742914, 9640769.500189011916518 ], [ 729418.621005891589448, 9640308.644250662997365 ], [ 728954.475747186457738, 9639848.735791422426701 ], [ 728953.533307160250843, 9639387.880894001573324 ] ] ] } },
{ "type": "Feature", "properties": { "OBJECTID": 391, "HYRIV_ID": 60617202, "NEXT_DOWN": 60615989, "MAIN_RIV": 60443230, "LENGTH_KM": 3.119999885559082, "DIST_DN_KM": 636.5999755859375, "DIST_UP_KM": 5.6999998092651367, "CATCH_SKM": 15.430000305175781, "UPLAND_SKM": 15.399999618530273, "ENDORHEIC": 0, "DIS_AV_CMS": 0.3580000102519989, "ORD_STRA": 1, "ORD_CLAS": 7, "ORD_FLOW": 7, "HYBAS_L12": 6120281610.0, "Shape_Length": 3157.8954548064648 }, "geometry": { "type": "MultiLineString", "coordinates": [ [ [ 757673.811338199069723, 9639094.958481978625059 ], [ 757675.403092273278162, 9639786.359862012788653 ], [ 757213.179925108328462, 9640248.357396291568875 ], [ 756749.898509591235779, 9640249.418713232502341 ], [ 755825.439575096825138, 9641173.393287129700184 ] ] ] } },
{ "type": "Feature", "properties": { "OBJECTID": 392, "HYRIV_ID": 60617483, "NEXT_DOWN": 60617484, "MAIN_RIV": 60443230, "LENGTH_KM": 0.98000001907348633, "DIST_DN_KM": 659.4000244140625, "DIST_UP_KM": 2.9000000953674316, "CATCH_SKM": 5.570000171661377, "UPLAND_SKM": 5.5999999046325684, "ENDORHEIC": 0, "DIS_AV_CMS": 0.1379999965429306, "ORD_STRA": 1, "ORD_CLAS": 8, "ORD_FLOW": 7, "HYBAS_L12": 6121072940.0, "Shape_Length": 994.69457747703814 }, "geometry": { "type": "MultiLineString", "coordinates": [ [ [ 719921.819404604146257, 9639636.413408622145653 ], [ 720615.223606369108893, 9638943.796360742300749 ] ] ] } },
{ "type": "Feature", "properties": { "OBJECTID": 393, "HYRIV_ID": 60617484, "NEXT_DOWN": 60617775, "MAIN_RIV": 60443230, "LENGTH_KM": 1.3899999856948853, "DIST_DN_KM": 657.79998779296875, "DIST_UP_KM": 5.9000000953674316, "CATCH_SKM": 4.070000171661377, "UPLAND_SKM": 16.299999237060547, "ENDORHEIC": 0, "DIS_AV_CMS": 0.4050000011920929, "ORD_STRA": 2, "ORD_CLAS": 7, "ORD_FLOW": 7, "HYBAS_L12": 6121072940.0, "Shape_Length": 1410.2295401855565 }, "geometry": { "type": "MultiLineString", "coordinates": [ [ [ 720615.223606369108893, 9638943.796360742300749 ], [ 722004.757909581298009, 9638941.044591411948204 ] ] ] } },
{ "type": "Feature", "properties": { "OBJECTID": 394, "HYRIV_ID": 60617485, "NEXT_DOWN": 60617775, "MAIN_RIV": 60443230, "LENGTH_KM": 0.68999999761581421, "DIST_DN_KM": 657.79998779296875, "DIST_UP_KM": 2.9000000953674316, "CATCH_SKM": 4.7100000381469727, "UPLAND_SKM": 4.6999998092651367, "ENDORHEIC": 0, "DIS_AV_CMS": 0.11699999868869781, "ORD_STRA": 1, "ORD_CLAS": 8, "ORD_FLOW": 7, "HYBAS_L12": 6121072940.0, "Shape_Length": 701.53472559082786 }, "geometry": { "type": "MultiLineString", "coordinates": [ [ [ 722006.12990723294206, 9639632.3001504894346 ], [ 722004.757909581298009, 9638941.044591411948204 ] ] ] } },
{ "type": "Feature", "properties": { "OBJECTID": 395, "HYRIV_ID": 60617486, "NEXT_DOWN": 60615989, "MAIN_RIV": 60443230, "LENGTH_KM": 3.3900001049041748, "DIST_DN_KM": 636.4000244140625, "DIST_UP_KM": 6.0999999046325684, "CATCH_SKM": 8.5699996948242188, "UPLAND_SKM": 8.6000003814697266, "ENDORHEIC": 0, "DIS_AV_CMS": 0.20000000298023224, "ORD_STRA": 1, "ORD_CLAS": 6, "ORD_FLOW": 7, "HYBAS_L12": 6120281610.0, "Shape_Length": 3431.1987757347056 }, "geometry": { "type": "MultiLineString", "coordinates": [ [ [ 756515.090146294562146, 9638867.156008640304208 ], [ 755820.180299767293036, 9638868.749035630375147 ], [ 755822.288078873069026, 9639790.606815854087472 ], [ 755360.062615839531645, 9640252.591264544054866 ], [ 755824.390386453131214, 9640712.464470556005836 ], [ 755825.439575096825138, 9641173.393287129700184 ] ] ] } },
{ "type": "Feature", "properties": { "OBJECTID": 396, "HYRIV_ID": 60617775, "NEXT_DOWN": 60618073, "MAIN_RIV": 60443230, "LENGTH_KM": 2.0399999618530273, "DIST_DN_KM": 655.9000244140625, "DIST_UP_KM": 7.6999998092651367, "CATCH_SKM": 4.070000171661377, "UPLAND_SKM": 25.100000381469727, "ENDORHEIC": 0, "DIS_AV_CMS": 0.62199997901916504, "ORD_STRA": 2, "ORD_CLAS": 7, "ORD_FLOW": 7, "HYBAS_L12": 6121072940.0, "Shape_Length": 2073.2412708172005 }, "geometry": { "type": "MultiLineString", "coordinates": [ [ [ 722004.757909581298009, 9638941.044591411948204 ], [ 723394.302857078961097, 9638938.275437239557505 ], [ 723856.563184879836626, 9638476.506785126402974 ] ] ] } },
{ "type": "Feature", "properties": { "OBJECTID": 397, "HYRIV_ID": 60617776, "NEXT_DOWN": 60618073, "MAIN_RIV": 60443230, "LENGTH_KM": 1.6200000047683716, "DIST_DN_KM": 655.70001220703125, "DIST_UP_KM": 4.3000001907348633, "CATCH_SKM": 6.0, "UPLAND_SKM": 6.0, "ENDORHEIC": 0, "DIS_AV_CMS": 0.14800000190734863, "ORD_STRA": 1, "ORD_CLAS": 8, "ORD_FLOW": 7, "HYBAS_L12": 6121072940.0, "Shape_Length": 1636.830143828553 }, "geometry": { "type": "MultiLineString", "coordinates": [ [ [ 723859.79108662053477, 9640089.452850146219134 ], [ 723856.563184879836626, 9638476.506785126402974 ] ] ] } },
{ "type": "Feature", "properties": { "OBJECTID": 398, "HYRIV_ID": 60617777, "NEXT_DOWN": 60617778, "MAIN_RIV": 60443230, "LENGTH_KM": 1.7699999809265137, "DIST_DN_KM": 648.0999755859375, "DIST_UP_KM": 19.799999237060547, "CATCH_SKM": 3.2100000381469727, "UPLAND_SKM": 161.39999389648438, "ENDORHEIC": 0, "DIS_AV_CMS": 3.9709999561309814, "ORD_STRA": 4, "ORD_CLAS": 5, "ORD_FLOW": 6, "HYBAS_L12": 6120283790.0, "Shape_Length": 1795.8810751514984 }, "geometry": { "type": "MultiLineString", "coordinates": [ [ [ 728953.533307160250843, 9639387.880894001573324 ], [ 729878.039153931546025, 9638464.266915362328291 ], [ 730341.23800144973211, 9638463.311912763863802 ] ] ] } },
{ "type": "Feature", "properties": { "OBJECTID": 399, "HYRIV_ID": 60617778, "NEXT_DOWN": 60617780, "MAIN_RIV": 60443230, "LENGTH_KM": 3.2400000095367432, "DIST_DN_KM": 644.9000244140625, "DIST_UP_KM": 23.100000381469727, "CATCH_SKM": 12.640000343322754, "UPLAND_SKM": 184.69999694824219, "ENDORHEIC": 0, "DIS_AV_CMS": 4.5359997749328613, "ORD_STRA": 4, "ORD_CLAS": 5, "ORD_FLOW": 6, "HYBAS_L12": 6120283790.0, "Shape_Length": 3289.5519613725501 }, "geometry": { "type": "MultiLineString", "coordinates": [ [ [ 730341.23800144973211, 9638463.311912763863802 ], [ 733583.664664898416959, 9638456.57299742102623 ] ] ] } },
{ "type": "Feature", "properties": { "OBJECTID": 400, "HYRIV_ID": 60617779, "NEXT_DOWN": 60617780, "MAIN_RIV": 60443230, "LENGTH_KM": 3.8599998950958252, "DIST_DN_KM": 644.9000244140625, "DIST_UP_KM": 6.1999998092651367, "CATCH_SKM": 14.789999961853027, "UPLAND_SKM": 14.800000190734863, "ENDORHEIC": 0, "DIS_AV_CMS": 0.3580000102519989, "ORD_STRA": 1, "ORD_CLAS": 6, "ORD_FLOW": 7, "HYBAS_L12": 6120283790.0, "Shape_Length": 3897.299529054716 }, "geometry": { "type": "MultiLineString", "coordinates": [ [ [ 732664.421926384908147, 9641914.99180905893445 ], [ 732662.039268861641176, 9640762.83075762540102 ], [ 733124.297957251081243, 9640301.004574643447995 ], [ 733123.339647956890985, 9639840.138898747041821 ], [ 733585.591358012286946, 9639378.307039182633162 ], [ 733583.664664898416959, 9638456.57299742102623 ] ] ] } },
{ "type": "Feature", "properties": { "OBJECTID": 401, "HYRIV_ID": 60617780, "NEXT_DOWN": 60618340, "MAIN_RIV": 60443230, "LENGTH_KM": 0.93000000715255737, "DIST_DN_KM": 643.9000244140625, "DIST_UP_KM": 24.0, "CATCH_SKM": 1.2899999618530273, "UPLAND_SKM": 200.80000305175781, "ENDORHEIC": 0, "DIS_AV_CMS": 4.9239997863769531, "ORD_STRA": 4, "ORD_CLAS": 5, "ORD_FLOW": 6, "HYBAS_L12": 6120283790.0, "Shape_Length": 939.81809158560043 }, "geometry": { "type": "MultiLineString", "coordinates": [ [ [ 733583.664664898416959, 9638456.57299742102623 ], [ 734510.08337475231383, 9638454.630220333114266 ] ] ] } },
{ "type": "Feature", "properties": { "OBJECTID": 402, "HYRIV_ID": 60617781, "NEXT_DOWN": 60618340, "MAIN_RIV": 60443230, "LENGTH_KM": 1.3500000238418579, "DIST_DN_KM": 644.0999755859375, "DIST_UP_KM": 3.7999999523162842, "CATCH_SKM": 6.6399998664855957, "UPLAND_SKM": 6.5999999046325684, "ENDORHEIC": 0, "DIS_AV_CMS": 0.15999999642372131, "ORD_STRA": 1, "ORD_CLAS": 6, "ORD_FLOW": 7, "HYBAS_L12": 6120283790.0, "Shape_Length": 1364.1461380615108 }, "geometry": { "type": "MultiLineString", "coordinates": [ [ [ 734975.716519222711213, 9639605.832854520529509 ], [ 734974.264328028308228, 9638914.52671292424202 ], [ 734510.08337475231383, 9638454.630220333114266 ] ] ] } },
{ "type": "Feature", "properties": { "OBJECTID": 403, "HYRIV_ID": 60618072, "NEXT_DOWN": 60617484, "MAIN_RIV": 60443230, "LENGTH_KM": 1.809999942779541, "DIST_DN_KM": 659.20001220703125, "DIST_UP_KM": 4.5, "CATCH_SKM": 6.6399998664855957, "UPLAND_SKM": 6.5999999046325684, "ENDORHEIC": 0, "DIS_AV_CMS": 0.16500000655651093, "ORD_STRA": 1, "ORD_CLAS": 7, "ORD_FLOW": 7, "HYBAS_L12": 6121072940.0, "Shape_Length": 1835.9706804412647 }, "geometry": { "type": "MultiLineString", "coordinates": [ [ [ 719455.474027374526486, 9638024.414851723238826 ], [ 720150.229838232859038, 9638023.044843383133411 ], [ 720614.313258387730457, 9638482.962749877944589 ], [ 720615.223606369108893, 9638943.796360742300749 ] ] ] } },
{ "type": "Feature", "properties": { "OBJECTID": 404, "HYRIV_ID": 60618073, "NEXT_DOWN": 60618074, "MAIN_RIV": 60443230, "LENGTH_KM": 0.6600000262260437, "DIST_DN_KM": 655.29998779296875, "DIST_UP_KM": 9.5, "CATCH_SKM": 0.86000001430511475, "UPLAND_SKM": 60.400001525878906, "ENDORHEIC": 0, "DIS_AV_CMS": 1.4989999532699585, "ORD_STRA": 3, "ORD_CLAS": 6, "ORD_FLOW": 6, "HYBAS_L12": 6121072940.0, "Shape_Length": 663.05612718325312 }, "geometry": { "type": "MultiLineString", "coordinates": [ [ [ 723856.563184879836626, 9638476.506785126402974 ], [ 724318.819652187870815, 9638014.733827710151672 ] ] ] } },
{ "type": "Feature", "properties": { "OBJECTID": 405, "HYRIV_ID": 60618074, "NEXT_DOWN": 60617200, "MAIN_RIV": 60443230, "LENGTH_KM": 3.3499999046325684, "DIST_DN_KM": 651.70001220703125, "DIST_UP_KM": 16.200000762939453, "CATCH_SKM": 6.6399998664855957, "UPLAND_SKM": 124.09999847412109, "ENDORHEIC": 0, "DIS_AV_CMS": 3.0639998912811279, "ORD_STRA": 4, "ORD_CLAS": 5, "ORD_FLOW": 6, "HYBAS_L12": 6121072940.0, "Shape_Length": 3399.1489676269312 }, "geometry": { "type": "MultiLineString", "coordinates": [ [ [ 724318.819652187870815, 9638014.733827710151672 ], [ 725247.046019018627703, 9638934.556467410176992 ], [ 726173.424772305763327, 9638932.685354126617312 ], [ 726637.54996516299434, 9639392.595844332128763 ], [ 727100.744207284296863, 9639391.656666800379753 ] ] ] } },
{ "type": "Feature", "properties": { "OBJECTID": 406, "HYRIV_ID": 60618075, "NEXT_DOWN": 60614877, "MAIN_RIV": 60443230, "LENGTH_KM": 6.5199999809265137, "DIST_DN_KM": 629.20001220703125, "DIST_UP_KM": 12.600000381469727, "CATCH_SKM": 14.569999694824219, "UPLAND_SKM": 33.400001525878906, "ENDORHEIC": 0, "DIS_AV_CMS": 0.7839999794960022, "ORD_STRA": 2, "ORD_CLAS": 6, "ORD_FLOW": 7, "HYBAS_L12": 6120281610.0, "Shape_Length": 6586.7031053128094 }, "geometry": { "type": "MultiLineString", "coordinates": [ [ [ 751185.450515474774875, 9637957.427315317094326 ], [ 750723.232369528384879, 9638419.384707473218441 ], [ 750724.267159325769171, 9638880.298935683444142 ], [ 750262.04192424332723, 9639342.250276703387499 ], [ 750263.072259616106749, 9639803.163227960467339 ], [ 749338.603833909612149, 9640727.049513323232532 ], [ 749342.68604025116656, 9642570.689914152026176 ], [ 748880.433316031005234, 9643032.620855072513223 ], [ 748417.164698376669548, 9643033.639751464128494 ] ] ] } },
{ "type": "Feature", "properties": { "OBJECTID": 407, "HYRIV_ID": 60618076, "NEXT_DOWN": 60618075, "MAIN_RIV": 60443230, "LENGTH_KM": 1.1599999666213989, "DIST_DN_KM": 635.70001220703125, "DIST_UP_KM": 4.0, "CATCH_SKM": 6.0, "UPLAND_SKM": 6.0, "ENDORHEIC": 0, "DIS_AV_CMS": 0.14000000059604645, "ORD_STRA": 1, "ORD_CLAS": 7, "ORD_FLOW": 7, "HYBAS_L12": 6120281610.0, "Shape_Length": 1174.2005368326179 }, "geometry": { "type": "MultiLineString", "coordinates": [ [ [ 752343.592140385182574, 9637954.81136760674417 ], [ 751185.450515474774875, 9637957.427315317094326 ] ] ] } },
{ "type": "Feature", "properties": { "OBJECTID": 408, "HYRIV_ID": 60618340, "NEXT_DOWN": 60618903, "MAIN_RIV": 60443230, "LENGTH_KM": 1.7699999809265137, "DIST_DN_KM": 642.4000244140625, "DIST_UP_KM": 25.600000381469727, "CATCH_SKM": 2.7899999618530273, "UPLAND_SKM": 210.19999694824219, "ENDORHEIC": 0, "DIS_AV_CMS": 5.1500000953674316, "ORD_STRA": 4, "ORD_CLAS": 5, "ORD_FLOW": 6, "HYBAS_L12": 6120283790.0, "Shape_Length": 1795.596241863411 }, "geometry": { "type": "MultiLineString", "coordinates": [ [ [ 734510.08337475231383, 9638454.630220333114266 ], [ 734972.323680157540366, 9637992.785163357853889 ], [ 735435.534274951554835, 9637991.807666735723615 ], [ 735897.770052972598933, 9637529.954991761595011 ] ] ] } },
{ "type": "Feature", "properties": { "OBJECTID": 409, "HYRIV_ID": 60618605, "NEXT_DOWN": 60618073, "MAIN_RIV": 60443230, "LENGTH_KM": 2.4300000667572021, "DIST_DN_KM": 655.70001220703125, "DIST_UP_KM": 9.1000003814697266, "CATCH_SKM": 1.9299999475479126, "UPLAND_SKM": 28.5, "ENDORHEIC": 0, "DIS_AV_CMS": 0.70899999141693115, "ORD_STRA": 2, "ORD_CLAS": 6, "ORD_FLOW": 7, "HYBAS_L12": 6121072940.0, "Shape_Length": 2459.2851470760643 }, "geometry": { "type": "MultiLineString", "coordinates": [ [ [ 722001.086629394674674, 9637097.696022110059857 ], [ 723393.381082124309614, 9638477.434912355616689 ], [ 723856.563184879836626, 9638476.506785126402974 ] ] ] } },
{ "type": "Feature", "properties": { "OBJECTID": 410, "HYRIV_ID": 60618606, "NEXT_DOWN": 60615154, "MAIN_RIV": 60443230, "LENGTH_KM": 5.940000057220459, "DIST_DN_KM": 628.70001220703125, "DIST_UP_KM": 106.69999694824219, "CATCH_SKM": 20.139999389648438, "UPLAND_SKM": 2910.699951171875, "ENDORHEIC": 0, "DIS_AV_CMS": 72.389999389648438, "ORD_STRA": 5, "ORD_CLAS": 4, "ORD_FLOW": 5, "HYBAS_L12": 6120281600.0, "Shape_Length": 5999.5423285197176 }, "geometry": { "type": "MultiLineString", "coordinates": [ [ [ 742845.063250073115341, 9637054.122015576809645 ], [ 743309.299517521052621, 9637514.002706188708544 ], [ 743314.32033695129212, 9639818.470024304464459 ], [ 743778.563547840458341, 9640278.357614943757653 ], [ 743783.555445559788495, 9642582.83034242503345 ] ] ] } },
{ "type": "Feature", "properties": { "OBJECTID": 411, "HYRIV_ID": 60618901, "NEXT_DOWN": 60618605, "MAIN_RIV": 60443230, "LENGTH_KM": 1.4500000476837158, "DIST_DN_KM": 658.20001220703125, "DIST_UP_KM": 4.0999999046325684, "CATCH_SKM": 5.7899999618530273, "UPLAND_SKM": 5.8000001907348633, "ENDORHEIC": 0, "DIS_AV_CMS": 0.14300000667572021, "ORD_STRA": 1, "ORD_CLAS": 7, "ORD_FLOW": 7, "HYBAS_L12": 6121072940.0, "Shape_Length": 1464.6687300702417 }, "geometry": { "type": "MultiLineString", "coordinates": [ [ [ 723157.632068258011714, 9636404.11777014657855 ], [ 722464.259456289000809, 9637096.770250499248505 ], [ 722001.086629394674674, 9637097.696022110059857 ] ] ] } },
{ "type": "Feature", "properties": { "OBJECTID": 412, "HYRIV_ID": 60618902, "NEXT_DOWN": 60617778, "MAIN_RIV": 60443230, "LENGTH_KM": 2.2799999713897705, "DIST_DN_KM": 648.0999755859375, "DIST_UP_KM": 4.6999998092651367, "CATCH_SKM": 10.710000038146973, "UPLAND_SKM": 10.699999809265137, "ENDORHEIC": 0, "DIS_AV_CMS": 0.26199999451637268, "ORD_STRA": 1, "ORD_CLAS": 6, "ORD_FLOW": 7, "HYBAS_L12": 6120283790.0, "Shape_Length": 2299.4879830867908 }, "geometry": { "type": "MultiLineString", "coordinates": [ [ [ 729873.75541510025505, 9636390.408688331022859 ], [ 729875.186055290512741, 9637081.694854244589806 ], [ 730339.333307975204661, 9637541.594822259619832 ], [ 730341.23800144973211, 9638463.311912763863802 ] ] ] } },
{ "type": "Feature", "properties": { "OBJECTID": 413, "HYRIV_ID": 60618903, "NEXT_DOWN": 60618904, "MAIN_RIV": 60443230, "LENGTH_KM": 4.5500001907348633, "DIST_DN_KM": 637.5999755859375, "DIST_UP_KM": 30.299999237060547, "CATCH_SKM": 18.219999313354492, "UPLAND_SKM": 237.0, "ENDORHEIC": 0, "DIS_AV_CMS": 5.7890000343322754, "ORD_STRA": 4, "ORD_CLAS": 5, "ORD_FLOW": 6, "HYBAS_L12": 6120283790.0, "Shape_Length": 4614.5643310254327 }, "geometry": { "type": "MultiLineString", "coordinates": [ [ [ 735897.770052972598933, 9637529.954991761595011 ], [ 736824.193524733185768, 9637527.987981904298067 ], [ 737286.424213533755392, 9637066.124567046761513 ], [ 737749.637087982264347, 9637065.134955307468772 ], [ 738211.863246085937135, 9636603.263826074078679 ], [ 740064.725075352820568, 9636599.273405212908983 ] ] ] } },
{ "type": "Feature", "properties": { "OBJECTID": 414, "HYRIV_ID": 60618904, "NEXT_DOWN": 60618906, "MAIN_RIV": 60443230, "LENGTH_KM": 0.93000000715255737, "DIST_DN_KM": 636.70001220703125, "DIST_UP_KM": 31.299999237060547, "CATCH_SKM": 1.5, "UPLAND_SKM": 295.5, "ENDORHEIC": 0, "DIS_AV_CMS": 7.2049999237060547, "ORD_STRA": 4, "ORD_CLAS": 5, "ORD_FLOW": 6, "HYBAS_L12": 6120283790.0, "Shape_Length": 939.63509424542713 }, "geometry": { "type": "MultiLineString", "coordinates": [ [ [ 740064.725075352820568, 9636599.273405212908983 ], [ 740991.163575074635446, 9636597.266591159626842 ] ] ] } },
{ "type": "Feature", "properties": { "OBJECTID": 415, "HYRIV_ID": 60618905, "NEXT_DOWN": 60618906, "MAIN_RIV": 60443230, "LENGTH_KM": 2.7400000095367432, "DIST_DN_KM": 636.70001220703125, "DIST_UP_KM": 6.0999999046325684, "CATCH_SKM": 9.8599996566772461, "UPLAND_SKM": 9.8999996185302734, "ENDORHEIC": 0, "DIS_AV_CMS": 0.23600000143051147, "ORD_STRA": 1, "ORD_CLAS": 6, "ORD_FLOW": 7, "HYBAS_L12": 6120283790.0, "Shape_Length": 2766.2729504425574 }, "geometry": { "type": "MultiLineString", "coordinates": [ [ [ 740533.415525164455175, 9639133.143199788406491 ], [ 740529.937851504888386, 9637520.042794032022357 ], [ 740992.16324561345391, 9637058.153716538101435 ], [ 740991.163575074635446, 9636597.266591159626842 ] ] ] } },
{ "type": "Feature", "properties": { "OBJECTID": 416, "HYRIV_ID": 60618906, "NEXT_DOWN": 60618606, "MAIN_RIV": 60443230, "LENGTH_KM": 2.0399999618530273, "DIST_DN_KM": 634.70001220703125, "DIST_UP_KM": 33.299999237060547, "CATCH_SKM": 2.5699999332427979, "UPLAND_SKM": 308.0, "ENDORHEIC": 0, "DIS_AV_CMS": 7.4980001449584961, "ORD_STRA": 4, "ORD_CLAS": 5, "ORD_FLOW": 6, "HYBAS_L12": 6120283790.0, "Shape_Length": 2072.126620801565 }, "geometry": { "type": "MultiLineString", "coordinates": [ [ [ 740991.163575074635446, 9636597.266591159626842 ], [ 741917.607161681400612, 9636595.251941060647368 ], [ 742381.836303524090908, 9637055.132781825959682 ], [ 742845.063250073115341, 9637054.122015576809645 ] ] ] } },
{ "type": "Feature", "properties": { "OBJECTID": 417, "HYRIV_ID": 60618907, "NEXT_DOWN": 60614877, "MAIN_RIV": 60443230, "LENGTH_KM": 7.7699999809265137, "DIST_DN_KM": 629.20001220703125, "DIST_UP_KM": 10.100000381469727, "CATCH_SKM": 22.5, "UPLAND_SKM": 22.5, "ENDORHEIC": 0, "DIS_AV_CMS": 0.53100001811981201, "ORD_STRA": 1, "ORD_CLAS": 7, "ORD_FLOW": 7, "HYBAS_L12": 6120281610.0, "Shape_Length": 7850.6309040553606 }, "geometry": { "type": "MultiLineString", "coordinates": [ [ [ 749097.203287737909704, 9636348.921502497047186 ], [ 747479.453098383150063, 9637965.71741745993495 ], [ 747483.536185511155054, 9639809.337777137756348 ], [ 747947.808230583090335, 9640269.219746951013803 ], [ 747950.858662834041752, 9641651.938451427966356 ], [ 748415.136437745764852, 9642111.82491903565824 ], [ 748417.164698376669548, 9643033.639751464128494 ] ] ] } },
{ "type": "Feature", "properties": { "OBJECTID": 418, "HYRIV_ID": 60619170, "NEXT_DOWN": 60618903, "MAIN_RIV": 60443230, "LENGTH_KM": 2.75, "DIST_DN_KM": 642.20001220703125, "DIST_UP_KM": 5.3000001907348633, "CATCH_SKM": 8.5699996948242188, "UPLAND_SKM": 8.6000003814697266, "ENDORHEIC": 0, "DIS_AV_CMS": 0.20800000429153442, "ORD_STRA": 1, "ORD_CLAS": 6, "ORD_FLOW": 7, "HYBAS_L12": 6120283790.0, "Shape_Length": 2789.8894068023392 }, "geometry": { "type": "MultiLineString", "coordinates": [ [ [ 733809.939974254462868, 9635921.315103432163596 ], [ 735434.560215585399419, 9637530.935609150677919 ], [ 735897.770052972598933, 9637529.954991761595011 ] ] ] } },
{ "type": "Feature", "properties": { "OBJECTID": 419, "HYRIV_ID": 60619706, "NEXT_DOWN": 60618605, "MAIN_RIV": 60443230, "LENGTH_KM": 4.2399997711181641, "DIST_DN_KM": 658.20001220703125, "DIST_UP_KM": 6.5999999046325684, "CATCH_SKM": 20.790000915527344, "UPLAND_SKM": 20.799999237060547, "ENDORHEIC": 0, "DIS_AV_CMS": 0.51800000667572021, "ORD_STRA": 1, "ORD_CLAS": 6, "ORD_FLOW": 7, "HYBAS_L12": 6121072940.0, "Shape_Length": 4297.74466021648 }, "geometry": { "type": "MultiLineString", "coordinates": [ [ [ 718523.695847760187462, 9635261.263619612902403 ], [ 719218.430768321733922, 9635259.889045922085643 ], [ 719682.503392803599127, 9635719.801709117367864 ], [ 720145.664635369670577, 9635718.882095169275999 ], [ 721537.915007534087636, 9637098.619939029216766 ], [ 722001.086629394674674, 9637097.696022110059857 ] ] ] } },
{ "type": "Feature", "properties": { "OBJECTID": 420, "HYRIV_ID": 60619707, "NEXT_DOWN": 60618075, "MAIN_RIV": 60443230, "LENGTH_KM": 3.2000000476837158, "DIST_DN_KM": 635.70001220703125, "DIST_UP_KM": 6.0999999046325684, "CATCH_SKM": 12.859999656677246, "UPLAND_SKM": 12.899999618530273, "ENDORHEIC": 0, "DIS_AV_CMS": 0.30199998617172241, "ORD_STRA": 1, "ORD_CLAS": 6, "ORD_FLOW": 7, "HYBAS_L12": 6120281610.0, "Shape_Length": 3232.775959596137 }, "geometry": { "type": "MultiLineString", "coordinates": [ [ [ 751641.91418065468315, 9634960.42141992598772 ], [ 751644.533092134865001, 9636112.714307092130184 ], [ 751182.328450312721543, 9636574.680284190922976 ], [ 751185.450515474774875, 9637957.427315317094326 ] ] ] } },
{ "type": "Feature", "properties": { "OBJECTID": 421, "HYRIV_ID": 60619984, "NEXT_DOWN": 60615717, "MAIN_RIV": 60443230, "LENGTH_KM": 8.8100004196166992, "DIST_DN_KM": 635.0, "DIST_UP_KM": 10.300000190734863, "CATCH_SKM": 20.360000610351562, "UPLAND_SKM": 20.399999618530273, "ENDORHEIC": 0, "DIS_AV_CMS": 0.47499999403953552, "ORD_STRA": 1, "ORD_CLAS": 5, "ORD_FLOW": 7, "HYBAS_L12": 6120281610.0, "Shape_Length": 8902.1693182443669 }, "geometry": { "type": "MultiLineString", "coordinates": [ [ [ 756504.977422643685713, 9634488.310384429991245 ], [ 755811.695556869031861, 9635181.316526282578707 ], [ 755812.760861685266718, 9635642.24562999419868 ], [ 754888.364810188417323, 9636566.234677011147141 ], [ 754890.478359751403332, 9637488.087406322360039 ], [ 753503.83602128282655, 9638874.027820257470012 ], [ 753505.924644620041363, 9639795.872236900031567 ], [ 753970.238856047508307, 9640255.746427949517965 ], [ 753972.323247265536338, 9641177.593316171318293 ], [ 754436.642484450596385, 9641637.470946971327066 ] ] ] } },
{ "type": "Feature", "properties": { "OBJECTID": 422, "HYRIV_ID": 60620257, "NEXT_DOWN": 60618606, "MAIN_RIV": 60443230, "LENGTH_KM": 4.929999828338623, "DIST_DN_KM": 634.70001220703125, "DIST_UP_KM": 15.399999618530273, "CATCH_SKM": 12.640000343322754, "UPLAND_SKM": 46.5, "ENDORHEIC": 0, "DIS_AV_CMS": 1.0970000028610229, "ORD_STRA": 2, "ORD_CLAS": 6, "ORD_FLOW": 6, "HYBAS_L12": 6120281600.0, "Shape_Length": 4994.7900203850695 }, "geometry": { "type": "MultiLineString", "coordinates": [ [ [ 746081.54360121616628, 9634281.583517936989665 ], [ 745618.319251840468496, 9634282.615658693015575 ], [ 745156.11955207225401, 9634744.544757878407836 ], [ 745157.141660208930261, 9635205.443664338439703 ], [ 744694.934878063388169, 9635667.366806413978338 ], [ 744695.952530323760584, 9636128.264331972226501 ], [ 743771.5210296245059, 9637052.094504540786147 ], [ 742845.063250073115341, 9637054.122015576809645 ] ] ] } },
{ "type": "Feature", "properties": { "OBJECTID": 423, "HYRIV_ID": 60620551, "NEXT_DOWN": 60618074, "MAIN_RIV": 60443230, "LENGTH_KM": 4.929999828338623, "DIST_DN_KM": 655.0999755859375, "DIST_UP_KM": 12.899999618530273, "CATCH_SKM": 15.430000305175781, "UPLAND_SKM": 57.0, "ENDORHEIC": 0, "DIS_AV_CMS": 1.4040000438690186, "ORD_STRA": 3, "ORD_CLAS": 5, "ORD_FLOW": 6, "HYBAS_L12": 6121072940.0, "Shape_Length": 4990.3483411404823 }, "geometry": { "type": "MultiLineString", "coordinates": [ [ [ 726163.093000635504723, 9633863.358893560245633 ], [ 726164.038249351782724, 9634324.206878181546926 ], [ 725239.577116189524531, 9635247.792979309335351 ], [ 725242.386790018994361, 9636630.329542972147465 ], [ 724317.891656743595377, 9637553.890837006270885 ], [ 724318.819652187870815, 9638014.733827710151672 ] ] ] } },
{ "type": "Feature", "properties": { "OBJECTID": 424, "HYRIV_ID": 60621375, "NEXT_DOWN": 60621376, "MAIN_RIV": 60443230, "LENGTH_KM": 1.6200000047683716, "DIST_DN_KM": 662.9000244140625, "DIST_UP_KM": 3.4000000953674316, "CATCH_SKM": 6.429999828338623, "UPLAND_SKM": 6.4000000953674316, "ENDORHEIC": 0, "DIS_AV_CMS": 0.15999999642372131, "ORD_STRA": 1, "ORD_CLAS": 7, "ORD_FLOW": 7, "HYBAS_L12": 6121072940.0, "Shape_Length": 1645.089723604551 }, "geometry": { "type": "MultiLineString", "coordinates": [ [ [ 722223.403270825278014, 9632488.85387990437448 ], [ 723844.447574845980853, 9632485.560727391391993 ] ] ] } },
{ "type": "Feature", "properties": { "OBJECTID": 425, "HYRIV_ID": 60621376, "NEXT_DOWN": 60620551, "MAIN_RIV": 60443230, "LENGTH_KM": 2.8900001049041748, "DIST_DN_KM": 660.0, "DIST_UP_KM": 6.5999999046325684, "CATCH_SKM": 5.570000171661377, "UPLAND_SKM": 19.700000762939453, "ENDORHEIC": 0, "DIS_AV_CMS": 0.48800000548362732, "ORD_STRA": 2, "ORD_CLAS": 6, "ORD_FLOW": 7, "HYBAS_L12": 6121072940.0, "Shape_Length": 2929.0801313311895 }, "geometry": { "type": "MultiLineString", "coordinates": [ [ [ 723844.447574845980853, 9632485.560727391391993 ], [ 724308.546680223895237, 9632945.458747215569019 ], [ 724771.708041501697153, 9632944.512706832960248 ], [ 725699.924226125935093, 9633864.308459321036935 ], [ 726163.093000635504723, 9633863.358893560245633 ] ] ] } },
{ "type": "Feature", "properties": { "OBJECTID": 426, "HYRIV_ID": 60621377, "NEXT_DOWN": 60620257, "MAIN_RIV": 60443230, "LENGTH_KM": 2.369999885559082, "DIST_DN_KM": 639.5999755859375, "DIST_UP_KM": 5.4000000953674316, "CATCH_SKM": 7.2899999618530273, "UPLAND_SKM": 7.3000001907348633, "ENDORHEIC": 0, "DIS_AV_CMS": 0.17299999296665192, "ORD_STRA": 1, "ORD_CLAS": 7, "ORD_FLOW": 7, "HYBAS_L12": 6120281600.0, "Shape_Length": 2396.0880969073773 }, "geometry": { "type": "MultiLineString", "coordinates": [ [ [ 746771.730725384666584, 9632205.965773303061724 ], [ 746078.453994623851031, 9632898.878848141059279 ], [ 746081.54360121616628, 9634281.583517936989665 ] ] ] } },
{ "type": "Feature", "properties": { "OBJECTID": 427, "HYRIV_ID": 60621650, "NEXT_DOWN": 60620551, "MAIN_RIV": 60443230, "LENGTH_KM": 2.4300000667572021, "DIST_DN_KM": 660.20001220703125, "DIST_UP_KM": 7.6999998092651367, "CATCH_SKM": 5.3600001335144043, "UPLAND_SKM": 21.899999618530273, "ENDORHEIC": 0, "DIS_AV_CMS": 0.53799998760223389, "ORD_STRA": 2, "ORD_CLAS": 5, "ORD_FLOW": 7, "HYBAS_L12": 6121072940.0, "Shape_Length": 2456.5850688660707 }, "geometry": { "type": "MultiLineString", "coordinates": [ [ [ 727548.790545061114244, 9632017.091591112315655 ], [ 727549.746272905846126, 9632477.94333802908659 ], [ 726163.093000635504723, 9633863.358893560245633 ] ] ] } },
{ "type": "Feature", "properties": { "OBJECTID": 428, "HYRIV_ID": 60621651, "NEXT_DOWN": 60621650, "MAIN_RIV": 60443230, "LENGTH_KM": 0.68999999761581421, "DIST_DN_KM": 662.4000244140625, "DIST_UP_KM": 3.5999999046325684, "CATCH_SKM": 7.5, "UPLAND_SKM": 7.5, "ENDORHEIC": 0, "DIS_AV_CMS": 0.18400000035762787, "ORD_STRA": 1, "ORD_CLAS": 6, "ORD_FLOW": 7, "HYBAS_L12": 6121072940.0, "Shape_Length": 704.94033955067516 }, "geometry": { "type": "MultiLineString", "coordinates": [ [ [ 728243.53959185979329, 9632015.64758912473917 ], [ 727548.790545061114244, 9632017.091591112315655 ] ] ] } },
{ "type": "Feature", "properties": { "OBJECTID": 429, "HYRIV_ID": 60621919, "NEXT_DOWN": 60621376, "MAIN_RIV": 60443230, "LENGTH_KM": 1.3500000238418579, "DIST_DN_KM": 663.0999755859375, "DIST_UP_KM": 3.5, "CATCH_SKM": 7.7100000381469727, "UPLAND_SKM": 7.6999998092651367, "ENDORHEIC": 0, "DIS_AV_CMS": 0.19099999964237213, "ORD_STRA": 1, "ORD_CLAS": 6, "ORD_FLOW": 7, "HYBAS_L12": 6121072940.0, "Shape_Length": 1364.5529143081508 }, "geometry": { "type": "MultiLineString", "coordinates": [ [ [ 723378.942684926325455, 9631334.401367042213678 ], [ 723380.352321744663641, 9632025.662972673773766 ], [ 723844.447574845980853, 9632485.560727391391993 ] ] ] } },
{ "type": "Feature", "properties": { "OBJECTID": 430, "HYRIV_ID": 60622213, "NEXT_DOWN": 60618606, "MAIN_RIV": 60443230, "LENGTH_KM": 6.5999999046325684, "DIST_DN_KM": 634.70001220703125, "DIST_UP_KM": 100.80000305175781, "CATCH_SKM": 19.719999313354492, "UPLAND_SKM": 2536.10009765625, "ENDORHEIC": 0, "DIS_AV_CMS": 63.426998138427734, "ORD_STRA": 4, "ORD_CLAS": 4, "ORD_FLOW": 5, "HYBAS_L12": 6120283880.0, "Shape_Length": 6662.3367246394027 }, "geometry": { "type": "MultiLineString", "coordinates": [ [ [ 742368.666381420916878, 9631063.546891188248992 ], [ 742372.741602264810354, 9632907.112412909045815 ], [ 742836.968703241320327, 9633366.982668992131948 ], [ 742840.013802501023747, 9634749.66017210483551 ], [ 743304.246706715901382, 9635209.534620944410563 ], [ 743305.259825014160015, 9635670.428379124030471 ], [ 742843.047274622833356, 9636132.337372340261936 ], [ 742845.063250073115341, 9637054.122015576809645 ] ] ] } },
{ "type": "Feature", "properties": { "OBJECTID": 431, "HYRIV_ID": 60622214, "NEXT_DOWN": 60622213, "MAIN_RIV": 60443230, "LENGTH_KM": 1.1599999666213989, "DIST_DN_KM": 641.29998779296875, "DIST_UP_KM": 4.5, "CATCH_SKM": 6.0, "UPLAND_SKM": 6.0, "ENDORHEIC": 0, "DIS_AV_CMS": 0.14300000667572021, "ORD_STRA": 1, "ORD_CLAS": 5, "ORD_FLOW": 7, "HYBAS_L12": 6120283880.0, "Shape_Length": 1174.4052917501799 }, "geometry": { "type": "MultiLineString", "coordinates": [ [ [ 743526.673096232349053, 9631060.974613964557648 ], [ 742368.666381420916878, 9631063.546891188248992 ] ] ] } },
{ "type": "Feature", "properties": { "OBJECTID": 432, "HYRIV_ID": 60622215, "NEXT_DOWN": 60620257, "MAIN_RIV": 60443230, "LENGTH_KM": 7.2199997901916504, "DIST_DN_KM": 639.79998779296875, "DIST_UP_KM": 10.199999809265137, "CATCH_SKM": 26.569999694824219, "UPLAND_SKM": 26.600000381469727, "ENDORHEIC": 0, "DIS_AV_CMS": 0.625, "ORD_STRA": 1, "ORD_CLAS": 6, "ORD_FLOW": 7, "HYBAS_L12": 6120281600.0, "Shape_Length": 7317.8502250350502 }, "geometry": { "type": "MultiLineString", "coordinates": [ [ [ 751864.030713086598553, 9630811.632011698558927 ], [ 749322.065419457969256, 9633352.482528200373054 ], [ 748395.607350803329609, 9633354.577427068725228 ], [ 747933.417967804474756, 9633816.52867242321372 ], [ 746543.738761154585518, 9633819.646613078191876 ], [ 746081.54360121616628, 9634281.583517936989665 ] ] ] } },
{ "type": "Feature", "properties": { "OBJECTID": 433, "HYRIV_ID": 60622490, "NEXT_DOWN": 60618904, "MAIN_RIV": 60443230, "LENGTH_KM": 14.220000267028809, "DIST_DN_KM": 637.5999755859375, "DIST_UP_KM": 17.100000381469727, "CATCH_SKM": 57.0, "UPLAND_SKM": 57.0, "ENDORHEIC": 0, "DIS_AV_CMS": 1.3810000419616699, "ORD_STRA": 1, "ORD_CLAS": 6, "ORD_FLOW": 6, "HYBAS_L12": 6120283790.0, "Shape_Length": 14395.647321612141 }, "geometry": { "type": "MultiLineString", "coordinates": [ [ [ 730787.573843672405928, 9630397.30425445176661 ], [ 730789.033920879941434, 9631088.594661833718419 ], [ 731253.178140295203775, 9631548.47780997492373 ], [ 732179.526454264763743, 9631546.517790991812944 ], [ 733572.001682287431322, 9632926.165519334375858 ], [ 734958.601150860311463, 9631540.590324446558952 ], [ 735421.784543750109151, 9631539.59555434808135 ], [ 735885.961404071538709, 9631999.472523698583245 ], [ 735887.941898890538141, 9632921.219971565529704 ], [ 736816.310033403919078, 9633840.980357591062784 ], [ 737279.508200315525755, 9633839.983969632536173 ], [ 738207.898297340376303, 9634759.744974587112665 ], [ 738671.104171815095469, 9634758.745236482471228 ], [ 740063.727975174318999, 9636138.388691373169422 ], [ 740064.725075352820568, 9636599.273405212908983 ] ] ] } },
{ "type": "Feature", "properties": { "OBJECTID": 434, "HYRIV_ID": 60622491, "NEXT_DOWN": 60622492, "MAIN_RIV": 60443230, "LENGTH_KM": 2.7400000095367432, "DIST_DN_KM": 641.9000244140625, "DIST_UP_KM": 5.9000000953674316, "CATCH_SKM": 12.430000305175781, "UPLAND_SKM": 12.399999618530273, "ENDORHEIC": 0, "DIS_AV_CMS": 0.29899999499320984, "ORD_STRA": 1, "ORD_CLAS": 5, "ORD_FLOW": 7, "HYBAS_L12": 6120283880.0, "Shape_Length": 2776.7893012441773 }, "geometry": { "type": "MultiLineString", "coordinates": [ [ [ 739357.886352997040376, 9631070.177555676549673 ], [ 740515.872250821441412, 9631067.637163108214736 ], [ 740978.052740962477401, 9630605.729870999231935 ], [ 741904.445891239447519, 9630603.682266222313046 ] ] ] } },
{ "type": "Feature", "properties": { "OBJECTID": 435, "HYRIV_ID": 60622492, "NEXT_DOWN": 60622213, "MAIN_RIV": 60443230, "LENGTH_KM": 0.6600000262260437, "DIST_DN_KM": 641.5, "DIST_UP_KM": 94.0, "CATCH_SKM": 1.5, "UPLAND_SKM": 2510.39990234375, "ENDORHEIC": 0, "DIS_AV_CMS": 62.918998718261719, "ORD_STRA": 4, "ORD_CLAS": 4, "ORD_FLOW": 5, "HYBAS_L12": 6120283880.0, "Shape_Length": 662.70360875382585 }, "geometry": { "type": "MultiLineString", "coordinates": [ [ [ 741904.445891239447519, 9630603.682266222313046 ], [ 742368.666381420916878, 9631063.546891188248992 ] ] ] } },
{ "type": "Feature", "properties": { "OBJECTID": 436, "HYRIV_ID": 60622749, "NEXT_DOWN": 60621650, "MAIN_RIV": 60443230, "LENGTH_KM": 3.2200000286102295, "DIST_DN_KM": 662.5999755859375, "DIST_UP_KM": 5.3000001907348633, "CATCH_SKM": 9.0, "UPLAND_SKM": 9.0, "ENDORHEIC": 0, "DIS_AV_CMS": 0.22200000286102295, "ORD_STRA": 1, "ORD_CLAS": 5, "ORD_FLOW": 7, "HYBAS_L12": 6121072940.0, "Shape_Length": 3258.0696848271382 }, "geometry": { "type": "MultiLineString", "coordinates": [ [ [ 725460.283000272931531, 9629947.587971743196249 ], [ 726156.443338252604008, 9630637.421635206788778 ], [ 726157.39686606253963, 9631098.269937105476856 ], [ 726620.555120890960097, 9631097.311227764934301 ], [ 727548.790545061114244, 9632017.091591112315655 ] ] ] } },
{ "type": "Feature", "properties": { "OBJECTID": 437, "HYRIV_ID": 60623093, "NEXT_DOWN": 60622492, "MAIN_RIV": 60443230, "LENGTH_KM": 0.93000000715255737, "DIST_DN_KM": 641.9000244140625, "DIST_UP_KM": 93.5, "CATCH_SKM": 1.0700000524520874, "UPLAND_SKM": 2496.5, "ENDORHEIC": 0, "DIS_AV_CMS": 62.591999053955078, "ORD_STRA": 4, "ORD_CLAS": 4, "ORD_FLOW": 5, "HYBAS_L12": 6120283880.0, "Shape_Length": 934.86598661793505 }, "geometry": { "type": "MultiLineString", "coordinates": [ [ [ 741902.402016478008591, 9629681.901818981394172 ], [ 741904.445891239447519, 9630603.682266222313046 ] ] ] } },
{ "type": "Feature", "properties": { "OBJECTID": 438, "HYRIV_ID": 60623906, "NEXT_DOWN": 60623907, "MAIN_RIV": 60443230, "LENGTH_KM": 3.0099999904632568, "DIST_DN_KM": 644.4000244140625, "DIST_UP_KM": 5.9000000953674316, "CATCH_SKM": 8.3599996566772461, "UPLAND_SKM": 8.3999996185302734, "ENDORHEIC": 0, "DIS_AV_CMS": 0.20200000703334808, "ORD_STRA": 1, "ORD_CLAS": 5, "ORD_FLOW": 7, "HYBAS_L12": 6120283880.0, "Shape_Length": 3053.624895544388 }, "geometry": { "type": "MultiLineString", "coordinates": [ [ [ 738425.452299408963881, 9628306.916354060173035 ], [ 741436.139262376003899, 9628300.262021066620946 ] ] ] } },
{ "type": "Feature", "properties": { "OBJECTID": 439, "HYRIV_ID": 60623907, "NEXT_DOWN": 60623093, "MAIN_RIV": 60443230, "LENGTH_KM": 1.5800000429153442, "DIST_DN_KM": 643.0, "DIST_UP_KM": 92.400001525878906, "CATCH_SKM": 2.7899999618530273, "UPLAND_SKM": 2483.60009765625, "ENDORHEIC": 0, "DIS_AV_CMS": 62.300998687744141, "ORD_STRA": 4, "ORD_CLAS": 4, "ORD_FLOW": 5, "HYBAS_L12": 6120283880.0, "Shape_Length": 1597.5853580738376 }, "geometry": { "type": "MultiLineString", "coordinates": [ [ [ 741436.139262376003899, 9628300.262021066620946 ], [ 741438.186808709171601, 9629222.040132826194167 ], [ 741902.402016478008591, 9629681.901818981394172 ] ] ] } },
{ "type": "Feature", "properties": { "OBJECTID": 440, "HYRIV_ID": 60623908, "NEXT_DOWN": 60623093, "MAIN_RIV": 60443230, "LENGTH_KM": 2.75, "DIST_DN_KM": 643.0, "DIST_UP_KM": 5.0999999046325684, "CATCH_SKM": 11.789999961853027, "UPLAND_SKM": 11.800000190734863, "ENDORHEIC": 0, "DIS_AV_CMS": 0.28099998831748962, "ORD_STRA": 1, "ORD_CLAS": 5, "ORD_FLOW": 7, "HYBAS_L12": 6120283880.0, "Shape_Length": 2789.1422412195834 }, "geometry": { "type": "MultiLineString", "coordinates": [ [ [ 743983.167635411256924, 9628064.118058975785971 ], [ 743289.928788441815414, 9628757.019633522257209 ], [ 742826.735517256660387, 9628758.055519064888358 ], [ 741902.402016478008591, 9629681.901818981394172 ] ] ] } },
{ "type": "Feature", "properties": { "OBJECTID": 441, "HYRIV_ID": 60624471, "NEXT_DOWN": 60625541, "MAIN_RIV": 60443230, "LENGTH_KM": 4.320000171661377, "DIST_DN_KM": 677.20001220703125, "DIST_UP_KM": 6.8000001907348633, "CATCH_SKM": 18.430000305175781, "UPLAND_SKM": 18.399999618530273, "ENDORHEIC": 0, "DIS_AV_CMS": 0.460999995470047, "ORD_STRA": 1, "ORD_CLAS": 6, "ORD_FLOW": 7, "HYBAS_L12": 6120287730.0, "Shape_Length": 4366.4739492805884 }, "geometry": { "type": "MultiLineString", "coordinates": [ [ [ 719210.62663772853557, 9631342.829721286892891 ], [ 719206.46139525109902, 9629269.091458540409803 ], [ 718742.402947419788688, 9628809.193603662773967 ], [ 718740.545820941682905, 9627887.534203333780169 ], [ 718276.493003252428025, 9627427.638906659558415 ] ] ] } },
{ "type": "Feature", "properties": { "OBJECTID": 442, "HYRIV_ID": 60624752, "NEXT_DOWN": 60623907, "MAIN_RIV": 60443230, "LENGTH_KM": 1.3899999856948853, "DIST_DN_KM": 644.4000244140625, "DIST_UP_KM": 91.0, "CATCH_SKM": 2.7899999618530273, "UPLAND_SKM": 2472.5, "ENDORHEIC": 0, "DIS_AV_CMS": 62.056999206542969, "ORD_STRA": 4, "ORD_CLAS": 4, "ORD_FLOW": 5, "HYBAS_L12": 6120283880.0, "Shape_Length": 1402.3163752231108 }, "geometry": { "type": "MultiLineString", "coordinates": [ [ [ 741433.058286905055866, 9626917.594600025564432 ], [ 741436.139262376003899, 9628300.262021066620946 ] ] ] } },
{ "type": "Feature", "properties": { "OBJECTID": 443, "HYRIV_ID": 60624753, "NEXT_DOWN": 60625546, "MAIN_RIV": 60443230, "LENGTH_KM": 5.179999828338623, "DIST_DN_KM": 660.20001220703125, "DIST_UP_KM": 7.5999999046325684, "CATCH_SKM": 22.709999084472656, "UPLAND_SKM": 22.700000762939453, "ENDORHEIC": 0, "DIS_AV_CMS": 0.53200000524520874, "ORD_STRA": 1, "ORD_CLAS": 8, "ORD_FLOW": 7, "HYBAS_L12": 6120286710.0, "Shape_Length": 5242.9922352189415 }, "geometry": { "type": "MultiLineString", "coordinates": [ [ [ 754642.341853329213336, 9630344.265832388773561 ], [ 755335.574096901342273, 9629651.250410813838243 ], [ 755334.493298212997615, 9629190.322146518155932 ], [ 754405.877898183767684, 9628270.640782508999109 ], [ 753942.655093396897428, 9628271.725437683984637 ], [ 752549.771709010470659, 9626892.206387687474489 ] ] ] } },
{ "type": "Feature", "properties": { "OBJECTID": 444, "HYRIV_ID": 60625264, "NEXT_DOWN": 60625541, "MAIN_RIV": 60443230, "LENGTH_KM": 11.569999694824219, "DIST_DN_KM": 677.0, "DIST_UP_KM": 14.0, "CATCH_SKM": 38.139999389648438, "UPLAND_SKM": 38.099998474121094, "ENDORHEIC": 0, "DIS_AV_CMS": 0.96299999952316284, "ORD_STRA": 1, "ORD_CLAS": 5, "ORD_FLOW": 7, "HYBAS_L12": 6120287730.0, "Shape_Length": 11715.095932879383 }, "geometry": { "type": "MultiLineString", "coordinates": [ [ [ 714348.161026836605743, 9631582.871183779090643 ], [ 713653.467499770107679, 9631584.228754540905356 ], [ 713189.442139171645977, 9631124.315401114523411 ], [ 713185.840447044931352, 9629281.051716139540076 ], [ 714110.26175059331581, 9628357.596799027174711 ], [ 714105.703377659199759, 9626053.504680143669248 ], [ 715031.917174463975243, 9626051.662707611918449 ], [ 715959.977988315513358, 9626971.458709679543972 ], [ 716423.092843381338753, 9626970.532996419817209 ], [ 716887.132362087490037, 9627430.430469073355198 ], [ 718276.493003252428025, 9627427.638906659558415 ] ] ] } },
{ "type": "Feature", "properties": { "OBJECTID": 445, "HYRIV_ID": 60625265, "NEXT_DOWN": 60625546, "MAIN_RIV": 60443230, "LENGTH_KM": 1.309999942779541, "DIST_DN_KM": 660.20001220703125, "DIST_UP_KM": 12.199999809265137, "CATCH_SKM": 2.1400001049041748, "UPLAND_SKM": 55.099998474121094, "ENDORHEIC": 0, "DIS_AV_CMS": 1.2929999828338623, "ORD_STRA": 2, "ORD_CLAS": 7, "ORD_FLOW": 6, "HYBAS_L12": 6120286710.0, "Shape_Length": 1324.988000400079 }, "geometry": { "type": "MultiLineString", "coordinates": [ [ [ 753474.035445835557766, 9625968.192819146439433 ], [ 752549.771709010470659, 9626892.206387687474489 ] ] ] } },
{ "type": "Feature", "properties": { "OBJECTID": 446, "HYRIV_ID": 60625266, "NEXT_DOWN": 60625265, "MAIN_RIV": 60443230, "LENGTH_KM": 3.4700000286102295, "DIST_DN_KM": 661.29998779296875, "DIST_UP_KM": 6.0999999046325684, "CATCH_SKM": 15.859999656677246, "UPLAND_SKM": 15.899999618530273, "ENDORHEIC": 0, "DIS_AV_CMS": 0.37099999189376831, "ORD_STRA": 1, "ORD_CLAS": 8, "ORD_FLOW": 7, "HYBAS_L12": 6120286710.0, "Shape_Length": 3521.8753529220185 }, "geometry": { "type": "MultiLineString", "coordinates": [ [ [ 756948.155191365629435, 9625959.974167134612799 ], [ 753474.035445835557766, 9625968.192819146439433 ] ] ] } },
{ "type": "Feature", "properties": { "OBJECTID": 447, "HYRIV_ID": 60625541, "NEXT_DOWN": 60626354, "MAIN_RIV": 60443230, "LENGTH_KM": 2.4300000667572021, "DIST_DN_KM": 674.79998779296875, "DIST_UP_KM": 16.299999237060547, "CATCH_SKM": 9.4300003051757812, "UPLAND_SKM": 66.0, "ENDORHEIC": 0, "DIS_AV_CMS": 1.6610000133514404, "ORD_STRA": 2, "ORD_CLAS": 5, "ORD_FLOW": 6, "HYBAS_L12": 6120287730.0, "Shape_Length": 2457.0737325133073 }, "geometry": { "type": "MultiLineString", "coordinates": [ [ [ 718276.493003252428025, 9627427.638906659558415 ], [ 718275.563596667838283, 9626966.810271721333265 ], [ 719662.115719094756059, 9625581.500850701704621 ] ] ] } },
{ "type": "Feature", "properties": { "OBJECTID": 448, "HYRIV_ID": 60625542, "NEXT_DOWN": 60626354, "MAIN_RIV": 60443230, "LENGTH_KM": 2.5499999523162842, "DIST_DN_KM": 674.5999755859375, "DIST_UP_KM": 5.0, "CATCH_SKM": 7.929999828338623, "UPLAND_SKM": 7.9000000953674316, "ENDORHEIC": 0, "DIS_AV_CMS": 0.19799999892711639, "ORD_STRA": 1, "ORD_CLAS": 6, "ORD_FLOW": 7, "HYBAS_L12": 6120287730.0, "Shape_Length": 2579.3418730376002 }, "geometry": { "type": "MultiLineString", "coordinates": [ [ [ 721053.833365378552116, 9626730.748833864927292 ], [ 721051.473513265140355, 9625578.659627981483936 ], [ 719662.115719094756059, 9625581.500850701704621 ] ] ] } },
{ "type": "Feature", "properties": { "OBJECTID": 449, "HYRIV_ID": 60625543, "NEXT_DOWN": 60624752, "MAIN_RIV": 60443230, "LENGTH_KM": 1.5800000429153442, "DIST_DN_KM": 646.0, "DIST_UP_KM": 62.599998474121094, "CATCH_SKM": 1.7100000381469727, "UPLAND_SKM": 1310.9000244140625, "ENDORHEIC": 0, "DIS_AV_CMS": 32.279998779296875, "ORD_STRA": 4, "ORD_CLAS": 5, "ORD_FLOW": 5, "HYBAS_L12": 6120286430.0, "Shape_Length": 1597.5645031493968 }, "geometry": { "type": "MultiLineString", "coordinates": [ [ [ 741893.141475770738907, 9625533.888029336929321 ], [ 741895.208305841661058, 9626455.669125597923994 ], [ 741433.058286905055866, 9626917.594600025564432 ] ] ] } },
{ "type": "Feature", "properties": { "OBJECTID": 450, "HYRIV_ID": 60625544, "NEXT_DOWN": 60625829, "MAIN_RIV": 60443230, "LENGTH_KM": 2.7400000095367432, "DIST_DN_KM": 654.5999755859375, "DIST_UP_KM": 4.9000000953674316, "CATCH_SKM": 11.789999961853027, "UPLAND_SKM": 11.800000190734863, "ENDORHEIC": 0, "DIS_AV_CMS": 0.27900001406669617, "ORD_STRA": 1, "ORD_CLAS": 8, "ORD_FLOW": 7, "HYBAS_L12": 6120286710.0, "Shape_Length": 2765.6432390363352 }, "geometry": { "type": "MultiLineString", "coordinates": [ [ [ 748846.76387218083255, 9628053.070825330913067 ], [ 748845.176569055998698, 9627361.706195132806897 ], [ 748380.915757846087217, 9626901.86114021204412 ], [ 748377.734265051549301, 9625519.135352097451687 ] ] ] } },
{ "type": "Feature", "properties": { "OBJECTID": 451, "HYRIV_ID": 60625545, "NEXT_DOWN": 60625829, "MAIN_RIV": 60443230, "LENGTH_KM": 2.7000000476837158, "DIST_DN_KM": 654.5999755859375, "DIST_UP_KM": 17.799999237060547, "CATCH_SKM": 5.3600001335144043, "UPLAND_SKM": 99.0, "ENDORHEIC": 0, "DIS_AV_CMS": 2.3239998817443848, "ORD_STRA": 2, "ORD_CLAS": 7, "ORD_FLOW": 6, "HYBAS_L12": 6120286710.0, "Shape_Length": 2734.0654050709263 }, "geometry": { "type": "MultiLineString", "coordinates": [ [ [ 750693.72230704757385, 9625513.771727778017521 ], [ 750230.522079683141783, 9625514.848527582362294 ], [ 749768.390860317158513, 9625976.835777727887034 ], [ 749304.125493214465678, 9625516.995956093072891 ], [ 748377.734265051549301, 9625519.135352097451687 ] ] ] } },
{ "type": "Feature", "properties": { "OBJECTID": 452, "HYRIV_ID": 60625546, "NEXT_DOWN": 60625545, "MAIN_RIV": 60443230, "LENGTH_KM": 2.7000000476837158, "DIST_DN_KM": 657.5, "DIST_UP_KM": 14.899999618530273, "CATCH_SKM": 7.2899999618530273, "UPLAND_SKM": 85.099998474121094, "ENDORHEIC": 0, "DIS_AV_CMS": 1.9960000514984131, "ORD_STRA": 2, "ORD_CLAS": 7, "ORD_FLOW": 6, "HYBAS_L12": 6120286710.0, "Shape_Length": 2731.6224785360364 }, "geometry": { "type": "MultiLineString", "coordinates": [ [ [ 752549.771709010470659, 9626892.206387687474489 ], [ 751623.34996808192227, 9626894.365780226886272 ], [ 751159.069974733283743, 9626434.526092505082488 ], [ 751157.997620786423795, 9625973.609536336734891 ], [ 750693.72230704757385, 9625513.771727778017521 ] ] ] } },
{ "type": "Feature", "properties": { "OBJECTID": 453, "HYRIV_ID": 60625826, "NEXT_DOWN": 60626357, "MAIN_RIV": 60443230, "LENGTH_KM": 2.4700000286102295, "DIST_DN_KM": 653.20001220703125, "DIST_UP_KM": 4.5, "CATCH_SKM": 9.6400003433227539, "UPLAND_SKM": 9.6000003814697266, "ENDORHEIC": 0, "DIS_AV_CMS": 0.23499999940395355, "ORD_STRA": 1, "ORD_CLAS": 5, "ORD_FLOW": 7, "HYBAS_L12": 6120286420.0, "Shape_Length": 2500.2418813919098 }, "geometry": { "type": "MultiLineString", "coordinates": [ [ [ 733788.752017588354647, 9626012.647707102820277 ], [ 734483.48757821531035, 9626011.140010995790362 ], [ 735407.792162046418525, 9625087.376778518781066 ], [ 735870.949280353845097, 9625086.362705083563924 ] ] ] } },
{ "type": "Feature", "properties": { "OBJECTID": 454, "HYRIV_ID": 60625827, "NEXT_DOWN": 60626357, "MAIN_RIV": 60443230, "LENGTH_KM": 1.6399999856948853, "DIST_DN_KM": 653.4000244140625, "DIST_UP_KM": 3.7999999523162842, "CATCH_SKM": 6.0, "UPLAND_SKM": 6.0, "ENDORHEIC": 0, "DIS_AV_CMS": 0.14599999785423279, "ORD_STRA": 1, "ORD_CLAS": 6, "ORD_FLOW": 7, "HYBAS_L12": 6120286420.0, "Shape_Length": 1657.0084590056304 }, "geometry": { "type": "MultiLineString", "coordinates": [ [ [ 736105.052224023034796, 9626238.041933234781027 ], [ 735408.799677619943395, 9625548.249730521813035 ], [ 735870.949280353845097, 9625086.362705083563924 ] ] ] } },
{ "type": "Feature", "properties": { "OBJECTID": 455, "HYRIV_ID": 60625828, "NEXT_DOWN": 60625543, "MAIN_RIV": 60443230, "LENGTH_KM": 3.809999942779541, "DIST_DN_KM": 647.4000244140625, "DIST_UP_KM": 28.600000381469727, "CATCH_SKM": 9.4300003051757812, "UPLAND_SKM": 265.5, "ENDORHEIC": 0, "DIS_AV_CMS": 6.2930002212524414, "ORD_STRA": 3, "ORD_CLAS": 6, "ORD_FLOW": 6, "HYBAS_L12": 6120286620.0, "Shape_Length": 3866.9055862192308 }, "geometry": { "type": "MultiLineString", "coordinates": [ [ [ 745134.356844850117341, 9625065.66106023453176 ], [ 744671.174360749660991, 9625066.715127060189843 ], [ 743746.89834594889544, 9625990.608576819300652 ], [ 742820.534394850837998, 9625992.697592072188854 ], [ 742356.318263538996689, 9625532.847253821790218 ], [ 741893.141475770738907, 9625533.888029336929321 ] ] ] } },
{ "type": "Feature", "properties": { "OBJECTID": 456, "HYRIV_ID": 60625829, "NEXT_DOWN": 60625828, "MAIN_RIV": 60443230, "LENGTH_KM": 3.4300000667572021, "DIST_DN_KM": 651.20001220703125, "DIST_UP_KM": 21.200000762939453, "CATCH_SKM": 10.069999694824219, "UPLAND_SKM": 120.90000152587891, "ENDORHEIC": 0, "DIS_AV_CMS": 2.8410000801086426, "ORD_STRA": 2, "ORD_CLAS": 7, "ORD_FLOW": 6, "HYBAS_L12": 6120286710.0, "Shape_Length": 3480.7238627310171 }, "geometry": { "type": "MultiLineString", "coordinates": [ [ [ 748377.734265051549301, 9625519.135352097451687 ], [ 747451.348200302221812, 9625521.26681767962873 ], [ 746987.100089467829093, 9625061.424822978675365 ], [ 745134.356844850117341, 9625065.66106023453176 ] ] ] } },
{ "type": "Feature", "properties": { "OBJECTID": 457, "HYRIV_ID": 60626354, "NEXT_DOWN": 60626355, "MAIN_RIV": 60443230, "LENGTH_KM": 1.7699999809265137, "DIST_DN_KM": 673.0, "DIST_UP_KM": 18.0, "CATCH_SKM": 2.7899999618530273, "UPLAND_SKM": 76.699996948242188, "ENDORHEIC": 0, "DIS_AV_CMS": 1.9290000200271606, "ORD_STRA": 2, "ORD_CLAS": 5, "ORD_FLOW": 6, "HYBAS_L12": 6120287730.0, "Shape_Length": 1793.8857427335884 }, "geometry": { "type": "MultiLineString", "coordinates": [ [ [ 719662.115719094756059, 9625581.500850701704621 ], [ 720124.291824020212516, 9625119.722375348210335 ], [ 720123.348741094465367, 9624658.888872293755412 ], [ 720585.517690503853373, 9624197.10481184348464 ] ] ] } },
{ "type": "Feature", "properties": { "OBJECTID": 458, "HYRIV_ID": 60626355, "NEXT_DOWN": 60628321, "MAIN_RIV": 60443230, "LENGTH_KM": 0.46000000834465027, "DIST_DN_KM": 672.4000244140625, "DIST_UP_KM": 18.700000762939453, "CATCH_SKM": 1.0700000524520874, "UPLAND_SKM": 89.400001525878906, "ENDORHEIC": 0, "DIS_AV_CMS": 2.247999906539917, "ORD_STRA": 2, "ORD_CLAS": 5, "ORD_FLOW": 6, "HYBAS_L12": 6120287730.0, "Shape_Length": 470.01734287002694 }, "geometry": { "type": "MultiLineString", "coordinates": [ [ [ 720585.517690503853373, 9624197.10481184348464 ], [ 721048.632177759078331, 9624196.152325691655278 ] ] ] } },
{ "type": "Feature", "properties": { "OBJECTID": 459, "HYRIV_ID": 60626356, "NEXT_DOWN": 60628321, "MAIN_RIV": 60443230, "LENGTH_KM": 1.9099999666213989, "DIST_DN_KM": 672.4000244140625, "DIST_UP_KM": 5.9000000953674316, "CATCH_SKM": 6.0, "UPLAND_SKM": 6.0, "ENDORHEIC": 0, "DIS_AV_CMS": 0.15000000596046448, "ORD_STRA": 1, "ORD_CLAS": 6, "ORD_FLOW": 7, "HYBAS_L12": 6120287730.0, "Shape_Length": 1934.5834267145958 }, "geometry": { "type": "MultiLineString", "coordinates": [ [ [ 722670.974507362698205, 9624884.062477963045239 ], [ 721974.864651899086311, 9624194.241212317720056 ], [ 721048.632177759078331, 9624196.152325691655278 ] ] ] } },
{ "type": "Feature", "properties": { "OBJECTID": 460, "HYRIV_ID": 60626357, "NEXT_DOWN": 60626358, "MAIN_RIV": 60443230, "LENGTH_KM": 1.1200000047683716, "DIST_DN_KM": 652.0999755859375, "DIST_UP_KM": 5.5999999046325684, "CATCH_SKM": 2.1400001049041748, "UPLAND_SKM": 17.799999237060547, "ENDORHEIC": 0, "DIS_AV_CMS": 0.43299999833106995, "ORD_STRA": 2, "ORD_CLAS": 5, "ORD_FLOW": 7, "HYBAS_L12": 6120286420.0, "Shape_Length": 1130.2974447876345 }, "geometry": { "type": "MultiLineString", "coordinates": [ [ [ 735870.949280353845097, 9625086.362705083563924 ], [ 736333.09491836593952, 9624624.47099339030683 ], [ 736332.080995188094676, 9624163.595488796010613 ] ] ] } },
{ "type": "Feature", "properties": { "OBJECTID": 461, "HYRIV_ID": 60626358, "NEXT_DOWN": 60624752, "MAIN_RIV": 60443230, "LENGTH_KM": 6.2399997711181641, "DIST_DN_KM": 646.0, "DIST_UP_KM": 89.400001525878906, "CATCH_SKM": 22.709999084472656, "UPLAND_SKM": 1158.800048828125, "ENDORHEIC": 0, "DIS_AV_CMS": 29.732999801635742, "ORD_STRA": 3, "ORD_CLAS": 4, "ORD_FLOW": 5, "HYBAS_L12": 6120286420.0, "Shape_Length": 6325.3927099221701 }, "geometry": { "type": "MultiLineString", "coordinates": [ [ [ 736332.080995188094676, 9624163.595488796010613 ], [ 737721.551677004666999, 9624160.527735359966755 ], [ 739578.300794029026292, 9625999.946342650800943 ], [ 740041.473171745194122, 9625998.916801381856203 ], [ 740505.673665473470464, 9626458.771972719579935 ], [ 740968.850585734471679, 9626457.739679472520947 ], [ 741433.058286905055866, 9626917.594600025564432 ] ] ] } },
{ "type": "Feature", "properties": { "OBJECTID": 462, "HYRIV_ID": 60626359, "NEXT_DOWN": 60625545, "MAIN_RIV": 60443230, "LENGTH_KM": 1.6200000047683716, "DIST_DN_KM": 657.29998779296875, "DIST_UP_KM": 3.7999999523162842, "CATCH_SKM": 8.5699996948242188, "UPLAND_SKM": 8.6000003814697266, "ENDORHEIC": 0, "DIS_AV_CMS": 0.20299999415874481, "ORD_STRA": 1, "ORD_CLAS": 8, "ORD_FLOW": 7, "HYBAS_L12": 6120286710.0, "Shape_Length": 1635.6235829190098 }, "geometry": { "type": "MultiLineString", "coordinates": [ [ [ 750689.960869092377834, 9623900.568340688943863 ], [ 750693.72230704757385, 9625513.771727778017521 ] ] ] } },
{ "type": "Feature", "properties": { "OBJECTID": 463, "HYRIV_ID": 60626360, "NEXT_DOWN": 60625265, "MAIN_RIV": 60443230, "LENGTH_KM": 2.0399999618530273, "DIST_DN_KM": 661.29998779296875, "DIST_UP_KM": 11.100000381469727, "CATCH_SKM": 3.4300000667572021, "UPLAND_SKM": 37.099998474121094, "ENDORHEIC": 0, "DIS_AV_CMS": 0.87199997901916504, "ORD_STRA": 2, "ORD_CLAS": 7, "ORD_FLOW": 7, "HYBAS_L12": 6120286710.0, "Shape_Length": 2064.3329988853884 }, "geometry": { "type": "MultiLineString", "coordinates": [ [ [ 753932.896574373240583, 9624123.405232816934586 ], [ 753470.780528869130649, 9624585.423177171498537 ], [ 753474.035445835557766, 9625968.192819146439433 ] ] ] } },
{ "type": "Feature", "properties": { "OBJECTID": 464, "HYRIV_ID": 60626921, "NEXT_DOWN": 60626355, "MAIN_RIV": 60443230, "LENGTH_KM": 2.4700000286102295, "DIST_DN_KM": 673.0, "DIST_UP_KM": 4.6999998092651367, "CATCH_SKM": 11.569999694824219, "UPLAND_SKM": 11.600000381469727, "ENDORHEIC": 0, "DIS_AV_CMS": 0.29199999570846558, "ORD_STRA": 1, "ORD_CLAS": 6, "ORD_FLOW": 7, "HYBAS_L12": 6120287730.0, "Shape_Length": 2501.2547509513006 }, "geometry": { "type": "MultiLineString", "coordinates": [ [ [ 718499.638902880251408, 9623279.70753032900393 ], [ 719657.404173686169088, 9623277.339158138260245 ], [ 720585.517690503853373, 9624197.10481184348464 ] ] ] } },
{ "type": "Feature", "properties": { "OBJECTID": 465, "HYRIV_ID": 60626922, "NEXT_DOWN": 60626358, "MAIN_RIV": 60443230, "LENGTH_KM": 2.7000000476837158, "DIST_DN_KM": 652.20001220703125, "DIST_UP_KM": 83.199996948242188, "CATCH_SKM": 5.3600001335144043, "UPLAND_SKM": 1118.300048828125, "ENDORHEIC": 0, "DIS_AV_CMS": 28.791000366210938, "ORD_STRA": 3, "ORD_CLAS": 4, "ORD_FLOW": 5, "HYBAS_L12": 6120286420.0, "Shape_Length": 2735.0909630374449 }, "geometry": { "type": "MultiLineString", "coordinates": [ [ [ 734014.309854398714378, 9623246.929621251299977 ], [ 734940.601890166290104, 9623244.901561763137579 ], [ 735404.762313735554926, 9623704.757622024044394 ], [ 735867.913371833157726, 9623703.739772321656346 ], [ 736332.080995188094676, 9624163.595488796010613 ] ] ] } },
{ "type": "Feature", "properties": { "OBJECTID": 466, "HYRIV_ID": 60627226, "NEXT_DOWN": 60627755, "MAIN_RIV": 60443230, "LENGTH_KM": 6.2800002098083496, "DIST_DN_KM": 660.0999755859375, "DIST_UP_KM": 10.100000381469727, "CATCH_SKM": 17.790000915527344, "UPLAND_SKM": 17.799999237060547, "ENDORHEIC": 0, "DIS_AV_CMS": 0.43900001049041748, "ORD_STRA": 1, "ORD_CLAS": 5, "ORD_FLOW": 7, "HYBAS_L12": 6120286420.0, "Shape_Length": 6362.2350495177498 }, "geometry": { "type": "MultiLineString", "coordinates": [ [ [ 726379.377339899539948, 9626489.300566922873259 ], [ 727074.086639202199876, 9626487.842456083744764 ], [ 727073.11727270053234, 9626026.991446081548929 ], [ 727535.283683273592032, 9625565.163438791409135 ], [ 727534.309958897763863, 9625104.311128811910748 ], [ 727997.446235718438402, 9625103.331034936010838 ], [ 728459.604830204742029, 9624641.494137646630406 ], [ 728458.624698873376474, 9624180.639365548267961 ], [ 729845.066932210931554, 9622795.098373154178262 ], [ 730308.199240549351089, 9622794.102219276130199 ] ] ] } },
{ "type": "Feature", "properties": { "OBJECTID": 467, "HYRIV_ID": 60627227, "NEXT_DOWN": 60627755, "MAIN_RIV": 60443230, "LENGTH_KM": 5.9000000953674316, "DIST_DN_KM": 660.0999755859375, "DIST_UP_KM": 8.8000001907348633, "CATCH_SKM": 14.140000343322754, "UPLAND_SKM": 14.100000381469727, "ENDORHEIC": 0, "DIS_AV_CMS": 0.34700000286102295, "ORD_STRA": 1, "ORD_CLAS": 6, "ORD_FLOW": 7, "HYBAS_L12": 6120286420.0, "Shape_Length": 5968.856579786031 }, "geometry": { "type": "MultiLineString", "coordinates": [ [ [ 729622.356144112767652, 9626943.315243694931269 ], [ 730317.081104771932587, 9626941.83803940191865 ], [ 730315.115797255071811, 9626020.119161892682314 ], [ 731239.434002986410633, 9625096.413963815197349 ], [ 731235.46333722001873, 9623252.96585776284337 ], [ 730771.332842330448329, 9622793.103916093707085 ], [ 730308.199240549351089, 9622794.102219276130199 ] ] ] } },
{ "type": "Feature", "properties": { "OBJECTID": 468, "HYRIV_ID": 60627228, "NEXT_DOWN": 60625828, "MAIN_RIV": 60443230, "LENGTH_KM": 2.7000000476837158, "DIST_DN_KM": 651.20001220703125, "DIST_UP_KM": 24.700000762939453, "CATCH_SKM": 5.570000171661377, "UPLAND_SKM": 135.19999694824219, "ENDORHEIC": 0, "DIS_AV_CMS": 3.2320001125335693, "ORD_STRA": 3, "ORD_CLAS": 6, "ORD_FLOW": 6, "HYBAS_L12": 6120286830.0, "Shape_Length": 2727.3900257618966 }, "geometry": { "type": "MultiLineString", "coordinates": [ [ [ 746055.440511448541656, 9622759.035654466599226 ], [ 746057.558517669094726, 9623680.840237498283386 ], [ 745133.306415132130496, 9624604.761478235945106 ], [ 745134.356844850117341, 9625065.66106023453176 ] ] ] } },
{ "type": "Feature", "properties": { "OBJECTID": 469, "HYRIV_ID": 60627755, "NEXT_DOWN": 60627756, "MAIN_RIV": 60443230, "LENGTH_KM": 1.309999942779541, "DIST_DN_KM": 658.9000244140625, "DIST_UP_KM": 76.5, "CATCH_SKM": 1.2899999618530273, "UPLAND_SKM": 1060.9000244140625, "ENDORHEIC": 0, "DIS_AV_CMS": 27.423999786376953, "ORD_STRA": 3, "ORD_CLAS": 4, "ORD_FLOW": 5, "HYBAS_L12": 6120286420.0, "Shape_Length": 1325.7650405508048 }, "geometry": { "type": "MultiLineString", "coordinates": [ [ [ 730308.199240549351089, 9622794.102219276130199 ], [ 731232.472599071334116, 9621870.379410853609443 ] ] ] } },
{ "type": "Feature", "properties": { "OBJECTID": 470, "HYRIV_ID": 60627756, "NEXT_DOWN": 60626922, "MAIN_RIV": 60443230, "LENGTH_KM": 4.0100002288818359, "DIST_DN_KM": 654.9000244140625, "DIST_UP_KM": 80.5, "CATCH_SKM": 10.710000038146973, "UPLAND_SKM": 1097.0999755859375, "ENDORHEIC": 0, "DIS_AV_CMS": 28.291000366210938, "ORD_STRA": 3, "ORD_CLAS": 4, "ORD_FLOW": 5, "HYBAS_L12": 6120286420.0, "Shape_Length": 4058.6735142906136 }, "geometry": { "type": "MultiLineString", "coordinates": [ [ [ 731232.472599071334116, 9621870.379410853609443 ], [ 731695.604592663818039, 9621869.374784301966429 ], [ 732159.739979815785773, 9622329.232663057744503 ], [ 732160.740928980056196, 9622790.097298303619027 ], [ 733089.025251129292883, 9623709.816692739725113 ], [ 733552.17013421934098, 9623708.808903114870191 ], [ 734014.309854398714378, 9623246.929621251299977 ] ] ] } },
{ "type": "Feature", "properties": { "OBJECTID": 471, "HYRIV_ID": 60627757, "NEXT_DOWN": 60626360, "MAIN_RIV": 60443230, "LENGTH_KM": 2.9300000667572021, "DIST_DN_KM": 663.4000244140625, "DIST_UP_KM": 5.6999998092651367, "CATCH_SKM": 12.859999656677246, "UPLAND_SKM": 12.899999618530273, "ENDORHEIC": 0, "DIS_AV_CMS": 0.30300000309944153, "ORD_STRA": 1, "ORD_CLAS": 8, "ORD_FLOW": 7, "HYBAS_L12": 6120286710.0, "Shape_Length": 2960.3686623876551 }, "geometry": { "type": "MultiLineString", "coordinates": [ [ [ 754853.269034072756767, 9621586.109257344156504 ], [ 754856.019011051626876, 9622738.427854798734188 ], [ 753931.805547851487063, 9623662.480598332360387 ], [ 753932.896574373240583, 9624123.405232816934586 ] ] ] } },
{ "type": "Feature", "properties": { "OBJECTID": 472, "HYRIV_ID": 60628044, "NEXT_DOWN": 60628045, "MAIN_RIV": 60443230, "LENGTH_KM": 3.9500000476837158, "DIST_DN_KM": 663.9000244140625, "DIST_UP_KM": 6.5, "CATCH_SKM": 11.569999694824219, "UPLAND_SKM": 11.600000381469727, "ENDORHEIC": 0, "DIS_AV_CMS": 0.28700000047683716, "ORD_STRA": 1, "ORD_CLAS": 5, "ORD_FLOW": 7, "HYBAS_L12": 6120286420.0, "Shape_Length": 3995.5418527518759 }, "geometry": { "type": "MultiLineString", "coordinates": [ [ [ 725912.858723888755776, 9624877.301967058330774 ], [ 726606.097899400163442, 9624184.565637156367302 ], [ 726604.150083001586609, 9623262.865632941946387 ], [ 727066.298223851947114, 9622801.033446472138166 ], [ 727063.357894749846309, 9621418.479497352614999 ] ] ] } },
{ "type": "Feature", "properties": { "OBJECTID": 473, "HYRIV_ID": 60628045, "NEXT_DOWN": 60628046, "MAIN_RIV": 60443230, "LENGTH_KM": 0.93000000715255737, "DIST_DN_KM": 663.0, "DIST_UP_KM": 72.5, "CATCH_SKM": 1.0700000524520874, "UPLAND_SKM": 978.20001220703125, "ENDORHEIC": 0, "DIS_AV_CMS": 25.395000457763672, "ORD_STRA": 3, "ORD_CLAS": 4, "ORD_FLOW": 5, "HYBAS_L12": 6120286420.0, "Shape_Length": 939.83459096557522 }, "geometry": { "type": "MultiLineString", "coordinates": [ [ [ 727063.357894749846309, 9621418.479497352614999 ], [ 727989.597243488766253, 9621416.50196778960526 ] ] ] } },
{ "type": "Feature", "properties": { "OBJECTID": 474, "HYRIV_ID": 60628046, "NEXT_DOWN": 60627755, "MAIN_RIV": 60443230, "LENGTH_KM": 2.8900001049041748, "DIST_DN_KM": 660.29998779296875, "DIST_UP_KM": 75.199996948242188, "CATCH_SKM": 5.570000171661377, "UPLAND_SKM": 1027.699951171875, "ENDORHEIC": 0, "DIS_AV_CMS": 26.613000869750977, "ORD_STRA": 3, "ORD_CLAS": 4, "ORD_FLOW": 5, "HYBAS_L12": 6120286420.0, "Shape_Length": 2928.5283632946976 }, "geometry": { "type": "MultiLineString", "coordinates": [ [ [ 727989.597243488766253, 9621416.50196778960526 ], [ 728453.706057916278951, 9621876.365117445588112 ], [ 729379.956687988829799, 9621874.378013659268618 ], [ 730308.199240549351089, 9622794.102219276130199 ] ] ] } },
{ "type": "Feature", "properties": { "OBJECTID": 475, "HYRIV_ID": 60628047, "NEXT_DOWN": 60625543, "MAIN_RIV": 60443230, "LENGTH_KM": 4.7399997711181641, "DIST_DN_KM": 647.4000244140625, "DIST_UP_KM": 61.299999237060547, "CATCH_SKM": 14.569999694824219, "UPLAND_SKM": 1043.699951171875, "ENDORHEIC": 0, "DIS_AV_CMS": 25.958000183105469, "ORD_STRA": 4, "ORD_CLAS": 5, "ORD_FLOW": 5, "HYBAS_L12": 6120286700.0, "Shape_Length": 4792.7106744483981 }, "geometry": { "type": "MultiLineString", "coordinates": [ [ [ 741420.620404088171199, 9621386.921879269182682 ], [ 741423.747087521012872, 9622769.590442130342126 ], [ 740961.622431346098892, 9623231.523082783445716 ], [ 740962.658797052456066, 9623692.411299491301179 ], [ 741891.069655860541388, 9624612.10687205567956 ], [ 741893.141475770738907, 9625533.888029336929321 ] ] ] } },
{ "type": "Feature", "properties": { "OBJECTID": 476, "HYRIV_ID": 60628321, "NEXT_DOWN": 60628322, "MAIN_RIV": 60443230, "LENGTH_KM": 5.130000114440918, "DIST_DN_KM": 667.20001220703125, "DIST_UP_KM": 23.799999237060547, "CATCH_SKM": 15.210000038146973, "UPLAND_SKM": 110.59999847412109, "ENDORHEIC": 0, "DIS_AV_CMS": 2.7769999504089355, "ORD_STRA": 2, "ORD_CLAS": 5, "ORD_FLOW": 6, "HYBAS_L12": 6120287730.0, "Shape_Length": 5190.483922414197 }, "geometry": { "type": "MultiLineString", "coordinates": [ [ [ 721048.632177759078331, 9624196.152325691655278 ], [ 721972.956722578848712, 9623272.564780935645103 ], [ 721972.000927026616409, 9622811.726534644141793 ], [ 723358.448199858074076, 9621426.30888363905251 ], [ 724284.668485688511282, 9621424.363624859601259 ], [ 724283.698030477040447, 9620963.519375890493393 ] ] ] } },
{ "type": "Feature", "properties": { "OBJECTID": 477, "HYRIV_ID": 60628322, "NEXT_DOWN": 60628045, "MAIN_RIV": 60443230, "LENGTH_KM": 3.3499999046325684, "DIST_DN_KM": 664.0999755859375, "DIST_UP_KM": 71.300003051757812, "CATCH_SKM": 9.6400003433227539, "UPLAND_SKM": 965.5, "ENDORHEIC": 0, "DIS_AV_CMS": 25.08799934387207, "ORD_STRA": 3, "ORD_CLAS": 4, "ORD_FLOW": 5, "HYBAS_L12": 6120286420.0, "Shape_Length": 3398.7373376722267 }, "geometry": { "type": "MultiLineString", "coordinates": [ [ [ 724283.698030477040447, 9620963.519375890493393 ], [ 724747.780376491486095, 9621423.387974308803678 ], [ 725210.893464788328856, 9621422.410276217386127 ], [ 725673.031349036609754, 9620960.582791697233915 ], [ 726599.259516667341813, 9620958.615028358995914 ], [ 727063.357894749846309, 9621418.479497352614999 ] ] ] } },
{ "type": "Feature", "properties": { "OBJECTID": 478, "HYRIV_ID": 60628323, "NEXT_DOWN": 60628047, "MAIN_RIV": 60443230, "LENGTH_KM": 0.68999999761581421, "DIST_DN_KM": 652.0999755859375, "DIST_UP_KM": 3.5, "CATCH_SKM": 7.070000171661377, "UPLAND_SKM": 7.0999999046325684, "ENDORHEIC": 0, "DIS_AV_CMS": 0.17000000178813934, "ORD_STRA": 1, "ORD_CLAS": 6, "ORD_FLOW": 7, "HYBAS_L12": 6120286700.0, "Shape_Length": 701.1577778088382 }, "geometry": { "type": "MultiLineString", "coordinates": [ [ [ 741419.05283861909993, 9620695.587406612932682 ], [ 741420.620404088171199, 9621386.921879269182682 ] ] ] } },
{ "type": "Feature", "properties": { "OBJECTID": 479, "HYRIV_ID": 60628324, "NEXT_DOWN": 60626360, "MAIN_RIV": 60443230, "LENGTH_KM": 6.0900001525878906, "DIST_DN_KM": 663.4000244140625, "DIST_UP_KM": 9.0, "CATCH_SKM": 20.790000915527344, "UPLAND_SKM": 20.799999237060547, "ENDORHEIC": 0, "DIS_AV_CMS": 0.48800000548362732, "ORD_STRA": 1, "ORD_CLAS": 7, "ORD_FLOW": 7, "HYBAS_L12": 6120286710.0, "Shape_Length": 6163.3095140606338 }, "geometry": { "type": "MultiLineString", "coordinates": [ [ [ 757630.239242317620665, 9620657.559332646429539 ], [ 757633.026023422484286, 9621809.898254558444023 ], [ 757170.931874620146118, 9622271.950001180171967 ], [ 757172.040947137167677, 9622732.884131573140621 ], [ 756247.834014133899473, 9623656.970384093001485 ], [ 755784.625568134477362, 9623658.076505564153194 ], [ 755322.515513701713644, 9624120.109159534797072 ], [ 753932.896574373240583, 9624123.405232816934586 ] ] ] } },
{ "type": "Feature", "properties": { "OBJECTID": 480, "HYRIV_ID": 60628613, "NEXT_DOWN": 60631140, "MAIN_RIV": 60443230, "LENGTH_KM": 1.809999942779541, "DIST_DN_KM": 682.79998779296875, "DIST_UP_KM": 3.7999999523162842, "CATCH_SKM": 8.1400003433227539, "UPLAND_SKM": 8.1000003814697266, "ENDORHEIC": 0, "DIS_AV_CMS": 0.2070000022649765, "ORD_STRA": 1, "ORD_CLAS": 6, "ORD_FLOW": 7, "HYBAS_L12": 6120288040.0, "Shape_Length": 1832.6989281989088 }, "geometry": { "type": "MultiLineString", "coordinates": [ [ [ 713634.801291185547598, 9622137.473797846585512 ], [ 713633.416984303621575, 9621446.247249603271484 ], [ 713169.410561679280363, 9620986.357913833111525 ], [ 713168.487161932862364, 9620525.541204327717423 ] ] ] } },
{ "type": "Feature", "properties": { "OBJECTID": 481, "HYRIV_ID": 60628614, "NEXT_DOWN": 60626922, "MAIN_RIV": 60443230, "LENGTH_KM": 3.5899999141693115, "DIST_DN_KM": 654.79998779296875, "DIST_UP_KM": 7.1999998092651367, "CATCH_SKM": 15.859999656677246, "UPLAND_SKM": 15.899999618530273, "ENDORHEIC": 0, "DIS_AV_CMS": 0.3880000114440918, "ORD_STRA": 1, "ORD_CLAS": 5, "ORD_FLOW": 7, "HYBAS_L12": 6120286420.0, "Shape_Length": 3624.7521031916258 }, "geometry": { "type": "MultiLineString", "coordinates": [ [ [ 735397.138727937592193, 9620248.208268292248249 ], [ 735399.687642110977322, 9621400.391654228791595 ], [ 734013.302147857611999, 9622786.06016337685287 ], [ 734014.309854398714378, 9623246.929621251299977 ] ] ] } },
{ "type": "Feature", "properties": { "OBJECTID": 482, "HYRIV_ID": 60628870, "NEXT_DOWN": 60628871, "MAIN_RIV": 60443230, "LENGTH_KM": 0.68999999761581421, "DIST_DN_KM": 654.0999755859375, "DIST_UP_KM": 3.4000000953674316, "CATCH_SKM": 4.929999828338623, "UPLAND_SKM": 4.9000000953674316, "ENDORHEIC": 0, "DIS_AV_CMS": 0.11999999731779099, "ORD_STRA": 1, "ORD_CLAS": 6, "ORD_FLOW": 7, "HYBAS_L12": 6120286700.0, "Shape_Length": 704.63099330739851 }, "geometry": { "type": "MultiLineString", "coordinates": [ [ [ 739333.31633284909185, 9620008.971188196912408 ], [ 740028.035439070663415, 9620007.402952689677477 ] ] ] } },
{ "type": "Feature", "properties": { "OBJECTID": 483, "HYRIV_ID": 60628871, "NEXT_DOWN": 60628047, "MAIN_RIV": 60443230, "LENGTH_KM": 1.9600000381469727, "DIST_DN_KM": 652.29998779296875, "DIST_UP_KM": 56.299999237060547, "CATCH_SKM": 5.1399998664855957, "UPLAND_SKM": 1022.0999755859375, "ENDORHEIC": 0, "DIS_AV_CMS": 25.465999603271484, "ORD_STRA": 4, "ORD_CLAS": 5, "ORD_FLOW": 5, "HYBAS_L12": 6120286700.0, "Shape_Length": 1988.0886675212996 }, "geometry": { "type": "MultiLineString", "coordinates": [ [ [ 740028.035439070663415, 9620007.402952689677477 ], [ 741420.620404088171199, 9621386.921879269182682 ] ] ] } },
{ "type": "Feature", "properties": { "OBJECTID": 484, "HYRIV_ID": 60629436, "NEXT_DOWN": 60629437, "MAIN_RIV": 60443230, "LENGTH_KM": 1.6399999856948853, "DIST_DN_KM": 671.20001220703125, "DIST_UP_KM": 3.5, "CATCH_SKM": 6.2100000381469727, "UPLAND_SKM": 6.1999998092651367, "ENDORHEIC": 0, "DIS_AV_CMS": 0.15700000524520874, "ORD_STRA": 1, "ORD_CLAS": 5, "ORD_FLOW": 7, "HYBAS_L12": 6120288040.0, "Shape_Length": 1657.6361778759513 }, "geometry": { "type": "MultiLineString", "coordinates": [ [ [ 720345.879172269022092, 9620280.489399455487728 ], [ 721501.218123630620539, 9619125.988773191347718 ] ] ] } },
{ "type": "Feature", "properties": { "OBJECTID": 485, "HYRIV_ID": 60629437, "NEXT_DOWN": 60628322, "MAIN_RIV": 60443230, "LENGTH_KM": 3.809999942779541, "DIST_DN_KM": 667.20001220703125, "DIST_UP_KM": 68.199996948242188, "CATCH_SKM": 12.430000305175781, "UPLAND_SKM": 845.29998779296875, "ENDORHEIC": 0, "DIS_AV_CMS": 22.090000152587891, "ORD_STRA": 3, "ORD_CLAS": 4, "ORD_FLOW": 5, "HYBAS_L12": 6120288040.0, "Shape_Length": 3866.6138739235253 }, "geometry": { "type": "MultiLineString", "coordinates": [ [ [ 721501.218123630620539, 9619125.988773191347718 ], [ 721964.312886661617085, 9619125.019388038665056 ], [ 722428.375928638852201, 9619584.887640053406358 ], [ 723354.57534016482532, 9619582.9410654976964 ], [ 724282.726421259576455, 9620502.675105392932892 ], [ 724283.698030477040447, 9620963.519375890493393 ] ] ] } },
{ "type": "Feature", "properties": { "OBJECTID": 486, "HYRIV_ID": 60629709, "NEXT_DOWN": 60627756, "MAIN_RIV": 60443230, "LENGTH_KM": 3.8199999332427979, "DIST_DN_KM": 658.9000244140625, "DIST_UP_KM": 8.6999998092651367, "CATCH_SKM": 9.8599996566772461, "UPLAND_SKM": 25.5, "ENDORHEIC": 0, "DIS_AV_CMS": 0.62900000810623169, "ORD_STRA": 2, "ORD_CLAS": 5, "ORD_FLOW": 7, "HYBAS_L12": 6120286420.0, "Shape_Length": 3858.8718493706338 }, "geometry": { "type": "MultiLineString", "coordinates": [ [ [ 731688.56942947441712, 9618643.329993925988674 ], [ 731691.591790423961356, 9620025.920819466933608 ], [ 731229.470802725525573, 9620487.792695827782154 ], [ 731230.472652319818735, 9620948.654985822737217 ], [ 730768.344405761919916, 9621410.521094486117363 ], [ 731232.472599071334116, 9621870.379410853609443 ] ] ] } },
{ "type": "Feature", "properties": { "OBJECTID": 487, "HYRIV_ID": 60629710, "NEXT_DOWN": 60628871, "MAIN_RIV": 60443230, "LENGTH_KM": 1.3899999856948853, "DIST_DN_KM": 654.0999755859375, "DIST_UP_KM": 54.599998474121094, "CATCH_SKM": 2.7899999618530273, "UPLAND_SKM": 1012.0, "ENDORHEIC": 0, "DIS_AV_CMS": 25.231000900268555, "ORD_STRA": 4, "ORD_CLAS": 5, "ORD_FLOW": 5, "HYBAS_L12": 6120286700.0, "Shape_Length": 1402.3684416279202 }, "geometry": { "type": "MultiLineString", "coordinates": [ [ [ 740024.904184741782956, 9618624.745100449770689 ], [ 740028.035439070663415, 9620007.402952689677477 ] ] ] } },
{ "type": "Feature", "properties": { "OBJECTID": 488, "HYRIV_ID": 60629711, "NEXT_DOWN": 60627228, "MAIN_RIV": 60443230, "LENGTH_KM": 7.630000114440918, "DIST_DN_KM": 653.9000244140625, "DIST_UP_KM": 13.300000190734863, "CATCH_SKM": 22.930000305175781, "UPLAND_SKM": 44.799999237060547, "ENDORHEIC": 0, "DIS_AV_CMS": 1.0640000104904175, "ORD_STRA": 2, "ORD_CLAS": 7, "ORD_FLOW": 6, "HYBAS_L12": 6120286830.0, "Shape_Length": 7725.5807305210856 }, "geometry": { "type": "MultiLineString", "coordinates": [ [ [ 751140.659731626277789, 9618598.94130370952189 ], [ 750216.49565590871498, 9619522.965063886716962 ], [ 749290.151072444394231, 9619525.146684700623155 ], [ 748828.061640964006074, 9619987.14478463307023 ], [ 748830.219368160702288, 9620908.965487526729703 ], [ 748368.119167435914278, 9621370.956276096403599 ], [ 748369.192712335614488, 9621831.865140354260802 ], [ 747907.085339211160317, 9622293.849980482831597 ], [ 746980.729860103572719, 9622295.995697410777211 ], [ 746518.616983343614265, 9622757.969140632078052 ], [ 746055.440511448541656, 9622759.035654466599226 ] ] ] } },
{ "type": "Feature", "properties": { "OBJECTID": 489, "HYRIV_ID": 60629712, "NEXT_DOWN": 60629711, "MAIN_RIV": 60443230, "LENGTH_KM": 1.1599999666213989, "DIST_DN_KM": 661.5, "DIST_UP_KM": 4.3000001907348633, "CATCH_SKM": 7.929999828338623, "UPLAND_SKM": 7.9000000953674316, "ENDORHEIC": 0, "DIS_AV_CMS": 0.18799999356269836, "ORD_STRA": 1, "ORD_CLAS": 8, "ORD_FLOW": 7, "HYBAS_L12": 6120286830.0, "Shape_Length": 1173.9850030659072 }, "geometry": { "type": "MultiLineString", "coordinates": [ [ [ 752298.594293681206182, 9618596.18614673987031 ], [ 751140.659731626277789, 9618598.94130370952189 ] ] ] } },
{ "type": "Feature", "properties": { "OBJECTID": 490, "HYRIV_ID": 60629985, "NEXT_DOWN": 60629986, "MAIN_RIV": 60443230, "LENGTH_KM": 0.68999999761581421, "DIST_DN_KM": 686.29998779296875, "DIST_UP_KM": 3.7000000476837158, "CATCH_SKM": 4.929999828338623, "UPLAND_SKM": 4.9000000953674316, "ENDORHEIC": 0, "DIS_AV_CMS": 0.12700000405311584, "ORD_STRA": 1, "ORD_CLAS": 5, "ORD_FLOW": 7, "HYBAS_L12": 6120288040.0, "Shape_Length": 705.18811922042801 }, "geometry": { "type": "MultiLineString", "coordinates": [ [ [ 710153.925558877177536, 9618227.486300367861986 ], [ 710848.520051522646099, 9618226.102642860263586 ] ] ] } },
{ "type": "Feature", "properties": { "OBJECTID": 491, "HYRIV_ID": 60629986, "NEXT_DOWN": 60631140, "MAIN_RIV": 60443230, "LENGTH_KM": 3.5399999618530273, "DIST_DN_KM": 682.79998779296875, "DIST_UP_KM": 7.3000001907348633, "CATCH_SKM": 12.0, "UPLAND_SKM": 22.5, "ENDORHEIC": 0, "DIS_AV_CMS": 0.57700002193450928, "ORD_STRA": 2, "ORD_CLAS": 5, "ORD_FLOW": 7, "HYBAS_L12": 6120288040.0, "Shape_Length": 3590.8316954565776 }, "geometry": { "type": "MultiLineString", "coordinates": [ [ [ 710848.520051522646099, 9618226.102642860263586 ], [ 710849.439024575636722, 9618686.913840718567371 ], [ 712705.408171671442688, 9620526.468745108693838 ], [ 713168.487161932862364, 9620525.541204327717423 ] ] ] } },
{ "type": "Feature", "properties": { "OBJECTID": 492, "HYRIV_ID": 60629987, "NEXT_DOWN": 60629437, "MAIN_RIV": 60443230, "LENGTH_KM": 1.1200000047683716, "DIST_DN_KM": 671.20001220703125, "DIST_UP_KM": 64.199996948242188, "CATCH_SKM": 2.3599998950958252, "UPLAND_SKM": 826.70001220703125, "ENDORHEIC": 0, "DIS_AV_CMS": 21.631999969482422, "ORD_STRA": 3, "ORD_CLAS": 4, "ORD_FLOW": 5, "HYBAS_L12": 6120288040.0, "Shape_Length": 1130.7462496605262 }, "geometry": { "type": "MultiLineString", "coordinates": [ [ [ 721036.198913453728892, 9618205.283659741282463 ], [ 721037.162264137528837, 9618666.119898177683353 ], [ 721501.218123630620539, 9619125.988773191347718 ] ] ] } },
{ "type": "Feature", "properties": { "OBJECTID": 493, "HYRIV_ID": 60630291, "NEXT_DOWN": 60629986, "MAIN_RIV": 60443230, "LENGTH_KM": 0.68999999761581421, "DIST_DN_KM": 686.29998779296875, "DIST_UP_KM": 3.4000000953674316, "CATCH_SKM": 5.570000171661377, "UPLAND_SKM": 5.5999999046325684, "ENDORHEIC": 0, "DIS_AV_CMS": 0.14300000667572021, "ORD_STRA": 1, "ORD_CLAS": 6, "ORD_FLOW": 7, "HYBAS_L12": 6120288040.0, "Shape_Length": 701.75086946396414 }, "geometry": { "type": "MultiLineString", "coordinates": [ [ [ 710847.139665676280856, 9617534.885709473863244 ], [ 710848.520051522646099, 9618226.102642860263586 ] ] ] } },
{ "type": "Feature", "properties": { "OBJECTID": 494, "HYRIV_ID": 60630292, "NEXT_DOWN": 60629709, "MAIN_RIV": 60443230, "LENGTH_KM": 1.1599999666213989, "DIST_DN_KM": 662.5999755859375, "DIST_UP_KM": 3.7999999523162842, "CATCH_SKM": 5.7899999618530273, "UPLAND_SKM": 5.8000001907348633, "ENDORHEIC": 0, "DIS_AV_CMS": 0.14300000667572021, "ORD_STRA": 1, "ORD_CLAS": 6, "ORD_FLOW": 7, "HYBAS_L12": 6120286420.0, "Shape_Length": 1168.9074013380018 }, "geometry": { "type": "MultiLineString", "coordinates": [ [ [ 731686.042483898811042, 9617491.170798419043422 ], [ 731688.56942947441712, 9618643.329993925988674 ] ] ] } },
{ "type": "Feature", "properties": { "OBJECTID": 495, "HYRIV_ID": 60630579, "NEXT_DOWN": 60629709, "MAIN_RIV": 60443230, "LENGTH_KM": 2.559999942779541, "DIST_DN_KM": 662.79998779296875, "DIST_UP_KM": 4.9000000953674316, "CATCH_SKM": 9.8599996566772461, "UPLAND_SKM": 9.8999996185302734, "ENDORHEIC": 0, "DIS_AV_CMS": 0.24300000071525574, "ORD_STRA": 1, "ORD_CLAS": 5, "ORD_FLOW": 7, "HYBAS_L12": 6120286420.0, "Shape_Length": 2594.4784065068116 }, "geometry": { "type": "MultiLineString", "coordinates": [ [ [ 733305.927179966587573, 9617026.729834519326687 ], [ 732612.779928222764283, 9617719.565204426646233 ], [ 732613.795034968061373, 9618180.4313899371773 ], [ 732150.676756719709374, 9618181.449891343712807 ], [ 731688.56942947441712, 9618643.329993925988674 ] ] ] } },
{ "type": "Feature", "properties": { "OBJECTID": 496, "HYRIV_ID": 60630580, "NEXT_DOWN": 60630581, "MAIN_RIV": 60443230, "LENGTH_KM": 1.1599999666213989, "DIST_DN_KM": 656.9000244140625, "DIST_UP_KM": 3.5999999046325684, "CATCH_SKM": 4.929999828338623, "UPLAND_SKM": 4.9000000953674316, "ENDORHEIC": 0, "DIS_AV_CMS": 0.11999999731779099, "ORD_STRA": 1, "ORD_CLAS": 6, "ORD_FLOW": 7, "HYBAS_L12": 6120286700.0, "Shape_Length": 1174.3608417177477 }, "geometry": { "type": "MultiLineString", "coordinates": [ [ [ 738863.928206551470794, 9617244.716982666403055 ], [ 740021.761502937180921, 9617242.086893917992711 ] ] ] } },
{ "type": "Feature", "properties": { "OBJECTID": 497, "HYRIV_ID": 60630581, "NEXT_DOWN": 60629710, "MAIN_RIV": 60443230, "LENGTH_KM": 1.3899999856948853, "DIST_DN_KM": 655.5, "DIST_UP_KM": 53.200000762939453, "CATCH_SKM": 2.7899999618530273, "UPLAND_SKM": 998.5, "ENDORHEIC": 0, "DIS_AV_CMS": 24.913000106811523, "ORD_STRA": 4, "ORD_CLAS": 5, "ORD_FLOW": 5, "HYBAS_L12": 6120286700.0, "Shape_Length": 1402.3682935461804 }, "geometry": { "type": "MultiLineString", "coordinates": [ [ [ 740021.761502937180921, 9617242.086893917992711 ], [ 740024.904184741782956, 9618624.745100449770689 ] ] ] } },
{ "type": "Feature", "properties": { "OBJECTID": 498, "HYRIV_ID": 60630582, "NEXT_DOWN": 60627228, "MAIN_RIV": 60443230, "LENGTH_KM": 5.75, "DIST_DN_KM": 653.9000244140625, "DIST_UP_KM": 22.0, "CATCH_SKM": 21.209999084472656, "UPLAND_SKM": 84.800003051757812, "ENDORHEIC": 0, "DIS_AV_CMS": 2.0360000133514404, "ORD_STRA": 2, "ORD_CLAS": 6, "ORD_FLOW": 6, "HYBAS_L12": 6120286830.0, "Shape_Length": 5803.8125899273073 }, "geometry": { "type": "MultiLineString", "coordinates": [ [ [ 745579.472838281304576, 9617229.285319473594427 ], [ 745585.892353510949761, 9619994.693341860547662 ], [ 746050.122898107627407, 9620454.523592574521899 ], [ 746055.440511448541656, 9622759.035654466599226 ] ] ] } },
{ "type": "Feature", "properties": { "OBJECTID": 499, "HYRIV_ID": 60630583, "NEXT_DOWN": 60629711, "MAIN_RIV": 60443230, "LENGTH_KM": 3.3900001049041748, "DIST_DN_KM": 661.70001220703125, "DIST_UP_KM": 5.5, "CATCH_SKM": 13.930000305175781, "UPLAND_SKM": 13.899999618530273, "ENDORHEIC": 0, "DIS_AV_CMS": 0.33100000023841858, "ORD_STRA": 1, "ORD_CLAS": 7, "ORD_FLOW": 7, "HYBAS_L12": 6120286830.0, "Shape_Length": 3435.7971882998322 }, "geometry": { "type": "MultiLineString", "coordinates": [ [ [ 753684.804999656043947, 9617210.08994410559535 ], [ 752063.706132598337717, 9617213.978935742750764 ], [ 751601.637519591720775, 9617676.003917368128896 ], [ 751602.735714443144388, 9618136.922362120822072 ], [ 751140.659731626277789, 9618598.94130370952189 ] ] ] } },
{ "type": "Feature", "properties": { "OBJECTID": 500, "HYRIV_ID": 60630843, "NEXT_DOWN": 60629710, "MAIN_RIV": 60443230, "LENGTH_KM": 3.5799999237060547, "DIST_DN_KM": 655.5, "DIST_UP_KM": 5.9000000953674316, "CATCH_SKM": 10.710000038146973, "UPLAND_SKM": 10.699999809265137, "ENDORHEIC": 0, "DIS_AV_CMS": 0.25999999046325684, "ORD_STRA": 1, "ORD_CLAS": 6, "ORD_FLOW": 7, "HYBAS_L12": 6120286700.0, "Shape_Length": 3628.6259408629012 }, "geometry": { "type": "MultiLineString", "coordinates": [ [ [ 742335.861307308543473, 9616545.449876576662064 ], [ 742337.452115832827985, 9617236.788591360673308 ], [ 741413.280519536579959, 9618160.69376534409821 ], [ 740950.138390817213804, 9618161.750933669507504 ], [ 740488.045785429771058, 9618623.693292260169983 ], [ 740024.904184741782956, 9618624.745100449770689 ] ] ] } },
{ "type": "Feature", "properties": { "OBJECTID": 501, "HYRIV_ID": 60630844, "NEXT_DOWN": 60630582, "MAIN_RIV": 60443230, "LENGTH_KM": 0.68999999761581421, "DIST_DN_KM": 659.70001220703125, "DIST_UP_KM": 3.9000000953674316, "CATCH_SKM": 4.929999828338623, "UPLAND_SKM": 4.9000000953674316, "ENDORHEIC": 0, "DIS_AV_CMS": 0.11900000274181366, "ORD_STRA": 1, "ORD_CLAS": 7, "ORD_FLOW": 7, "HYBAS_L12": 6120286830.0, "Shape_Length": 701.07790056759598 }, "geometry": { "type": "MultiLineString", "coordinates": [ [ [ 745577.860666602384299, 9616537.933087447658181 ], [ 745579.472838281304576, 9617229.285319473594427 ] ] ] } },
{ "type": "Feature", "properties": { "OBJECTID": 502, "HYRIV_ID": 60631140, "NEXT_DOWN": 60631141, "MAIN_RIV": 60443230, "LENGTH_KM": 8.0100002288818359, "DIST_DN_KM": 675.0, "DIST_UP_KM": 15.100000381469727, "CATCH_SKM": 30.430000305175781, "UPLAND_SKM": 61.099998474121094, "ENDORHEIC": 0, "DIS_AV_CMS": 1.559999942779541, "ORD_STRA": 2, "ORD_CLAS": 5, "ORD_FLOW": 6, "HYBAS_L12": 6120288040.0, "Shape_Length": 8123.1233029534269 }, "geometry": { "type": "MultiLineString", "coordinates": [ [ [ 713168.487161932862364, 9620525.541204327717423 ], [ 713630.640754111926071, 9620063.793917097151279 ], [ 714093.719905956881121, 9620062.861223328858614 ], [ 714555.868610362987965, 9619601.106425268575549 ], [ 715018.948021325049922, 9619600.168577447533607 ], [ 715481.091837112791836, 9619138.406269559636712 ], [ 715944.17150623165071, 9619137.463267868384719 ], [ 716406.310335296439007, 9618675.693550921976566 ], [ 716405.36723650584463, 9618214.868756376206875 ], [ 717331.524296364514157, 9618212.967972509562969 ], [ 719180.019587805611081, 9616365.815208865329623 ] ] ] } },
{ "type": "Feature", "properties": { "OBJECTID": 503, "HYRIV_ID": 60631141, "NEXT_DOWN": 60629987, "MAIN_RIV": 60443230, "LENGTH_KM": 2.619999885559082, "DIST_DN_KM": 672.4000244140625, "DIST_UP_KM": 63.099998474121094, "CATCH_SKM": 6.6399998664855957, "UPLAND_SKM": 812.0999755859375, "ENDORHEIC": 0, "DIS_AV_CMS": 21.261999130249023, "ORD_STRA": 3, "ORD_CLAS": 4, "ORD_FLOW": 5, "HYBAS_L12": 6120288040.0, "Shape_Length": 2652.2459335224844 }, "geometry": { "type": "MultiLineString", "coordinates": [ [ [ 719180.019587805611081, 9616365.815208865329623 ], [ 721036.198913453728892, 9618205.283659741282463 ] ] ] } },
{ "type": "Feature", "properties": { "OBJECTID": 504, "HYRIV_ID": 60631142, "NEXT_DOWN": 60629987, "MAIN_RIV": 60443230, "LENGTH_KM": 3.869999885559082, "DIST_DN_KM": 672.20001220703125, "DIST_UP_KM": 7.0999999046325684, "CATCH_SKM": 12.210000038146973, "UPLAND_SKM": 12.199999809265137, "ENDORHEIC": 0, "DIS_AV_CMS": 0.30700001120567322, "ORD_STRA": 1, "ORD_CLAS": 5, "ORD_FLOW": 7, "HYBAS_L12": 6120288040.0, "Shape_Length": 3923.4976504441065 }, "geometry": { "type": "MultiLineString", "coordinates": [ [ [ 724041.893122078152373, 9616125.146395491436124 ], [ 722886.617752460180782, 9617279.710675543174148 ], [ 722423.528680233052, 9617280.68880432471633 ], [ 721499.288484025164507, 9618204.313894560560584 ], [ 721036.198913453728892, 9618205.283659741282463 ] ] ] } },
{ "type": "Feature", "properties": { "OBJECTID": 505, "HYRIV_ID": 60631431, "NEXT_DOWN": 60630582, "MAIN_RIV": 60443230, "LENGTH_KM": 1.7699999809265137, "DIST_DN_KM": 659.9000244140625, "DIST_UP_KM": 16.100000381469727, "CATCH_SKM": 5.3600001335144043, "UPLAND_SKM": 58.700000762939453, "ENDORHEIC": 0, "DIS_AV_CMS": 1.4099999666213989, "ORD_STRA": 2, "ORD_CLAS": 6, "ORD_FLOW": 6, "HYBAS_L12": 6120286830.0, "Shape_Length": 1792.5523632787099 }, "geometry": { "type": "MultiLineString", "coordinates": [ [ [ 746502.536712475353852, 9615844.410901030525565 ], [ 746040.469577312818728, 9616306.399702191352844 ], [ 746041.547337969299406, 9616767.302465008571744 ], [ 745579.472838281304576, 9617229.285319473594427 ] ] ] } },
{ "type": "Feature", "properties": { "OBJECTID": 506, "HYRIV_ID": 60631727, "NEXT_DOWN": 60631141, "MAIN_RIV": 60443230, "LENGTH_KM": 1.1200000047683716, "DIST_DN_KM": 675.0, "DIST_UP_KM": 60.400001525878906, "CATCH_SKM": 2.1400001049041748, "UPLAND_SKM": 744.4000244140625, "ENDORHEIC": 0, "DIS_AV_CMS": 19.527999877929688, "ORD_STRA": 3, "ORD_CLAS": 4, "ORD_FLOW": 5, "HYBAS_L12": 6120288040.0, "Shape_Length": 1130.8098162948438 }, "geometry": { "type": "MultiLineString", "coordinates": [ [ [ 718715.024733450147323, 9615445.118007780984044 ], [ 718715.984988003969193, 9615905.948668403550982 ], [ 719180.019587805611081, 9616365.815208865329623 ] ] ] } },
{ "type": "Feature", "properties": { "OBJECTID": 507, "HYRIV_ID": 60631977, "NEXT_DOWN": 60631978, "MAIN_RIV": 60443230, "LENGTH_KM": 0.68999999761581421, "DIST_DN_KM": 670.79998779296875, "DIST_UP_KM": 3.5, "CATCH_SKM": 4.5, "UPLAND_SKM": 4.5, "ENDORHEIC": 0, "DIS_AV_CMS": 0.11299999803304672, "ORD_STRA": 1, "ORD_CLAS": 6, "ORD_FLOW": 7, "HYBAS_L12": 6120286420.0, "Shape_Length": 704.83834555140811 }, "geometry": { "type": "MultiLineString", "coordinates": [ [ [ 726817.949278665008023, 9614967.058337356895208 ], [ 727512.584931841236539, 9614965.552390342578292 ] ] ] } },
{ "type": "Feature", "properties": { "OBJECTID": 508, "HYRIV_ID": 60631978, "NEXT_DOWN": 60628046, "MAIN_RIV": 60443230, "LENGTH_KM": 7.8299999237060547, "DIST_DN_KM": 663.0999755859375, "DIST_UP_KM": 13.699999809265137, "CATCH_SKM": 22.280000686645508, "UPLAND_SKM": 43.900001525878906, "ENDORHEIC": 0, "DIS_AV_CMS": 1.0970000028610229, "ORD_STRA": 2, "ORD_CLAS": 5, "ORD_FLOW": 6, "HYBAS_L12": 6120286420.0, "Shape_Length": 7913.8067543032867 }, "geometry": { "type": "MultiLineString", "coordinates": [ [ [ 727512.584931841236539, 9614965.552390342578292 ], [ 727514.583835809375159, 9615887.258384075015783 ], [ 727052.484667886514217, 9616349.112309124320745 ], [ 727516.578030737582594, 9616808.964289264753461 ], [ 727521.542456593830138, 9619113.228530447930098 ], [ 727985.643940338981338, 9619573.086662650108337 ], [ 727523.519820369547233, 9620034.933942139148712 ], [ 728451.730215874733403, 9620954.655221410095692 ], [ 727989.597243488766253, 9621416.50196778960526 ] ] ] } },
{ "type": "Feature", "properties": { "OBJECTID": 509, "HYRIV_ID": 60631979, "NEXT_DOWN": 60631431, "MAIN_RIV": 60443230, "LENGTH_KM": 2.7400000095367432, "DIST_DN_KM": 661.4000244140625, "DIST_UP_KM": 5.0, "CATCH_SKM": 8.7899999618530273, "UPLAND_SKM": 8.8000001907348633, "ENDORHEIC": 0, "DIS_AV_CMS": 0.210999995470047, "ORD_STRA": 1, "ORD_CLAS": 7, "ORD_FLOW": 7, "HYBAS_L12": 6120286830.0, "Shape_Length": 2773.6376780317623 }, "geometry": { "type": "MultiLineString", "coordinates": [ [ [ 748584.526297389063984, 9614917.678479762747884 ], [ 747426.658784894505516, 9614920.419174034148455 ], [ 746964.59978085430339, 9615382.417325761169195 ], [ 746501.454306408646517, 9615383.506654473021626 ], [ 746502.536712475353852, 9615844.410901030525565 ] ] ] } },
{ "type": "Feature", "properties": { "OBJECTID": 510, "HYRIV_ID": 60632566, "NEXT_DOWN": 60631727, "MAIN_RIV": 60443230, "LENGTH_KM": 1.5800000429153442, "DIST_DN_KM": 676.0999755859375, "DIST_UP_KM": 59.299999237060547, "CATCH_SKM": 8.7899999618530273, "UPLAND_SKM": 726.79998779296875, "ENDORHEIC": 0, "DIS_AV_CMS": 19.079999923706055, "ORD_STRA": 3, "ORD_CLAS": 4, "ORD_FLOW": 5, "HYBAS_L12": 6120288040.0, "Shape_Length": 1598.5581449617976 }, "geometry": { "type": "MultiLineString", "coordinates": [ [ [ 718249.07305129931774, 9614063.593548210337758 ], [ 718250.995053685968742, 9614985.252767087891698 ], [ 718715.024733450147323, 9615445.118007780984044 ] ] ] } },
{ "type": "Feature", "properties": { "OBJECTID": 511, "HYRIV_ID": 60632826, "NEXT_DOWN": 60632566, "MAIN_RIV": 60443230, "LENGTH_KM": 6.820000171661377, "DIST_DN_KM": 677.5, "DIST_UP_KM": 8.6000003814697266, "CATCH_SKM": 22.280000686645508, "UPLAND_SKM": 22.299999237060547, "ENDORHEIC": 0, "DIS_AV_CMS": 0.57400000095367432, "ORD_STRA": 1, "ORD_CLAS": 5, "ORD_FLOW": 7, "HYBAS_L12": 6120288040.0, "Shape_Length": 6924.8690618047931 }, "geometry": { "type": "MultiLineString", "coordinates": [ [ [ 711996.882188851595856, 9613615.643993584439158 ], [ 714543.65386256435886, 9613610.441806172952056 ], [ 715007.655346479732543, 9614070.310956927016377 ], [ 716396.827513416181318, 9614067.44440501742065 ], [ 716858.930594079545699, 9613605.658498557284474 ], [ 717321.989337142673321, 9613604.695691846311092 ], [ 717786.009969357750379, 9614064.559375153854489 ], [ 718249.07305129931774, 9614063.593548210337758 ] ] ] } },
{ "type": "Feature", "properties": { "OBJECTID": 512, "HYRIV_ID": 60632827, "NEXT_DOWN": 60631727, "MAIN_RIV": 60443230, "LENGTH_KM": 4.3299999237060547, "DIST_DN_KM": 676.0999755859375, "DIST_UP_KM": 7.1999998092651367, "CATCH_SKM": 15.430000305175781, "UPLAND_SKM": 15.399999618530273, "ENDORHEIC": 0, "DIS_AV_CMS": 0.39100000262260437, "ORD_STRA": 1, "ORD_CLAS": 5, "ORD_FLOW": 7, "HYBAS_L12": 6120288040.0, "Shape_Length": 4393.635010759278 }, "geometry": { "type": "MultiLineString", "coordinates": [ [ [ 722183.685800747829489, 9613364.042034946382046 ], [ 720566.348469708114862, 9614980.404612015932798 ], [ 719177.132985488045961, 9614983.319634985178709 ], [ 718715.024733450147323, 9615445.118007780984044 ] ] ] } },
{ "type": "Feature", "properties": { "OBJECTID": 513, "HYRIV_ID": 60632828, "NEXT_DOWN": 60630581, "MAIN_RIV": 60443230, "LENGTH_KM": 4.0900001525878906, "DIST_DN_KM": 656.9000244140625, "DIST_UP_KM": 51.799999237060547, "CATCH_SKM": 19.069999694824219, "UPLAND_SKM": 990.79998779296875, "ENDORHEIC": 0, "DIS_AV_CMS": 24.735000610351562, "ORD_STRA": 4, "ORD_CLAS": 5, "ORD_FLOW": 5, "HYBAS_L12": 6120286700.0, "Shape_Length": 4130.1375143698351 }, "geometry": { "type": "MultiLineString", "coordinates": [ [ [ 740013.325500651262701, 9613554.996884740889072 ], [ 740017.553630617330782, 9615398.542234346270561 ], [ 739555.479298422345892, 9615860.485718695446849 ], [ 739556.5298645675648, 9616321.370735663920641 ], [ 740020.711479865945876, 9616781.200755666941404 ], [ 740021.761502937180921, 9617242.086893917992711 ] ] ] } },
{ "type": "Feature", "properties": { "OBJECTID": 514, "HYRIV_ID": 60633159, "NEXT_DOWN": 60633160, "MAIN_RIV": 60443230, "LENGTH_KM": 1.440000057220459, "DIST_DN_KM": 666.5999755859375, "DIST_UP_KM": 4.3000001907348633, "CATCH_SKM": 6.0, "UPLAND_SKM": 6.0, "ENDORHEIC": 0, "DIS_AV_CMS": 0.14900000393390656, "ORD_STRA": 1, "ORD_CLAS": 7, "ORD_FLOW": 7, "HYBAS_L12": 6120286700.0, "Shape_Length": 1463.9745074714363 }, "geometry": { "type": "MultiLineString", "coordinates": [ [ [ 733761.854631080059335, 9613799.617233205586672 ], [ 734454.957278452231549, 9613106.753397852182388 ], [ 734918.059375396231189, 9613105.711216000840068 ] ] ] } },
{ "type": "Feature", "properties": { "OBJECTID": 515, "HYRIV_ID": 60633160, "NEXT_DOWN": 60632828, "MAIN_RIV": 60443230, "LENGTH_KM": 5.6599998474121094, "DIST_DN_KM": 661.0, "DIST_UP_KM": 11.699999809265137, "CATCH_SKM": 18.0, "UPLAND_SKM": 37.299999237060547, "ENDORHEIC": 0, "DIS_AV_CMS": 0.92199999094009399, "ORD_STRA": 2, "ORD_CLAS": 6, "ORD_FLOW": 7, "HYBAS_L12": 6120286700.0, "Shape_Length": 5746.2456337779022 }, "geometry": { "type": "MultiLineString", "coordinates": [ [ [ 734918.059375396231189, 9613105.711216000840068 ], [ 735846.349588842364028, 9614025.370760878548026 ], [ 736309.459556646412238, 9614024.324846062809229 ], [ 736771.526214112178423, 9613562.399204600602388 ], [ 740013.325500651262701, 9613554.996884740889072 ] ] ] } },
{ "type": "Feature", "properties": { "OBJECTID": 516, "HYRIV_ID": 60633431, "NEXT_DOWN": 60634007, "MAIN_RIV": 60443230, "LENGTH_KM": 1.1599999666213989, "DIST_DN_KM": 671.29998779296875, "DIST_UP_KM": 4.6999998092651367, "CATCH_SKM": 8.7899999618530273, "UPLAND_SKM": 8.8000001907348633, "ENDORHEIC": 0, "DIS_AV_CMS": 0.20999999344348907, "ORD_STRA": 1, "ORD_CLAS": 6, "ORD_FLOW": 7, "HYBAS_L12": 6120286830.0, "Shape_Length": 1168.2720891202105 }, "geometry": { "type": "MultiLineString", "coordinates": [ [ [ 751592.249416782637127, 9613758.196053102612495 ], [ 751589.470041638007388, 9612605.899143734946847 ] ] ] } },
{ "type": "Feature", "properties": { "OBJECTID": 517, "HYRIV_ID": 60633432, "NEXT_DOWN": 60634007, "MAIN_RIV": 60443230, "LENGTH_KM": 1.1599999666213989, "DIST_DN_KM": 671.29998779296875, "DIST_UP_KM": 4.1999998092651367, "CATCH_SKM": 8.1400003433227539, "UPLAND_SKM": 8.1000003814697266, "ENDORHEIC": 0, "DIS_AV_CMS": 0.19499999284744263, "ORD_STRA": 1, "ORD_CLAS": 7, "ORD_FLOW": 7, "HYBAS_L12": 6120286830.0, "Shape_Length": 1173.9014187366502 }, "geometry": { "type": "MultiLineString", "coordinates": [ [ [ 752747.341747031430714, 9612603.095747934654355 ], [ 751589.470041638007388, 9612605.899143734946847 ] ] ] } },
{ "type": "Feature", "properties": { "OBJECTID": 518, "HYRIV_ID": 60633724, "NEXT_DOWN": 60633160, "MAIN_RIV": 60443230, "LENGTH_KM": 3.2200000286102295, "DIST_DN_KM": 666.79998779296875, "DIST_UP_KM": 5.9000000953674316, "CATCH_SKM": 13.279999732971191, "UPLAND_SKM": 13.300000190734863, "ENDORHEIC": 0, "DIS_AV_CMS": 0.33100000023841858, "ORD_STRA": 1, "ORD_CLAS": 6, "ORD_FLOW": 7, "HYBAS_L12": 6120286700.0, "Shape_Length": 3259.3863662738345 }, "geometry": { "type": "MultiLineString", "coordinates": [ [ [ 732370.499271241482347, 9612880.985047081485391 ], [ 733063.595680743339472, 9612188.132200375199318 ], [ 733526.690006230724975, 9612187.093747718259692 ], [ 733990.821572589688003, 9612646.923351135104895 ], [ 734453.920428402489051, 9612645.88196056894958 ], [ 734918.059375396231189, 9613105.711216000840068 ] ] ] } },
{ "type": "Feature", "properties": { "OBJECTID": 519, "HYRIV_ID": 60633725, "NEXT_DOWN": 60632828, "MAIN_RIV": 60443230, "LENGTH_KM": 1.5800000429153442, "DIST_DN_KM": 661.0, "DIST_UP_KM": 47.700000762939453, "CATCH_SKM": 2.7899999618530273, "UPLAND_SKM": 934.4000244140625, "ENDORHEIC": 0, "DIS_AV_CMS": 23.371999740600586, "ORD_STRA": 4, "ORD_CLAS": 5, "ORD_FLOW": 5, "HYBAS_L12": 6120286700.0, "Shape_Length": 1597.6048679094047 }, "geometry": { "type": "MultiLineString", "coordinates": [ [ [ 739547.029371219687164, 9612173.405003825202584 ], [ 739548.090016103582457, 9612634.290271429345012 ], [ 740012.265399444848299, 9613094.110498858615756 ], [ 740013.325500651262701, 9613554.996884740889072 ] ] ] } },
{ "type": "Feature", "properties": { "OBJECTID": 520, "HYRIV_ID": 60634003, "NEXT_DOWN": 60632566, "MAIN_RIV": 60443230, "LENGTH_KM": 2.8900001049041748, "DIST_DN_KM": 677.5, "DIST_UP_KM": 57.900001525878906, "CATCH_SKM": 9.2100000381469727, "UPLAND_SKM": 695.79998779296875, "ENDORHEIC": 0, "DIS_AV_CMS": 18.277999877929688, "ORD_STRA": 3, "ORD_CLAS": 4, "ORD_FLOW": 5, "HYBAS_L12": 6120288040.0, "Shape_Length": 2924.7423807999912 }, "geometry": { "type": "MultiLineString", "coordinates": [ [ [ 717781.195052936673164, 9611760.416258221492171 ], [ 717319.106554772122763, 9612222.21323180757463 ], [ 718247.146425986196846, 9613141.934130912646651 ], [ 718249.07305129931774, 9614063.593548210337758 ] ] ] } },
{ "type": "Feature", "properties": { "OBJECTID": 521, "HYRIV_ID": 60634004, "NEXT_DOWN": 60631978, "MAIN_RIV": 60443230, "LENGTH_KM": 3.8599998950958252, "DIST_DN_KM": 671.0, "DIST_UP_KM": 5.9000000953674316, "CATCH_SKM": 17.139999389648438, "UPLAND_SKM": 17.100000381469727, "ENDORHEIC": 0, "DIS_AV_CMS": 0.43000000715255737, "ORD_STRA": 1, "ORD_CLAS": 5, "ORD_FLOW": 7, "HYBAS_L12": 6120286420.0, "Shape_Length": 3897.6918647160755 }, "geometry": { "type": "MultiLineString", "coordinates": [ [ [ 727505.046275326167233, 9611509.153413994237781 ], [ 727507.566660676733591, 9612661.286671375855803 ], [ 727971.65650653722696, 9613121.128562225028872 ], [ 727974.673549287137575, 9614503.691513543948531 ], [ 727512.584931841236539, 9614965.552390342578292 ] ] ] } },
{ "type": "Feature", "properties": { "OBJECTID": 522, "HYRIV_ID": 60634005, "NEXT_DOWN": 60633725, "MAIN_RIV": 60443230, "LENGTH_KM": 1.809999942779541, "DIST_DN_KM": 662.5999755859375, "DIST_UP_KM": 5.1999998092651367, "CATCH_SKM": 6.0, "UPLAND_SKM": 6.0, "ENDORHEIC": 0, "DIS_AV_CMS": 0.14800000190734863, "ORD_STRA": 1, "ORD_CLAS": 6, "ORD_FLOW": 7, "HYBAS_L12": 6120286700.0, "Shape_Length": 1837.0238786753141 }, "geometry": { "type": "MultiLineString", "coordinates": [ [ [ 737925.093215946108103, 9611716.243949003517628 ], [ 738619.751772662391886, 9611714.650936767458916 ], [ 739083.918872688664123, 9612174.470383649691939 ], [ 739547.029371219687164, 9612173.405003825202584 ] ] ] } },
{ "type": "Feature", "properties": { "OBJECTID": 523, "HYRIV_ID": 60634006, "NEXT_DOWN": 60633725, "MAIN_RIV": 60443230, "LENGTH_KM": 0.46000000834465027, "DIST_DN_KM": 662.5999755859375, "DIST_UP_KM": 46.099998474121094, "CATCH_SKM": 1.2899999618530273, "UPLAND_SKM": 925.5999755859375, "ENDORHEIC": 0, "DIS_AV_CMS": 23.159000396728516, "ORD_STRA": 4, "ORD_CLAS": 5, "ORD_FLOW": 5, "HYBAS_L12": 6120286700.0, "Shape_Length": 467.46176041201852 }, "geometry": { "type": "MultiLineString", "coordinates": [ [ [ 739545.967479124199599, 9611712.519716424867511 ], [ 739547.029371219687164, 9612173.405003825202584 ] ] ] } },
{ "type": "Feature", "properties": { "OBJECTID": 524, "HYRIV_ID": 60634007, "NEXT_DOWN": 60631431, "MAIN_RIV": 60443230, "LENGTH_KM": 9.8599996566772461, "DIST_DN_KM": 661.5999755859375, "DIST_UP_KM": 14.300000190734863, "CATCH_SKM": 27.639999389648438, "UPLAND_SKM": 44.599998474121094, "ENDORHEIC": 0, "DIS_AV_CMS": 1.0709999799728394, "ORD_STRA": 2, "ORD_CLAS": 6, "ORD_FLOW": 6, "HYBAS_L12": 6120286830.0, "Shape_Length": 9989.6691855318695 }, "geometry": { "type": "MultiLineString", "coordinates": [ [ [ 751589.470041638007388, 9612605.899143734946847 ], [ 750660.957364010275342, 9611686.300169771537185 ], [ 749734.679487457033247, 9611688.53064976260066 ], [ 749272.647708304459229, 9612150.555099420249462 ], [ 746956.972416586475447, 9612156.078155886381865 ], [ 746494.932735326234251, 9612618.081015547737479 ], [ 746496.022908801911399, 9613078.985364554449916 ], [ 746033.975765705807135, 9613540.982181876897812 ], [ 746498.199322962434962, 9614000.794011082500219 ], [ 746499.2856621874962, 9614461.698307612910867 ], [ 746037.2285238255281, 9614923.691116666421294 ], [ 746038.310119641828351, 9615384.593930184841156 ], [ 746502.536712475353852, 9615844.410901030525565 ] ] ] } },
{ "type": "Feature", "properties": { "OBJECTID": 525, "HYRIV_ID": 60634262, "NEXT_DOWN": 60634006, "MAIN_RIV": 60443230, "LENGTH_KM": 0.6600000262260437, "DIST_DN_KM": 663.20001220703125, "DIST_UP_KM": 45.400001525878906, "CATCH_SKM": 0.20999999344348907, "UPLAND_SKM": 915.4000244140625, "ENDORHEIC": 0, "DIS_AV_CMS": 22.905000686645508, "ORD_STRA": 4, "ORD_CLAS": 5, "ORD_FLOW": 5, "HYBAS_L12": 6120286700.0, "Shape_Length": 662.68260476534999 }, "geometry": { "type": "MultiLineString", "coordinates": [ [ [ 740008.012026842683554, 9611250.564470343291759 ], [ 739545.967479124199599, 9611712.519716424867511 ] ] ] } },
{ "type": "Feature", "properties": { "OBJECTID": 526, "HYRIV_ID": 60634263, "NEXT_DOWN": 60634262, "MAIN_RIV": 60443230, "LENGTH_KM": 0.93000000715255737, "DIST_DN_KM": 663.70001220703125, "DIST_UP_KM": 5.8000001907348633, "CATCH_SKM": 1.9299999475479126, "UPLAND_SKM": 16.299999237060547, "ENDORHEIC": 0, "DIS_AV_CMS": 0.3970000147819519, "ORD_STRA": 2, "ORD_CLAS": 6, "ORD_FLOW": 7, "HYBAS_L12": 6120286700.0, "Shape_Length": 939.4065702233155 }, "geometry": { "type": "MultiLineString", "coordinates": [ [ [ 740934.231264838133939, 9611248.418344371020794 ], [ 740008.012026842683554, 9611250.564470343291759 ] ] ] } },
{ "type": "Feature", "properties": { "OBJECTID": 527, "HYRIV_ID": 60634539, "NEXT_DOWN": 60634263, "MAIN_RIV": 60443230, "LENGTH_KM": 0.98000001907348633, "DIST_DN_KM": 664.79998779296875, "DIST_UP_KM": 4.0, "CATCH_SKM": 5.3600001335144043, "UPLAND_SKM": 5.4000000953674316, "ENDORHEIC": 0, "DIS_AV_CMS": 0.13099999725818634, "ORD_STRA": 1, "ORD_CLAS": 7, "ORD_FLOW": 7, "HYBAS_L12": 6120286700.0, "Shape_Length": 993.98014358800788 }, "geometry": { "type": "MultiLineString", "coordinates": [ [ [ 741627.288040150073357, 9610555.466845275834203 ], [ 740934.231264838133939, 9611248.418344371020794 ] ] ] } },
{ "type": "Feature", "properties": { "OBJECTID": 528, "HYRIV_ID": 60634540, "NEXT_DOWN": 60634263, "MAIN_RIV": 60443230, "LENGTH_KM": 2.0999999046325684, "DIST_DN_KM": 664.5999755859375, "DIST_UP_KM": 4.9000000953674316, "CATCH_SKM": 9.0, "UPLAND_SKM": 9.0, "ENDORHEIC": 0, "DIS_AV_CMS": 0.21899999678134918, "ORD_STRA": 1, "ORD_CLAS": 6, "ORD_FLOW": 7, "HYBAS_L12": 6120286700.0, "Shape_Length": 2126.2981685440354 }, "geometry": { "type": "MultiLineString", "coordinates": [ [ [ 742555.665667688590474, 9611475.089462237432599 ], [ 741859.380918042501435, 9610785.372322954237461 ], [ 741397.342816837131977, 9611247.342255467548966 ], [ 740934.231264838133939, 9611248.418344371020794 ] ] ] } },
{ "type": "Feature", "properties": { "OBJECTID": 529, "HYRIV_ID": 60635075, "NEXT_DOWN": 60634003, "MAIN_RIV": 60443230, "LENGTH_KM": 6.6399998664855957, "DIST_DN_KM": 680.4000244140625, "DIST_UP_KM": 8.8999996185302734, "CATCH_SKM": 20.350000381469727, "UPLAND_SKM": 20.399999618530273, "ENDORHEIC": 0, "DIS_AV_CMS": 0.51800000667572021, "ORD_STRA": 1, "ORD_CLAS": 5, "ORD_FLOW": 7, "HYBAS_L12": 6120288040.0, "Shape_Length": 6743.2840386433872 }, "geometry": { "type": "MultiLineString", "coordinates": [ [ [ 723564.965661499183625, 9609674.328712057322264 ], [ 722871.869911879533902, 9610367.091267803683877 ], [ 721482.698399225715548, 9610370.072189934551716 ], [ 720558.550884333089925, 9611293.720436396077275 ], [ 719169.384549280861393, 9611296.663354689255357 ], [ 718707.301984369754791, 9611758.471129713580012 ], [ 717781.195052936673164, 9611760.416258221492171 ] ] ] } },
{ "type": "Feature", "properties": { "OBJECTID": 530, "HYRIV_ID": 60635076, "NEXT_DOWN": 60634006, "MAIN_RIV": 60443230, "LENGTH_KM": 2.75, "DIST_DN_KM": 663.20001220703125, "DIST_UP_KM": 5.4000000953674316, "CATCH_SKM": 9.0, "UPLAND_SKM": 9.0, "ENDORHEIC": 0, "DIS_AV_CMS": 0.22200000286102295, "ORD_STRA": 1, "ORD_CLAS": 6, "ORD_FLOW": 7, "HYBAS_L12": 6120286700.0, "Shape_Length": 2786.9122075426189 }, "geometry": { "type": "MultiLineString", "coordinates": [ [ [ 737920.331536882789806, 9609642.279653497040272 ], [ 739080.735507619567215, 9610791.818324901163578 ], [ 739081.79784416873008, 9611252.702397897839546 ], [ 739545.967479124199599, 9611712.519716424867511 ] ] ] } },
{ "type": "Feature", "properties": { "OBJECTID": 531, "HYRIV_ID": 60635814, "NEXT_DOWN": 60635815, "MAIN_RIV": 60443230, "LENGTH_KM": 3.2200000286102295, "DIST_DN_KM": 684.20001220703125, "DIST_UP_KM": 6.1999998092651367, "CATCH_SKM": 12.640000343322754, "UPLAND_SKM": 12.600000381469727, "ENDORHEIC": 0, "DIS_AV_CMS": 0.32699999213218689, "ORD_STRA": 1, "ORD_CLAS": 5, "ORD_FLOW": 7, "HYBAS_L12": 6120288040.0, "Shape_Length": 3258.7184756592901 }, "geometry": { "type": "MultiLineString", "coordinates": [ [ [ 714305.955559891765006, 9610615.586317943409085 ], [ 715461.156007672892883, 9609461.127463536337018 ], [ 715924.192880377639085, 9609460.160609105601907 ], [ 716386.264924657996744, 9608998.366112040355802 ], [ 716385.297844731830992, 9608537.540679410099983 ] ] ] } },
{ "type": "Feature", "properties": { "OBJECTID": 532, "HYRIV_ID": 60635815, "NEXT_DOWN": 60634003, "MAIN_RIV": 60443230, "LENGTH_KM": 3.8199999332427979, "DIST_DN_KM": 680.4000244140625, "DIST_UP_KM": 55.0, "CATCH_SKM": 9.6400003433227539, "UPLAND_SKM": 666.20001220703125, "ENDORHEIC": 0, "DIS_AV_CMS": 17.518999099731445, "ORD_STRA": 3, "ORD_CLAS": 4, "ORD_FLOW": 5, "HYBAS_L12": 6120288040.0, "Shape_Length": 3860.2487674248723 }, "geometry": { "type": "MultiLineString", "coordinates": [ [ [ 716385.297844731830992, 9608537.540679410099983 ], [ 717313.310183142544702, 9609457.247508637607098 ], [ 717314.279133926611394, 9609918.075211334973574 ], [ 717778.292374968295917, 9610377.929998943582177 ], [ 717781.195052936673164, 9611760.416258221492171 ] ] ] } },
{ "type": "Feature", "properties": { "OBJECTID": 533, "HYRIV_ID": 60636387, "NEXT_DOWN": 60635815, "MAIN_RIV": 60443230, "LENGTH_KM": 3.0199999809265137, "DIST_DN_KM": 684.4000244140625, "DIST_UP_KM": 5.6999998092651367, "CATCH_SKM": 11.359999656677246, "UPLAND_SKM": 11.399999618530273, "ENDORHEIC": 0, "DIS_AV_CMS": 0.29499998688697815, "ORD_STRA": 1, "ORD_CLAS": 6, "ORD_FLOW": 7, "HYBAS_L12": 6120288040.0, "Shape_Length": 3067.859873280232 }, "geometry": { "type": "MultiLineString", "coordinates": [ [ [ 713836.231805904768407, 9607390.808222863823175 ], [ 714532.209492619847879, 9608080.592010449618101 ], [ 715921.297859293641523, 9608077.687502091750503 ], [ 716385.297844731830992, 9608537.540679410099983 ] ] ] } },
{ "type": "Feature", "properties": { "OBJECTID": 534, "HYRIV_ID": 60636388, "NEXT_DOWN": 60635815, "MAIN_RIV": 60443230, "LENGTH_KM": 1.309999942779541, "DIST_DN_KM": 684.4000244140625, "DIST_UP_KM": 51.0, "CATCH_SKM": 1.2799999713897705, "UPLAND_SKM": 632.5, "ENDORHEIC": 0, "DIS_AV_CMS": 16.643999099731445, "ORD_STRA": 3, "ORD_CLAS": 4, "ORD_FLOW": 5, "HYBAS_L12": 6120288040.0, "Shape_Length": 1326.1812722714858 }, "geometry": { "type": "MultiLineString", "coordinates": [ [ [ 717309.423021052614786, 9607613.93623037263751 ], [ 716385.297844731830992, 9608537.540679410099983 ] ] ] } },
{ "type": "Feature", "properties": { "OBJECTID": 535, "HYRIV_ID": 60636389, "NEXT_DOWN": 60638558, "MAIN_RIV": 60443230, "LENGTH_KM": 0.68999999761581421, "DIST_DN_KM": 682.70001220703125, "DIST_UP_KM": 2.7000000476837158, "CATCH_SKM": 4.7100000381469727, "UPLAND_SKM": 4.6999998092651367, "ENDORHEIC": 0, "DIS_AV_CMS": 0.11400000005960464, "ORD_STRA": 1, "ORD_CLAS": 8, "ORD_FLOW": 7, "HYBAS_L12": 6120291730.0, "Shape_Length": 700.98925581110848 }, "geometry": { "type": "MultiLineString", "coordinates": [ [ [ 750189.456722541712224, 9608230.553671883419156 ], [ 750187.775585270952433, 9607539.180848503485322 ] ] ] } },
{ "type": "Feature", "properties": { "OBJECTID": 536, "HYRIV_ID": 60636390, "NEXT_DOWN": 60638558, "MAIN_RIV": 60443230, "LENGTH_KM": 0.46000000834465027, "DIST_DN_KM": 682.70001220703125, "DIST_UP_KM": 5.0999999046325684, "CATCH_SKM": 0.63999998569488525, "UPLAND_SKM": 19.5, "ENDORHEIC": 0, "DIS_AV_CMS": 0.46900001168251038, "ORD_STRA": 2, "ORD_CLAS": 7, "ORD_FLOW": 7, "HYBAS_L12": 6120291730.0, "Shape_Length": 469.55893104360518 }, "geometry": { "type": "MultiLineString", "coordinates": [ [ [ 750650.896536187385209, 9607538.052636666223407 ], [ 750187.775585270952433, 9607539.180848503485322 ] ] ] } },
{ "type": "Feature", "properties": { "OBJECTID": 537, "HYRIV_ID": 60636391, "NEXT_DOWN": 60636390, "MAIN_RIV": 60443230, "LENGTH_KM": 1.9099999666213989, "DIST_DN_KM": 683.20001220703125, "DIST_UP_KM": 4.3000001907348633, "CATCH_SKM": 6.2100000381469727, "UPLAND_SKM": 6.1999998092651367, "ENDORHEIC": 0, "DIS_AV_CMS": 0.14900000393390656, "ORD_STRA": 1, "ORD_CLAS": 8, "ORD_FLOW": 7, "HYBAS_L12": 6120291730.0, "Shape_Length": 1930.5600685064132 }, "geometry": { "type": "MultiLineString", "coordinates": [ [ [ 751811.523155122995377, 9608687.522747118026018 ], [ 751115.144054353004321, 9607997.840314418077469 ], [ 751114.018871231586672, 9607536.922470333054662 ], [ 750650.896536187385209, 9607538.052636666223407 ] ] ] } },
{ "type": "Feature", "properties": { "OBJECTID": 538, "HYRIV_ID": 60636660, "NEXT_DOWN": 60636388, "MAIN_RIV": 60443230, "LENGTH_KM": 1.9600000381469727, "DIST_DN_KM": 685.70001220703125, "DIST_UP_KM": 23.100000381469727, "CATCH_SKM": 2.3599998950958252, "UPLAND_SKM": 108.40000152587891, "ENDORHEIC": 0, "DIS_AV_CMS": 2.7980000972747803, "ORD_STRA": 2, "ORD_CLAS": 5, "ORD_FLOW": 6, "HYBAS_L12": 6120291240.0, "Shape_Length": 1989.203915093256 }, "geometry": { "type": "MultiLineString", "coordinates": [ [ [ 718697.544948603725061, 9607150.159302078187466 ], [ 717773.431733483332209, 9608073.785538908094168 ], [ 717309.423021052614786, 9607613.93623037263751 ] ] ] } },
{ "type": "Feature", "properties": { "OBJECTID": 539, "HYRIV_ID": 60636661, "NEXT_DOWN": 60636660, "MAIN_RIV": 60443230, "LENGTH_KM": 1.9099999666213989, "DIST_DN_KM": 687.5, "DIST_UP_KM": 3.7999999523162842, "CATCH_SKM": 7.070000171661377, "UPLAND_SKM": 7.0999999046325684, "ENDORHEIC": 0, "DIS_AV_CMS": 0.1809999942779541, "ORD_STRA": 1, "ORD_CLAS": 6, "ORD_FLOW": 7, "HYBAS_L12": 6120291240.0, "Shape_Length": 1932.248803415664 }, "geometry": { "type": "MultiLineString", "coordinates": [ [ [ 719857.596368817146868, 9608299.772916534915566 ], [ 719161.562385021825321, 9607610.004641341045499 ], [ 719160.579491775482893, 9607149.172157354652882 ], [ 718697.544948603725061, 9607150.159302078187466 ] ] ] } },
{ "type": "Feature", "properties": { "OBJECTID": 540, "HYRIV_ID": 60636662, "NEXT_DOWN": 60636390, "MAIN_RIV": 60443230, "LENGTH_KM": 2.4600000381469727, "DIST_DN_KM": 683.4000244140625, "DIST_UP_KM": 4.5, "CATCH_SKM": 12.640000343322754, "UPLAND_SKM": 12.600000381469727, "ENDORHEIC": 0, "DIS_AV_CMS": 0.30500000715255737, "ORD_STRA": 1, "ORD_CLAS": 7, "ORD_FLOW": 7, "HYBAS_L12": 6120291730.0, "Shape_Length": 2498.7709556989012 }, "geometry": { "type": "MultiLineString", "coordinates": [ [ [ 752734.95730925258249, 9607532.950257590040565 ], [ 751577.142489067744464, 9607535.790153421461582 ], [ 751112.892346091102809, 9607076.004608806222677 ], [ 750650.896536187385209, 9607538.052636666223407 ] ] ] } },
{ "type": "Feature", "properties": { "OBJECTID": 541, "HYRIV_ID": 60637135, "NEXT_DOWN": 60637136, "MAIN_RIV": 60443230, "LENGTH_KM": 5.2600002288818359, "DIST_DN_KM": 674.70001220703125, "DIST_UP_KM": 7.4000000953674316, "CATCH_SKM": 15.640000343322754, "UPLAND_SKM": 15.600000381469727, "ENDORHEIC": 0, "DIS_AV_CMS": 0.38999998569488525, "ORD_STRA": 1, "ORD_CLAS": 6, "ORD_FLOW": 7, "HYBAS_L12": 6120291630.0, "Shape_Length": 5324.6362044699345 }, "geometry": { "type": "MultiLineString", "coordinates": [ [ [ 732363.2762646850897, 9609654.922651229426265 ], [ 733518.374299350427464, 9608500.140215396881104 ], [ 734444.533561589778401, 9608498.03727394156158 ], [ 734906.56388794106897, 9608036.109626784920692 ], [ 734904.457765005063266, 9607114.36344731412828 ], [ 734440.329601781675592, 9606654.549736691638827 ], [ 734439.275564771378413, 9606193.677795341238379 ] ] ] } },
{ "type": "Feature", "properties": { "OBJECTID": 542, "HYRIV_ID": 60637136, "NEXT_DOWN": 60637137, "MAIN_RIV": 60443230, "LENGTH_KM": 1.3899999856948853, "DIST_DN_KM": 673.29998779296875, "DIST_UP_KM": 35.299999237060547, "CATCH_SKM": 2.3599998950958252, "UPLAND_SKM": 347.0, "ENDORHEIC": 0, "DIS_AV_CMS": 8.8610000610351562, "ORD_STRA": 3, "ORD_CLAS": 5, "ORD_FLOW": 6, "HYBAS_L12": 6120291630.0, "Shape_Length": 1409.2439145509702 }, "geometry": { "type": "MultiLineString", "coordinates": [ [ [ 734439.275564771378413, 9606193.677795341238379 ], [ 735828.492576971068047, 9606190.489213865250349 ] ] ] } },
{ "type": "Feature", "properties": { "OBJECTID": 543, "HYRIV_ID": 60637137, "NEXT_DOWN": 60637138, "MAIN_RIV": 60443230, "LENGTH_KM": 3.7000000476837158, "DIST_DN_KM": 669.5999755859375, "DIST_UP_KM": 39.0, "CATCH_SKM": 10.069999694824219, "UPLAND_SKM": 362.20001220703125, "ENDORHEIC": 0, "DIS_AV_CMS": 9.2390003204345703, "ORD_STRA": 3, "ORD_CLAS": 5, "ORD_FLOW": 6, "HYBAS_L12": 6120291630.0, "Shape_Length": 3757.7214829386589 }, "geometry": { "type": "MultiLineString", "coordinates": [ [ [ 735828.492576971068047, 9606190.489213865250349 ], [ 739533.126311755739152, 9606181.893997713923454 ] ] ] } },
{ "type": "Feature", "properties": { "OBJECTID": 544, "HYRIV_ID": 60637138, "NEXT_DOWN": 60637139, "MAIN_RIV": 60443230, "LENGTH_KM": 0.46000000834465027, "DIST_DN_KM": 669.0999755859375, "DIST_UP_KM": 39.5, "CATCH_SKM": 0.20999999344348907, "UPLAND_SKM": 384.29998779296875, "ENDORHEIC": 0, "DIS_AV_CMS": 9.7899999618530273, "ORD_STRA": 3, "ORD_CLAS": 5, "ORD_FLOW": 6, "HYBAS_L12": 6120291630.0, "Shape_Length": 469.68846534915707 }, "geometry": { "type": "MultiLineString", "coordinates": [ [ [ 739533.126311755739152, 9606181.893997713923454 ], [ 739996.211258041788824, 9606180.810171289369464 ] ] ] } },
{ "type": "Feature", "properties": { "OBJECTID": 545, "HYRIV_ID": 60637139, "NEXT_DOWN": 60634262, "MAIN_RIV": 60443230, "LENGTH_KM": 5.4800000190734863, "DIST_DN_KM": 663.70001220703125, "DIST_UP_KM": 45.0, "CATCH_SKM": 14.779999732971191, "UPLAND_SKM": 898.9000244140625, "ENDORHEIC": 0, "DIS_AV_CMS": 22.50200080871582, "ORD_STRA": 4, "ORD_CLAS": 5, "ORD_FLOW": 5, "HYBAS_L12": 6120286700.0, "Shape_Length": 5532.4265928774039 }, "geometry": { "type": "MultiLineString", "coordinates": [ [ [ 739996.211258041788824, 9606180.810171289369464 ], [ 740002.666979790432379, 9608946.131265819072723 ], [ 740466.839278266998008, 9609405.940922925248742 ], [ 740468.982683813665062, 9610327.716791279613972 ], [ 740006.945590428775176, 9610789.677888652309775 ], [ 740008.012026842683554, 9611250.564470343291759 ] ] ] } },
{ "type": "Feature", "properties": { "OBJECTID": 546, "HYRIV_ID": 60637647, "NEXT_DOWN": 60638552, "MAIN_RIV": 60443230, "LENGTH_KM": 1.6399999856948853, "DIST_DN_KM": 694.4000244140625, "DIST_UP_KM": 4.1999998092651367, "CATCH_SKM": 5.570000171661377, "UPLAND_SKM": 5.5999999046325684, "ENDORHEIC": 0, "DIS_AV_CMS": 0.14599999785423279, "ORD_STRA": 1, "ORD_CLAS": 5, "ORD_FLOW": 7, "HYBAS_L12": 6120291430.0, "Shape_Length": 1657.9711474653998 }, "geometry": { "type": "MultiLineString", "coordinates": [ [ [ 710593.207680467166938, 9606475.879100985825062 ], [ 711748.355233819456771, 9605321.458413584157825 ] ] ] } },
{ "type": "Feature", "properties": { "OBJECTID": 547, "HYRIV_ID": 60637648, "NEXT_DOWN": 60636660, "MAIN_RIV": 60443230, "LENGTH_KM": 2.8900001049041748, "DIST_DN_KM": 687.70001220703125, "DIST_UP_KM": 21.100000381469727, "CATCH_SKM": 8.3599996566772461, "UPLAND_SKM": 99.0, "ENDORHEIC": 0, "DIS_AV_CMS": 2.5559999942779541, "ORD_STRA": 2, "ORD_CLAS": 5, "ORD_FLOW": 6, "HYBAS_L12": 6120291240.0, "Shape_Length": 2926.7711803498346 }, "geometry": { "type": "MultiLineString", "coordinates": [ [ [ 720545.721484494861215, 9605302.85376045666635 ], [ 720083.683613413362764, 9605764.686876403167844 ], [ 719620.653101686271839, 9605765.681681605055928 ], [ 719158.610141656710766, 9606227.507011054083705 ], [ 719159.595345393638127, 9606688.339647673070431 ], [ 718697.544948603725061, 9607150.159302078187466 ] ] ] } },
{ "type": "Feature", "properties": { "OBJECTID": 548, "HYRIV_ID": 60637649, "NEXT_DOWN": 60637648, "MAIN_RIV": 60443230, "LENGTH_KM": 3.4900000095367432, "DIST_DN_KM": 690.4000244140625, "DIST_UP_KM": 6.5, "CATCH_SKM": 12.430000305175781, "UPLAND_SKM": 12.399999618530273, "ENDORHEIC": 0, "DIS_AV_CMS": 0.31700000166893005, "ORD_STRA": 1, "ORD_CLAS": 6, "ORD_FLOW": 7, "HYBAS_L12": 6120291240.0, "Shape_Length": 3534.9357680333237 }, "geometry": { "type": "MultiLineString", "coordinates": [ [ [ 723095.918889354565181, 9606910.275404252111912 ], [ 722399.854920898331329, 9606220.521930202841759 ], [ 721473.779170889290981, 9606222.52818357758224 ], [ 721009.748216505628079, 9605762.690846513956785 ], [ 721008.752342276857235, 9605301.853613624349236 ], [ 720545.721484494861215, 9605302.85376045666635 ] ] ] } },
{ "type": "Feature", "properties": { "OBJECTID": 549, "HYRIV_ID": 60637650, "NEXT_DOWN": 60637137, "MAIN_RIV": 60443230, "LENGTH_KM": 1.1599999666213989, "DIST_DN_KM": 673.29998779296875, "DIST_UP_KM": 4.0, "CATCH_SKM": 5.1399998664855957, "UPLAND_SKM": 5.0999999046325684, "ENDORHEIC": 0, "DIS_AV_CMS": 0.12800000607967377, "ORD_STRA": 1, "ORD_CLAS": 6, "ORD_FLOW": 7, "HYBAS_L12": 6120291630.0, "Shape_Length": 1168.7720450721272 }, "geometry": { "type": "MultiLineString", "coordinates": [ [ [ 735825.836264562560245, 9605038.299918724223971 ], [ 735828.492576971068047, 9606190.489213865250349 ] ] ] } },
{ "type": "Feature", "properties": { "OBJECTID": 550, "HYRIV_ID": 60637651, "NEXT_DOWN": 60637139, "MAIN_RIV": 60443230, "LENGTH_KM": 1.1200000047683716, "DIST_DN_KM": 669.0999755859375, "DIST_UP_KM": 37.400001525878906, "CATCH_SKM": 1.5, "UPLAND_SKM": 499.79998779296875, "ENDORHEIC": 0, "DIS_AV_CMS": 12.348999977111816, "ORD_STRA": 4, "ORD_CLAS": 6, "ORD_FLOW": 5, "HYBAS_L12": 6120291730.0, "Shape_Length": 1130.1096533666318 }, "geometry": { "type": "MultiLineString", "coordinates": [ [ [ 740457.131247318582609, 9605257.9476621709764 ], [ 739995.130907065584324, 9605719.92316596955061 ], [ 739996.211258041788824, 9606180.810171289369464 ] ] ] } },
{ "type": "Feature", "properties": { "OBJECTID": 551, "HYRIV_ID": 60637958, "NEXT_DOWN": 60638552, "MAIN_RIV": 60443230, "LENGTH_KM": 0.68999999761581421, "DIST_DN_KM": 694.20001220703125, "DIST_UP_KM": 3.4000000953674316, "CATCH_SKM": 4.5, "UPLAND_SKM": 4.5, "ENDORHEIC": 0, "DIS_AV_CMS": 0.11800000071525574, "ORD_STRA": 1, "ORD_CLAS": 6, "ORD_FLOW": 7, "HYBAS_L12": 6120291430.0, "Shape_Length": 701.73166913105069 }, "geometry": { "type": "MultiLineString", "coordinates": [ [ [ 711746.921881900867447, 9604630.236521355807781 ], [ 711748.355233819456771, 9605321.458413584157825 ] ] ] } },
{ "type": "Feature", "properties": { "OBJECTID": 552, "HYRIV_ID": 60638249, "NEXT_DOWN": 60638250, "MAIN_RIV": 60443230, "LENGTH_KM": 6.0100002288818359, "DIST_DN_KM": 678.20001220703125, "DIST_UP_KM": 8.8999996185302734, "CATCH_SKM": 22.920000076293945, "UPLAND_SKM": 22.899999618530273, "ENDORHEIC": 0, "DIS_AV_CMS": 0.57700002193450928, "ORD_STRA": 1, "ORD_CLAS": 6, "ORD_FLOW": 7, "HYBAS_L12": 6120291630.0, "Shape_Length": 6084.4544931932123 }, "geometry": { "type": "MultiLineString", "coordinates": [ [ [ 728656.118600212503225, 9608511.04384907707572 ], [ 729350.7183445681585, 9608509.500197919085622 ], [ 730274.793375103734434, 9607585.713156770914793 ], [ 730273.760547631420195, 9607124.852262742817402 ], [ 731197.812387948390096, 9606201.044536465778947 ], [ 731195.72980361408554, 9605279.31765878200531 ], [ 732119.75176518666558, 9604355.486596938222647 ] ] ] } },
{ "type": "Feature", "properties": { "OBJECTID": 553, "HYRIV_ID": 60638250, "NEXT_DOWN": 60637136, "MAIN_RIV": 60443230, "LENGTH_KM": 3.3499999046325684, "DIST_DN_KM": 674.70001220703125, "DIST_UP_KM": 34.0, "CATCH_SKM": 7.5, "UPLAND_SKM": 329.0, "ENDORHEIC": 0, "DIS_AV_CMS": 8.4119997024536133, "ORD_STRA": 3, "ORD_CLAS": 5, "ORD_FLOW": 6, "HYBAS_L12": 6120291630.0, "Shape_Length": 3395.4158070876497 }, "geometry": { "type": "MultiLineString", "coordinates": [ [ [ 732119.75176518666558, 9604355.486596938222647 ], [ 732583.858971539186314, 9604815.298600835725665 ], [ 733046.918860864825547, 9604814.242502003908157 ], [ 733511.033531964872964, 9605274.053958717733622 ], [ 733512.085874988115393, 9605734.923535749316216 ], [ 733976.205671944189817, 9606194.736465221270919 ], [ 734439.275564771378413, 9606193.677795341238379 ] ] ] } },
{ "type": "Feature", "properties": { "OBJECTID": 554, "HYRIV_ID": 60638251, "NEXT_DOWN": 60637651, "MAIN_RIV": 60443230, "LENGTH_KM": 1.309999942779541, "DIST_DN_KM": 670.5, "DIST_UP_KM": 36.099998474121094, "CATCH_SKM": 3.2100000381469727, "UPLAND_SKM": 473.60000610351562, "ENDORHEIC": 0, "DIS_AV_CMS": 11.696999549865723, "ORD_STRA": 4, "ORD_CLAS": 6, "ORD_FLOW": 5, "HYBAS_L12": 6120291730.0, "Shape_Length": 1325.2783598784904 }, "geometry": { "type": "MultiLineString", "coordinates": [ [ [ 741381.119459376554005, 9604333.982734885066748 ], [ 740457.131247318582609, 9605257.9476621709764 ] ] ] } },
{ "type": "Feature", "properties": { "OBJECTID": 555, "HYRIV_ID": 60638252, "NEXT_DOWN": 60638251, "MAIN_RIV": 60443230, "LENGTH_KM": 6.4899997711181641, "DIST_DN_KM": 671.79998779296875, "DIST_UP_KM": 8.6999998092651367, "CATCH_SKM": 21.209999084472656, "UPLAND_SKM": 21.200000762939453, "ENDORHEIC": 0, "DIS_AV_CMS": 0.51800000667572021, "ORD_STRA": 1, "ORD_CLAS": 7, "ORD_FLOW": 7, "HYBAS_L12": 6120291730.0, "Shape_Length": 6571.2899986110915 }, "geometry": { "type": "MultiLineString", "coordinates": [ [ [ 746252.955165080027655, 9608240.041678620502353 ], [ 744164.032756165019237, 9606170.961186066269875 ], [ 743700.936336643877439, 9606172.063944321125746 ], [ 742308.378571639535949, 9604792.679370634257793 ], [ 741845.293540836195461, 9604793.777589242905378 ], [ 741381.119459376554005, 9604333.982734885066748 ] ] ] } },
{ "type": "Feature", "properties": { "OBJECTID": 556, "HYRIV_ID": 60638552, "NEXT_DOWN": 60638553, "MAIN_RIV": 60443230, "LENGTH_KM": 3.809999942779541, "DIST_DN_KM": 690.5999755859375, "DIST_UP_KM": 8.0, "CATCH_SKM": 8.1400003433227539, "UPLAND_SKM": 18.200000762939453, "ENDORHEIC": 0, "DIS_AV_CMS": 0.47600001096725464, "ORD_STRA": 2, "ORD_CLAS": 5, "ORD_FLOW": 7, "HYBAS_L12": 6120291430.0, "Shape_Length": 3869.5238285919718 }, "geometry": { "type": "MultiLineString", "coordinates": [ [ [ 711748.355233819456771, 9605321.458413584157825 ], [ 712674.374416230479255, 9605319.535748433321714 ], [ 713136.424194024992175, 9604857.75334114395082 ], [ 714062.445981554919854, 9604855.815827302634716 ], [ 714986.529161410755478, 9603932.22494013980031 ] ] ] } },
{ "type": "Feature", "properties": { "OBJECTID": 557, "HYRIV_ID": 60638553, "NEXT_DOWN": 60636388, "MAIN_RIV": 60443230, "LENGTH_KM": 4.929999828338623, "DIST_DN_KM": 685.70001220703125, "DIST_UP_KM": 49.700000762939453, "CATCH_SKM": 14.569999694824219, "UPLAND_SKM": 522.9000244140625, "ENDORHEIC": 0, "DIS_AV_CMS": 13.810999870300293, "ORD_STRA": 3, "ORD_CLAS": 4, "ORD_FLOW": 5, "HYBAS_L12": 6120291430.0, "Shape_Length": 4993.3962219119003 }, "geometry": { "type": "MultiLineString", "coordinates": [ [ [ 714986.529161410755478, 9603932.22494013980031 ], [ 715449.539864787948318, 9603931.246577709913254 ], [ 716377.520381691283546, 9604850.935233719646931 ], [ 716380.445498063694686, 9606233.412510076537728 ], [ 716844.444884667289443, 9606693.260372325778008 ], [ 716845.418530450668186, 9607154.087176252156496 ], [ 717309.423021052614786, 9607613.93623037263751 ] ] ] } },
{ "type": "Feature", "properties": { "OBJECTID": 558, "HYRIV_ID": 60638554, "NEXT_DOWN": 60639094, "MAIN_RIV": 60443230, "LENGTH_KM": 1.1599999666213989, "DIST_DN_KM": 684.4000244140625, "DIST_UP_KM": 4.9000000953674316, "CATCH_SKM": 6.2100000381469727, "UPLAND_SKM": 6.1999998092651367, "ENDORHEIC": 0, "DIS_AV_CMS": 0.15800000727176666, "ORD_STRA": 1, "ORD_CLAS": 6, "ORD_FLOW": 7, "HYBAS_L12": 6120291630.0, "Shape_Length": 1174.6236102479331 }, "geometry": { "type": "MultiLineString", "coordinates": [ [ [ 725867.58598275471013, 9603908.675558798015118 ], [ 727025.183483672677539, 9603906.101781776174903 ] ] ] } },
{ "type": "Feature", "properties": { "OBJECTID": 559, "HYRIV_ID": 60638555, "NEXT_DOWN": 60639094, "MAIN_RIV": 60443230, "LENGTH_KM": 0.68999999761581421, "DIST_DN_KM": 684.4000244140625, "DIST_UP_KM": 3.7999999523162842, "CATCH_SKM": 4.929999828338623, "UPLAND_SKM": 4.9000000953674316, "ENDORHEIC": 0, "DIS_AV_CMS": 0.125, "ORD_STRA": 1, "ORD_CLAS": 8, "ORD_FLOW": 7, "HYBAS_L12": 6120291630.0, "Shape_Length": 701.43310681020637 }, "geometry": { "type": "MultiLineString", "coordinates": [ [ [ 727026.723016852047294, 9604597.380886521190405 ], [ 727025.183483672677539, 9603906.101781776174903 ] ] ] } },
{ "type": "Feature", "properties": { "OBJECTID": 560, "HYRIV_ID": 60638556, "NEXT_DOWN": 60638250, "MAIN_RIV": 60443230, "LENGTH_KM": 0.46000000834465027, "DIST_DN_KM": 678.0999755859375, "DIST_UP_KM": 30.600000381469727, "CATCH_SKM": 2.7899999618530273, "UPLAND_SKM": 298.60000610351562, "ENDORHEIC": 0, "DIS_AV_CMS": 7.6469998359680176, "ORD_STRA": 3, "ORD_CLAS": 5, "ORD_FLOW": 6, "HYBAS_L12": 6120291630.0, "Shape_Length": 467.55632002190146 }, "geometry": { "type": "MultiLineString", "coordinates": [ [ [ 732118.702010202454403, 9603894.620613535866141 ], [ 732119.75176518666558, 9604355.486596938222647 ] ] ] } },
{ "type": "Feature", "properties": { "OBJECTID": 561, "HYRIV_ID": 60638557, "NEXT_DOWN": 60638251, "MAIN_RIV": 60443230, "LENGTH_KM": 0.6600000262260437, "DIST_DN_KM": 671.79998779296875, "DIST_UP_KM": 34.799999237060547, "CATCH_SKM": 0.43000000715255737, "UPLAND_SKM": 449.20001220703125, "ENDORHEIC": 0, "DIS_AV_CMS": 11.098999977111816, "ORD_STRA": 4, "ORD_CLAS": 6, "ORD_FLOW": 5, "HYBAS_L12": 6120291730.0, "Shape_Length": 662.62426046032488 }, "geometry": { "type": "MultiLineString", "coordinates": [ [ [ 741843.107231122907251, 9603871.993215000256896 ], [ 741381.119459376554005, 9604333.982734885066748 ] ] ] } },
{ "type": "Feature", "properties": { "OBJECTID": 562, "HYRIV_ID": 60638558, "NEXT_DOWN": 60638557, "MAIN_RIV": 60443230, "LENGTH_KM": 10.520000457763672, "DIST_DN_KM": 672.4000244140625, "DIST_UP_KM": 15.399999618530273, "CATCH_SKM": 28.489999771118164, "UPLAND_SKM": 52.700000762939453, "ENDORHEIC": 0, "DIS_AV_CMS": 1.2779999971389771, "ORD_STRA": 2, "ORD_CLAS": 7, "ORD_FLOW": 6, "HYBAS_L12": 6120291730.0, "Shape_Length": 10656.747186237753 }, "geometry": { "type": "MultiLineString", "coordinates": [ [ [ 750187.775585270952433, 9607539.180848503485322 ], [ 749723.535647863987833, 9607079.392896685749292 ], [ 748797.304466156638227, 9607081.641363857313991 ], [ 748333.075544132618234, 9606621.852435873821378 ], [ 747869.965313374181278, 9606622.972692593932152 ], [ 746477.313705306733027, 9605243.606290033087134 ], [ 746476.201477556489408, 9604782.701328625902534 ], [ 746011.993462368147448, 9604322.914751561358571 ], [ 745085.808326857397333, 9604325.145214358344674 ], [ 744623.822808288037777, 9604787.157055262476206 ], [ 743697.64127924235072, 9604789.372325262054801 ], [ 743233.453566085314378, 9604329.580858210101724 ], [ 742307.283941762289032, 9604331.785942802205682 ], [ 741843.107231122907251, 9603871.993215000256896 ] ] ] } },
{ "type": "Feature", "properties": { "OBJECTID": 563, "HYRIV_ID": 60638813, "NEXT_DOWN": 60638814, "MAIN_RIV": 60443230, "LENGTH_KM": 0.68999999761581421, "DIST_DN_KM": 692.5999755859375, "DIST_UP_KM": 3.0999999046325684, "CATCH_SKM": 5.1399998664855957, "UPLAND_SKM": 5.0999999046325684, "ENDORHEIC": 0, "DIS_AV_CMS": 0.13300000131130219, "ORD_STRA": 1, "ORD_CLAS": 6, "ORD_FLOW": 7, "HYBAS_L12": 6120291240.0, "Shape_Length": 704.87495011291264 }, "geometry": { "type": "MultiLineString", "coordinates": [ [ [ 720773.245659819222055, 9603459.006788790225983 ], [ 721467.780596816213802, 9603457.49719413369894 ] ] ] } },
{ "type": "Feature", "properties": { "OBJECTID": 564, "HYRIV_ID": 60638814, "NEXT_DOWN": 60637648, "MAIN_RIV": 60443230, "LENGTH_KM": 2.2400000095367432, "DIST_DN_KM": 690.5, "DIST_UP_KM": 18.200000762939453, "CATCH_SKM": 8.5699996948242188, "UPLAND_SKM": 78.199996948242188, "ENDORHEIC": 0, "DIS_AV_CMS": 2.0230000019073486, "ORD_STRA": 2, "ORD_CLAS": 5, "ORD_FLOW": 6, "HYBAS_L12": 6120291240.0, "Shape_Length": 2261.3935985790031 }, "geometry": { "type": "MultiLineString", "coordinates": [ [ [ 721467.780596816213802, 9603457.49719413369894 ], [ 721469.784802863840014, 9604379.174364505335689 ], [ 720545.721484494861215, 9605302.85376045666635 ] ] ] } },
{ "type": "Feature", "properties": { "OBJECTID": 565, "HYRIV_ID": 60639093, "NEXT_DOWN": 60639094, "MAIN_RIV": 60443230, "LENGTH_KM": 2.0999999046325684, "DIST_DN_KM": 684.5999755859375, "DIST_UP_KM": 4.4000000953674316, "CATCH_SKM": 7.2800002098083496, "UPLAND_SKM": 7.3000001907348633, "ENDORHEIC": 0, "DIS_AV_CMS": 0.18600000441074371, "ORD_STRA": 1, "ORD_CLAS": 7, "ORD_FLOW": 7, "HYBAS_L12": 6120291630.0, "Shape_Length": 2127.1055256243981 }, "geometry": { "type": "MultiLineString", "coordinates": [ [ [ 725401.995567575562745, 9602757.579860463738441 ], [ 726098.081166349584237, 9603447.311564048752189 ], [ 726561.117766866809689, 9603446.281396519392729 ], [ 727025.183483672677539, 9603906.101781776174903 ] ] ] } },
{ "type": "Feature", "properties": { "OBJECTID": 566, "HYRIV_ID": 60639094, "NEXT_DOWN": 60638556, "MAIN_RIV": 60443230, "LENGTH_KM": 5.8600001335144043, "DIST_DN_KM": 678.5, "DIST_UP_KM": 10.800000190734863, "CATCH_SKM": 15.640000343322754, "UPLAND_SKM": 34.099998474121094, "ENDORHEIC": 0, "DIS_AV_CMS": 0.86500000953674316, "ORD_STRA": 2, "ORD_CLAS": 6, "ORD_FLOW": 7, "HYBAS_L12": 6120291630.0, "Shape_Length": 5940.0162423535266 }, "geometry": { "type": "MultiLineString", "coordinates": [ [ [ 727025.183483672677539, 9603906.101781776174903 ], [ 727951.266823884681799, 9603904.033253183588386 ], [ 728413.276174056925811, 9603442.139511542394757 ], [ 729339.362569875200279, 9603440.055917229503393 ], [ 729801.365966718643904, 9602978.15099898353219 ], [ 730265.453924079891294, 9603437.963950475677848 ], [ 730728.501336699002422, 9603436.914804087951779 ], [ 731192.59675426245667, 9603896.727112364023924 ], [ 732118.702010202454403, 9603894.620613535866141 ] ] ] } },
{ "type": "Feature", "properties": { "OBJECTID": 567, "HYRIV_ID": 60639370, "NEXT_DOWN": 60638553, "MAIN_RIV": 60443230, "LENGTH_KM": 1.7699999809265137, "DIST_DN_KM": 690.5999755859375, "DIST_UP_KM": 44.799999237060547, "CATCH_SKM": 5.7800002098083496, "UPLAND_SKM": 490.10000610351562, "ENDORHEIC": 0, "DIS_AV_CMS": 12.951999664306641, "ORD_STRA": 3, "ORD_CLAS": 4, "ORD_FLOW": 5, "HYBAS_L12": 6120291430.0, "Shape_Length": 1794.0262958216292 }, "geometry": { "type": "MultiLineString", "coordinates": [ [ [ 714057.600658383686095, 9602551.714564949274063 ], [ 714058.571975592290983, 9603012.534857014194131 ], [ 714986.529161410755478, 9603932.22494013980031 ] ] ] } },
{ "type": "Feature", "properties": { "OBJECTID": 568, "HYRIV_ID": 60639911, "NEXT_DOWN": 60637138, "MAIN_RIV": 60443230, "LENGTH_KM": 7.7699999809265137, "DIST_DN_KM": 669.5999755859375, "DIST_UP_KM": 11.300000190734863, "CATCH_SKM": 21.850000381469727, "UPLAND_SKM": 21.899999618530273, "ENDORHEIC": 0, "DIS_AV_CMS": 0.54600000381469727, "ORD_STRA": 1, "ORD_CLAS": 6, "ORD_FLOW": 7, "HYBAS_L12": 6120291630.0, "Shape_Length": 7861.0330111994454 }, "geometry": { "type": "MultiLineString", "coordinates": [ [ [ 735122.707337222993374, 9601352.908646179363132 ], [ 735818.893727680435404, 9602042.606557445600629 ], [ 736745.006881598965265, 9602040.447947304695845 ], [ 737209.143133325502276, 9602500.245193621143699 ], [ 737672.204972030594945, 9602499.16187827475369 ], [ 738136.34888490929734, 9602958.958568079397082 ], [ 738140.659472864354029, 9604802.48704163916409 ], [ 738603.734316142275929, 9604801.405698867514729 ], [ 739532.048107817652635, 9605721.008244298398495 ], [ 739533.126311755739152, 9606181.893997713923454 ] ] ] } },
{ "type": "Feature", "properties": { "OBJECTID": 569, "HYRIV_ID": 60639912, "NEXT_DOWN": 60638557, "MAIN_RIV": 60443230, "LENGTH_KM": 2.7000000476837158, "DIST_DN_KM": 672.20001220703125, "DIST_UP_KM": 34.299999237060547, "CATCH_SKM": 7.5, "UPLAND_SKM": 396.10000610351562, "ENDORHEIC": 0, "DIS_AV_CMS": 9.810999870300293, "ORD_STRA": 4, "ORD_CLAS": 6, "ORD_FLOW": 6, "HYBAS_L12": 6120291730.0, "Shape_Length": 2727.5002213145326 }, "geometry": { "type": "MultiLineString", "coordinates": [ [ [ 742763.760890139499679, 9601565.315508030354977 ], [ 742301.791610539075918, 9602027.318286415189505 ], [ 742302.8926675489638, 9602488.21191954985261 ], [ 741840.915839207707904, 9602950.208754764869809 ], [ 741843.107231122907251, 9603871.993215000256896 ] ] ] } },
{ "type": "Feature", "properties": { "OBJECTID": 570, "HYRIV_ID": 60640174, "NEXT_DOWN": 60640175, "MAIN_RIV": 60443230, "LENGTH_KM": 1.4500000476837158, "DIST_DN_KM": 694.0, "DIST_UP_KM": 4.3000001907348633, "CATCH_SKM": 4.929999828338623, "UPLAND_SKM": 4.9000000953674316, "ENDORHEIC": 0, "DIS_AV_CMS": 0.1289999932050705, "ORD_STRA": 1, "ORD_CLAS": 5, "ORD_FLOW": 7, "HYBAS_L12": 6120291430.0, "Shape_Length": 1462.5201284937611 }, "geometry": { "type": "MultiLineString", "coordinates": [ [ [ 712436.61979885364417, 9602324.711095822975039 ], [ 713129.662191127077676, 9601632.027074590325356 ], [ 713128.691677189897746, 9601171.208817508071661 ] ] ] } },
{ "type": "Feature", "properties": { "OBJECTID": 571, "HYRIV_ID": 60640175, "NEXT_DOWN": 60639370, "MAIN_RIV": 60443230, "LENGTH_KM": 1.7699999809265137, "DIST_DN_KM": 692.20001220703125, "DIST_UP_KM": 43.200000762939453, "CATCH_SKM": 2.1400001049041748, "UPLAND_SKM": 452.20001220703125, "ENDORHEIC": 0, "DIS_AV_CMS": 11.961000442504883, "ORD_STRA": 3, "ORD_CLAS": 4, "ORD_FLOW": 5, "HYBAS_L12": 6120291430.0, "Shape_Length": 1794.0481813689635 }, "geometry": { "type": "MultiLineString", "coordinates": [ [ [ 713128.691677189897746, 9601171.208817508071661 ], [ 714056.628183969296515, 9602090.894144827499986 ], [ 714057.600658383686095, 9602551.714564949274063 ] ] ] } },
{ "type": "Feature", "properties": { "OBJECTID": 572, "HYRIV_ID": 60640176, "NEXT_DOWN": 60638556, "MAIN_RIV": 60443230, "LENGTH_KM": 2.9700000286102295, "DIST_DN_KM": 678.5, "DIST_UP_KM": 30.100000381469727, "CATCH_SKM": 4.929999828338623, "UPLAND_SKM": 261.79998779296875, "ENDORHEIC": 0, "DIS_AV_CMS": 6.7119998931884766, "ORD_STRA": 3, "ORD_CLAS": 5, "ORD_FLOW": 6, "HYBAS_L12": 6120291630.0, "Shape_Length": 3000.5952582922487 }, "geometry": { "type": "MultiLineString", "coordinates": [ [ [ 731649.337281466345303, 9601130.48545141890645 ], [ 731652.498556100996211, 9602513.080304119735956 ], [ 732116.59885092813056, 9602972.888474978506565 ], [ 732118.702010202454403, 9603894.620613535866141 ] ] ] } },
{ "type": "Feature", "properties": { "OBJECTID": 573, "HYRIV_ID": 60640177, "NEXT_DOWN": 60640414, "MAIN_RIV": 60443230, "LENGTH_KM": 3.119999885559082, "DIST_DN_KM": 679.5999755859375, "DIST_UP_KM": 6.1999998092651367, "CATCH_SKM": 9.2100000381469727, "UPLAND_SKM": 9.1999998092651367, "ENDORHEIC": 0, "DIS_AV_CMS": 0.22499999403953552, "ORD_STRA": 1, "ORD_CLAS": 9, "ORD_FLOW": 7, "HYBAS_L12": 6121076810.0, "Shape_Length": 3159.2740730223104 }, "geometry": { "type": "MultiLineString", "coordinates": [ [ [ 748555.65288817032706, 9602934.004666028544307 ], [ 747861.01220711809583, 9602935.701631588861346 ], [ 746468.379748670267873, 9601556.365539502352476 ], [ 746467.257169528980739, 9601095.460316425189376 ] ] ] } },
{ "type": "Feature", "properties": { "OBJECTID": 574, "HYRIV_ID": 60640178, "NEXT_DOWN": 60640414, "MAIN_RIV": 60443230, "LENGTH_KM": 6.4499998092651367, "DIST_DN_KM": 679.5999755859375, "DIST_UP_KM": 9.5, "CATCH_SKM": 21.850000381469727, "UPLAND_SKM": 21.899999618530273, "ENDORHEIC": 0, "DIS_AV_CMS": 0.53200000524520874, "ORD_STRA": 1, "ORD_CLAS": 8, "ORD_FLOW": 7, "HYBAS_L12": 6121076810.0, "Shape_Length": 6544.5101140740499 }, "geometry": { "type": "MultiLineString", "coordinates": [ [ [ 752257.588238632422872, 9601772.570288054645061 ], [ 751561.221357043716125, 9601082.917978836223483 ], [ 750635.034148241276853, 9601085.21759913302958 ], [ 750173.082086766837165, 9601547.279792467132211 ], [ 749708.852260943967849, 9601087.508622733876109 ], [ 746467.257169528980739, 9601095.460316425189376 ] ] ] } },
{ "type": "Feature", "properties": { "OBJECTID": 575, "HYRIV_ID": 60640410, "NEXT_DOWN": 60639370, "MAIN_RIV": 60443230, "LENGTH_KM": 2.9700000286102295, "DIST_DN_KM": 692.20001220703125, "DIST_UP_KM": 10.600000381469727, "CATCH_SKM": 4.2899999618530273, "UPLAND_SKM": 32.099998474121094, "ENDORHEIC": 0, "DIS_AV_CMS": 0.83899998664855957, "ORD_STRA": 2, "ORD_CLAS": 5, "ORD_FLOW": 7, "HYBAS_L12": 6120291430.0, "Shape_Length": 3006.4273746273338 }, "geometry": { "type": "MultiLineString", "coordinates": [ [ [ 715442.688461943529546, 9600705.480340056121349 ], [ 714979.692521485849284, 9600706.466629656031728 ], [ 714982.629303905530833, 9602088.934740012511611 ], [ 714520.602757298154756, 9602550.736993055790663 ], [ 714057.600658383686095, 9602551.714564949274063 ] ] ] } },
{ "type": "Feature", "properties": { "OBJECTID": 576, "HYRIV_ID": 60640411, "NEXT_DOWN": 60640410, "MAIN_RIV": 60443230, "LENGTH_KM": 1.3500000238418579, "DIST_DN_KM": 695.4000244140625, "DIST_UP_KM": 4.0999999046325684, "CATCH_SKM": 6.429999828338623, "UPLAND_SKM": 6.4000000953674316, "ENDORHEIC": 0, "DIS_AV_CMS": 0.16699999570846558, "ORD_STRA": 1, "ORD_CLAS": 6, "ORD_FLOW": 7, "HYBAS_L12": 6120291430.0, "Shape_Length": 1368.04163764993 }, "geometry": { "type": "MultiLineString", "coordinates": [ [ [ 716601.17073362856172, 9601163.831928810104728 ], [ 715906.669787430670112, 9601165.316870208829641 ], [ 715442.688461943529546, 9600705.480340056121349 ] ] ] } },
{ "type": "Feature", "properties": { "OBJECTID": 577, "HYRIV_ID": 60640412, "NEXT_DOWN": 60638814, "MAIN_RIV": 60443230, "LENGTH_KM": 2.9700000286102295, "DIST_DN_KM": 692.79998779296875, "DIST_UP_KM": 16.0, "CATCH_SKM": 7.929999828338623, "UPLAND_SKM": 64.5, "ENDORHEIC": 0, "DIS_AV_CMS": 1.6699999570846558, "ORD_STRA": 2, "ORD_CLAS": 5, "ORD_FLOW": 6, "HYBAS_L12": 6120291240.0, "Shape_Length": 3001.4240335115983 }, "geometry": { "type": "MultiLineString", "coordinates": [ [ [ 721924.752236310276203, 9600691.448806343600154 ], [ 721929.799356085248291, 9602995.648347314447165 ], [ 721467.780596816213802, 9603457.49719413369894 ] ] ] } },
{ "type": "Feature", "properties": { "OBJECTID": 578, "HYRIV_ID": 60640413, "NEXT_DOWN": 60639912, "MAIN_RIV": 60443230, "LENGTH_KM": 4.0, "DIST_DN_KM": 674.9000244140625, "DIST_UP_KM": 19.200000762939453, "CATCH_SKM": 10.710000038146973, "UPLAND_SKM": 98.099998474121094, "ENDORHEIC": 0, "DIS_AV_CMS": 2.3970000743865967, "ORD_STRA": 3, "ORD_CLAS": 7, "ORD_FLOW": 6, "HYBAS_L12": 6121076810.0, "Shape_Length": 4059.0677187753754 }, "geometry": { "type": "MultiLineString", "coordinates": [ [ [ 746003.05569419474341, 9600635.683769868686795 ], [ 744617.172795763821341, 9602021.757558466866612 ], [ 744152.983336397446692, 9601561.975161777809262 ], [ 742763.760890139499679, 9601565.315508030354977 ] ] ] } },
{ "type": "Feature", "properties": { "OBJECTID": 579, "HYRIV_ID": 60640414, "NEXT_DOWN": 60640413, "MAIN_RIV": 60443230, "LENGTH_KM": 0.6600000262260437, "DIST_DN_KM": 679.0999755859375, "DIST_UP_KM": 9.8999996185302734, "CATCH_SKM": 0.20999999344348907, "UPLAND_SKM": 31.299999237060547, "ENDORHEIC": 0, "DIS_AV_CMS": 0.76200002431869507, "ORD_STRA": 2, "ORD_CLAS": 8, "ORD_FLOW": 7, "HYBAS_L12": 6121076810.0, "Shape_Length": 662.52974767278226 }, "geometry": { "type": "MultiLineString", "coordinates": [ [ [ 746467.257169528980739, 9601095.460316425189376 ], [ 746003.05569419474341, 9600635.683769868686795 ] ] ] } },
{ "type": "Feature", "properties": { "OBJECTID": 580, "HYRIV_ID": 60640690, "NEXT_DOWN": 60640691, "MAIN_RIV": 60443230, "LENGTH_KM": 1.3500000238418579, "DIST_DN_KM": 685.29998779296875, "DIST_UP_KM": 4.3000001907348633, "CATCH_SKM": 6.2100000381469727, "UPLAND_SKM": 6.1999998092651367, "ENDORHEIC": 0, "DIS_AV_CMS": 0.15899999439716339, "ORD_STRA": 1, "ORD_CLAS": 7, "ORD_FLOW": 7, "HYBAS_L12": 6121076760.0, "Shape_Length": 1367.5844741923338 }, "geometry": { "type": "MultiLineString", "coordinates": [ [ [ 727249.476283092866652, 9600679.611316423863173 ], [ 727944.01716661255341, 9600678.04656383767724 ], [ 728406.003364924807101, 9600216.14415036700666 ] ] ] } },
{ "type": "Feature", "properties": { "OBJECTID": 581, "HYRIV_ID": 60640691, "NEXT_DOWN": 60640176, "MAIN_RIV": 60443230, "LENGTH_KM": 3.619999885559082, "DIST_DN_KM": 681.5, "DIST_UP_KM": 9.6999998092651367, "CATCH_SKM": 7.2800002098083496, "UPLAND_SKM": 23.600000381469727, "ENDORHEIC": 0, "DIS_AV_CMS": 0.60100001096725464, "ORD_STRA": 2, "ORD_CLAS": 6, "ORD_FLOW": 7, "HYBAS_L12": 6121076760.0, "Shape_Length": 3674.597179966162 }, "geometry": { "type": "MultiLineString", "coordinates": [ [ [ 728406.003364924807101, 9600216.14415036700666 ], [ 728870.075873950030655, 9600675.952784188091755 ], [ 729796.13943588687107, 9600673.850440291687846 ], [ 730260.222830319078639, 9601133.657543243840337 ], [ 731649.337281466345303, 9601130.48545141890645 ] ] ] } },
{ "type": "Feature", "properties": { "OBJECTID": 582, "HYRIV_ID": 60640692, "NEXT_DOWN": 60640693, "MAIN_RIV": 60443230, "LENGTH_KM": 0.68999999761581421, "DIST_DN_KM": 676.29998779296875, "DIST_UP_KM": 3.4000000953674316, "CATCH_SKM": 4.2899999618530273, "UPLAND_SKM": 4.3000001907348633, "ENDORHEIC": 0, "DIS_AV_CMS": 0.10599999874830246, "ORD_STRA": 1, "ORD_CLAS": 7, "ORD_FLOW": 7, "HYBAS_L12": 6121076810.0, "Shape_Length": 704.43863478597814 }, "geometry": { "type": "MultiLineString", "coordinates": [ [ [ 742065.842799983569421, 9600184.299223517999053 ], [ 742760.440067295217887, 9600182.630459628999233 ] ] ] } },
{ "type": "Feature", "properties": { "OBJECTID": 583, "HYRIV_ID": 60640693, "NEXT_DOWN": 60639912, "MAIN_RIV": 60443230, "LENGTH_KM": 1.3899999856948853, "DIST_DN_KM": 674.9000244140625, "DIST_UP_KM": 31.600000381469727, "CATCH_SKM": 2.3599998950958252, "UPLAND_SKM": 290.5, "ENDORHEIC": 0, "DIS_AV_CMS": 7.2290000915527344, "ORD_STRA": 3, "ORD_CLAS": 6, "ORD_FLOW": 6, "HYBAS_L12": 6121076810.0, "Shape_Length": 1402.2596345068312 }, "geometry": { "type": "MultiLineString", "coordinates": [ [ [ 742760.440067295217887, 9600182.630459628999233 ], [ 742763.760890139499679, 9601565.315508030354977 ] ] ] } },
{ "type": "Feature", "properties": { "OBJECTID": 584, "HYRIV_ID": 60640976, "NEXT_DOWN": 60640412, "MAIN_RIV": 60443230, "LENGTH_KM": 2.0999999046325684, "DIST_DN_KM": 695.5999755859375, "DIST_UP_KM": 4.6999998092651367, "CATCH_SKM": 7.5, "UPLAND_SKM": 7.5, "ENDORHEIC": 0, "DIS_AV_CMS": 0.1940000057220459, "ORD_STRA": 1, "ORD_CLAS": 6, "ORD_FLOW": 7, "HYBAS_L12": 6120291240.0, "Shape_Length": 2127.3676768003052 }, "geometry": { "type": "MultiLineString", "coordinates": [ [ [ 720301.699020900530741, 9599542.90581925585866 ], [ 721461.740094765089452, 9600692.464918645098805 ], [ 721924.752236310276203, 9600691.448806343600154 ] ] ] } },
{ "type": "Feature", "properties": { "OBJECTID": 585, "HYRIV_ID": 60640977, "NEXT_DOWN": 60640176, "MAIN_RIV": 60443230, "LENGTH_KM": 1.3899999856948853, "DIST_DN_KM": 681.5, "DIST_UP_KM": 27.200000762939453, "CATCH_SKM": 5.1399998664855957, "UPLAND_SKM": 233.30000305175781, "ENDORHEIC": 0, "DIS_AV_CMS": 5.9860000610351562, "ORD_STRA": 3, "ORD_CLAS": 5, "ORD_FLOW": 6, "HYBAS_L12": 6121076760.0, "Shape_Length": 1402.6862946147564 }, "geometry": { "type": "MultiLineString", "coordinates": [ [ [ 731646.165160528151318, 9599747.890271095559001 ], [ 731649.337281466345303, 9601130.48545141890645 ] ] ] } },
{ "type": "Feature", "properties": { "OBJECTID": 586, "HYRIV_ID": 60640978, "NEXT_DOWN": 60637651, "MAIN_RIV": 60443230, "LENGTH_KM": 8.0500001907348633, "DIST_DN_KM": 670.29998779296875, "DIST_UP_KM": 12.399999618530273, "CATCH_SKM": 24.639999389648438, "UPLAND_SKM": 24.600000381469727, "ENDORHEIC": 0, "DIS_AV_CMS": 0.61500000953674316, "ORD_STRA": 1, "ORD_CLAS": 7, "ORD_FLOW": 7, "HYBAS_L12": 6120291730.0, "Shape_Length": 8150.1073596833758 }, "geometry": { "type": "MultiLineString", "coordinates": [ [ [ 737897.231699166819453, 9599733.329202882945538 ], [ 739054.86163097852841, 9599730.590062672272325 ], [ 739519.010445066960528, 9600190.376900365576148 ], [ 739522.286888957023621, 9601573.035287218168378 ], [ 738598.332406880683266, 9602496.988813241943717 ], [ 739062.482985693961382, 9602956.783816609531641 ], [ 739063.566720666131005, 9603417.668448645621538 ], [ 740456.046256286092103, 9604797.059361822903156 ], [ 740457.131247318582609, 9605257.9476621709764 ] ] ] } },
{ "type": "Feature", "properties": { "OBJECTID": 587, "HYRIV_ID": 60641245, "NEXT_DOWN": 60640175, "MAIN_RIV": 60443230, "LENGTH_KM": 2.2400000095367432, "DIST_DN_KM": 694.20001220703125, "DIST_UP_KM": 41.200000762939453, "CATCH_SKM": 5.1399998664855957, "UPLAND_SKM": 445.10000610351562, "ENDORHEIC": 0, "DIS_AV_CMS": 11.77400016784668, "ORD_STRA": 3, "ORD_CLAS": 4, "ORD_FLOW": 5, "HYBAS_L12": 6120291430.0, "Shape_Length": 2261.9149422983614 }, "geometry": { "type": "MultiLineString", "coordinates": [ [ [ 712198.831833240808919, 9599329.891630424186587 ], [ 712200.772213972522877, 9600251.523816473782063 ], [ 713128.691677189897746, 9601171.208817508071661 ] ] ] } },
{ "type": "Feature", "properties": { "OBJECTID": 588, "HYRIV_ID": 60641510, "NEXT_DOWN": 60641511, "MAIN_RIV": 60443230, "LENGTH_KM": 4.2399997711181641, "DIST_DN_KM": 696.9000244140625, "DIST_UP_KM": 7.1999998092651367, "CATCH_SKM": 14.350000381469727, "UPLAND_SKM": 14.399999618530273, "ENDORHEIC": 0, "DIS_AV_CMS": 0.37799999117851257, "ORD_STRA": 1, "ORD_CLAS": 5, "ORD_FLOW": 7, "HYBAS_L12": 6120291430.0, "Shape_Length": 4295.6674095096532 }, "geometry": { "type": "MultiLineString", "coordinates": [ [ [ 708728.405066332081333, 9600258.766068145632744 ], [ 709422.87351283733733, 9600257.327210748568177 ], [ 709886.811751396395266, 9600717.175766572356224 ], [ 710348.835229596588761, 9600255.401217935606837 ], [ 710811.817783043719828, 9600254.435118619352579 ], [ 711735.850164836738259, 9599330.866454903036356 ], [ 711734.880473439581692, 9598870.051425460726023 ] ] ] } },
{ "type": "Feature", "properties": { "OBJECTID": 589, "HYRIV_ID": 60641511, "NEXT_DOWN": 60641245, "MAIN_RIV": 60443230, "LENGTH_KM": 0.6600000262260437, "DIST_DN_KM": 696.4000244140625, "DIST_UP_KM": 39.0, "CATCH_SKM": 0.43000000715255737, "UPLAND_SKM": 435.70001220703125, "ENDORHEIC": 0, "DIS_AV_CMS": 11.52400016784668, "ORD_STRA": 3, "ORD_CLAS": 4, "ORD_FLOW": 5, "HYBAS_L12": 6120291430.0, "Shape_Length": 663.15007864418408 }, "geometry": { "type": "MultiLineString", "coordinates": [ [ [ 711734.880473439581692, 9598870.051425460726023 ], [ 712198.831833240808919, 9599329.891630424186587 ] ] ] } },
{ "type": "Feature", "properties": { "OBJECTID": 590, "HYRIV_ID": 60641512, "NEXT_DOWN": 60641245, "MAIN_RIV": 60443230, "LENGTH_KM": 0.68999999761581421, "DIST_DN_KM": 696.20001220703125, "DIST_UP_KM": 3.0999999046325684, "CATCH_SKM": 4.2899999618530273, "UPLAND_SKM": 4.3000001907348633, "ENDORHEIC": 0, "DIS_AV_CMS": 0.1120000034570694, "ORD_STRA": 1, "ORD_CLAS": 5, "ORD_FLOW": 7, "HYBAS_L12": 6120291430.0, "Shape_Length": 701.72194920080108 }, "geometry": { "type": "MultiLineString", "coordinates": [ [ [ 712197.37366075150203, 9598638.667444556951523 ], [ 712198.831833240808919, 9599329.891630424186587 ] ] ] } },
{ "type": "Feature", "properties": { "OBJECTID": 591, "HYRIV_ID": 60641513, "NEXT_DOWN": 60640412, "MAIN_RIV": 60443230, "LENGTH_KM": 1.8500000238418579, "DIST_DN_KM": 695.5999755859375, "DIST_UP_KM": 13.199999809265137, "CATCH_SKM": 3.6400001049041748, "UPLAND_SKM": 49.099998474121094, "ENDORHEIC": 0, "DIS_AV_CMS": 1.2719999551773071, "ORD_STRA": 2, "ORD_CLAS": 5, "ORD_FLOW": 6, "HYBAS_L12": 6120291240.0, "Shape_Length": 1870.7512422445652 }, "geometry": { "type": "MultiLineString", "coordinates": [ [ [ 721920.693444807780907, 9598848.088529141619802 ], [ 721924.752236310276203, 9600691.448806343600154 ] ] ] } },
{ "type": "Feature", "properties": { "OBJECTID": 592, "HYRIV_ID": 60641514, "NEXT_DOWN": 60640691, "MAIN_RIV": 60443230, "LENGTH_KM": 2.6600000858306885, "DIST_DN_KM": 685.29998779296875, "DIST_UP_KM": 5.9000000953674316, "CATCH_SKM": 10.069999694824219, "UPLAND_SKM": 10.100000381469727, "ENDORHEIC": 0, "DIS_AV_CMS": 0.25799998641014099, "ORD_STRA": 1, "ORD_CLAS": 6, "ORD_FLOW": 7, "HYBAS_L12": 6121076760.0, "Shape_Length": 2693.3170976860902 }, "geometry": { "type": "MultiLineString", "coordinates": [ [ [ 726319.286693571833894, 9598838.285076504573226 ], [ 727013.811262859962881, 9598836.719511460512877 ], [ 728406.003364924807101, 9600216.14415036700666 ] ] ] } },
{ "type": "Feature", "properties": { "OBJECTID": 593, "HYRIV_ID": 60641816, "NEXT_DOWN": 60641513, "MAIN_RIV": 60443230, "LENGTH_KM": 2.369999885559082, "DIST_DN_KM": 697.4000244140625, "DIST_UP_KM": 4.9000000953674316, "CATCH_SKM": 8.7799997329711914, "UPLAND_SKM": 8.8000001907348633, "ENDORHEIC": 0, "DIS_AV_CMS": 0.22599999606609344, "ORD_STRA": 1, "ORD_CLAS": 6, "ORD_FLOW": 7, "HYBAS_L12": 6120291240.0, "Shape_Length": 2404.0227876937392 }, "geometry": { "type": "MultiLineString", "coordinates": [ [ [ 724002.683043170254678, 9598152.200632199645042 ], [ 723309.711351211648434, 9598845.013570232316852 ], [ 721920.693444807780907, 9598848.088529141619802 ] ] ] } },
{ "type": "Feature", "properties": { "OBJECTID": 594, "HYRIV_ID": 60642108, "NEXT_DOWN": 60640977, "MAIN_RIV": 60443230, "LENGTH_KM": 2.9500000476837158, "DIST_DN_KM": 683.0999755859375, "DIST_UP_KM": 5.8000001907348633, "CATCH_SKM": 12.640000343322754, "UPLAND_SKM": 12.600000381469727, "ENDORHEIC": 0, "DIS_AV_CMS": 0.32199999690055847, "ORD_STRA": 1, "ORD_CLAS": 6, "ORD_FLOW": 7, "HYBAS_L12": 6121076760.0, "Shape_Length": 2982.6249722535331 }, "geometry": { "type": "MultiLineString", "coordinates": [ [ [ 729557.7903918963857, 9597678.788755571469665 ], [ 731646.165160528151318, 9599747.890271095559001 ] ] ] } },
{ "type": "Feature", "properties": { "OBJECTID": 595, "HYRIV_ID": 60642380, "NEXT_DOWN": 60641511, "MAIN_RIV": 60443230, "LENGTH_KM": 1.5800000429153442, "DIST_DN_KM": 696.9000244140625, "DIST_UP_KM": 38.5, "CATCH_SKM": 3.0, "UPLAND_SKM": 420.89999389648438, "ENDORHEIC": 0, "DIS_AV_CMS": 11.133999824523926, "ORD_STRA": 3, "ORD_CLAS": 4, "ORD_FLOW": 5, "HYBAS_L12": 6120291430.0, "Shape_Length": 1598.7954003250134 }, "geometry": { "type": "MultiLineString", "coordinates": [ [ [ 711268.992622055462562, 9597488.583183689042926 ], [ 711732.937718752888031, 9597948.421172883361578 ], [ 711734.880473439581692, 9598870.051425460726023 ] ] ] } },
{ "type": "Feature", "properties": { "OBJECTID": 596, "HYRIV_ID": 60642381, "NEXT_DOWN": 60640977, "MAIN_RIV": 60443230, "LENGTH_KM": 2.7000000476837158, "DIST_DN_KM": 683.0999755859375, "DIST_UP_KM": 25.600000381469727, "CATCH_SKM": 5.570000171661377, "UPLAND_SKM": 215.5, "ENDORHEIC": 0, "DIS_AV_CMS": 5.5349998474121094, "ORD_STRA": 3, "ORD_CLAS": 5, "ORD_FLOW": 6, "HYBAS_L12": 6121076760.0, "Shape_Length": 2728.2235576096573 }, "geometry": { "type": "MultiLineString", "coordinates": [ [ [ 732566.902167183114216, 9597441.419233025982976 ], [ 732104.944205166539177, 9597903.35928462818265 ], [ 732108.137443440849893, 9599285.958629989996552 ], [ 731646.165160528151318, 9599747.890271095559001 ] ] ] } },
{ "type": "Feature", "properties": { "OBJECTID": 597, "HYRIV_ID": 60642382, "NEXT_DOWN": 60640413, "MAIN_RIV": 60443230, "LENGTH_KM": 5.5100002288818359, "DIST_DN_KM": 679.0999755859375, "DIST_UP_KM": 15.0, "CATCH_SKM": 23.569999694824219, "UPLAND_SKM": 56.099998474121094, "ENDORHEIC": 0, "DIS_AV_CMS": 1.371999979019165, "ORD_STRA": 2, "ORD_CLAS": 7, "ORD_FLOW": 6, "HYBAS_L12": 6121076810.0, "Shape_Length": 5576.5277657487113 }, "geometry": { "type": "MultiLineString", "coordinates": [ [ [ 750162.77929365937598, 9597399.037214230746031 ], [ 749699.706032978836447, 9597400.19212594255805 ], [ 748313.91466307407245, 9598786.376353822648525 ], [ 747850.840278960764408, 9598787.518833473324776 ], [ 746003.05569419474341, 9600635.683769868686795 ] ] ] } },
{ "type": "Feature", "properties": { "OBJECTID": 598, "HYRIV_ID": 60642383, "NEXT_DOWN": 60642382, "MAIN_RIV": 60443230, "LENGTH_KM": 4.1399998664855957, "DIST_DN_KM": 684.4000244140625, "DIST_UP_KM": 6.6999998092651367, "CATCH_SKM": 14.779999732971191, "UPLAND_SKM": 14.800000190734863, "ENDORHEIC": 0, "DIS_AV_CMS": 0.35899999737739563, "ORD_STRA": 1, "ORD_CLAS": 8, "ORD_FLOW": 7, "HYBAS_L12": 6121076810.0, "Shape_Length": 4196.4306771173733 }, "geometry": { "type": "MultiLineString", "coordinates": [ [ [ 753636.454410554375499, 9597620.769462537020445 ], [ 752943.571090645622462, 9598313.910100895911455 ], [ 752480.485655988217331, 9598315.075309842824936 ], [ 752016.244233079720289, 9597855.317041387781501 ], [ 751090.084160297061317, 9597857.639407871291041 ], [ 750625.853931764140725, 9597397.880055297166109 ], [ 750162.77929365937598, 9597399.037214230746031 ] ] ] } },
{ "type": "Feature", "properties": { "OBJECTID": 599, "HYRIV_ID": 60642656, "NEXT_DOWN": 60642934, "MAIN_RIV": 60443230, "LENGTH_KM": 0.68999999761581421, "DIST_DN_KM": 702.20001220703125, "DIST_UP_KM": 2.9000000953674316, "CATCH_SKM": 4.929999828338623, "UPLAND_SKM": 4.9000000953674316, "ENDORHEIC": 0, "DIS_AV_CMS": 0.13099999725818634, "ORD_STRA": 1, "ORD_CLAS": 7, "ORD_FLOW": 7, "HYBAS_L12": 6121077250.0, "Shape_Length": 701.7949144980123 }, "geometry": { "type": "MultiLineString", "coordinates": [ [ [ 708491.662964280694723, 9597724.804519033059478 ], [ 708490.224521951051429, 9597033.593281758949161 ] ] ] } },
{ "type": "Feature", "properties": { "OBJECTID": 600, "HYRIV_ID": 60642657, "NEXT_DOWN": 60642381, "MAIN_RIV": 60443230, "LENGTH_KM": 1.440000057220459, "DIST_DN_KM": 685.5999755859375, "DIST_UP_KM": 4.0, "CATCH_SKM": 6.8600001335144043, "UPLAND_SKM": 6.9000000953674316, "ENDORHEIC": 0, "DIS_AV_CMS": 0.17299999296665192, "ORD_STRA": 1, "ORD_CLAS": 6, "ORD_FLOW": 7, "HYBAS_L12": 6121076760.0, "Shape_Length": 1463.8599976684327 }, "geometry": { "type": "MultiLineString", "coordinates": [ [ [ 733722.855930230463855, 9596747.419840965420008 ], [ 733029.928259049076587, 9597440.34357281960547 ], [ 732566.902167183114216, 9597441.419233025982976 ] ] ] } },
{ "type": "Feature", "properties": { "OBJECTID": 601, "HYRIV_ID": 60642934, "NEXT_DOWN": 60642380, "MAIN_RIV": 60443230, "LENGTH_KM": 3.7300000190734863, "DIST_DN_KM": 698.5999755859375, "DIST_UP_KM": 12.600000381469727, "CATCH_SKM": 11.779999732971191, "UPLAND_SKM": 45.200000762939453, "ENDORHEIC": 0, "DIS_AV_CMS": 1.2029999494552612, "ORD_STRA": 2, "ORD_CLAS": 5, "ORD_FLOW": 6, "HYBAS_L12": 6121077250.0, "Shape_Length": 3785.9491904786578 }, "geometry": { "type": "MultiLineString", "coordinates": [ [ [ 708490.224521951051429, 9597033.593281758949161 ], [ 708952.225278240861371, 9596571.819360237568617 ], [ 709880.083185189170763, 9597491.501593701541424 ], [ 710343.051836827537045, 9597490.530957089737058 ], [ 710806.990475901053287, 9597950.371088659390807 ], [ 711268.992622055462562, 9597488.583183689042926 ] ] ] } },
{ "type": "Feature", "properties": { "OBJECTID": 602, "HYRIV_ID": 60642935, "NEXT_DOWN": 60640410, "MAIN_RIV": 60443230, "LENGTH_KM": 5.630000114440918, "DIST_DN_KM": 695.4000244140625, "DIST_UP_KM": 7.4000000953674316, "CATCH_SKM": 21.420000076293945, "UPLAND_SKM": 21.399999618530273, "ENDORHEIC": 0, "DIS_AV_CMS": 0.56000000238418579, "ORD_STRA": 1, "ORD_CLAS": 5, "ORD_FLOW": 7, "HYBAS_L12": 6120291430.0, "Shape_Length": 5694.9501049011715 }, "geometry": { "type": "MultiLineString", "coordinates": [ [ [ 716822.235360619844869, 9596324.64760634675622 ], [ 716824.731542468070984, 9597476.716593068093061 ], [ 716362.741392967524007, 9597938.543635334819555 ], [ 715899.755984195508063, 9597939.541054520756006 ], [ 715437.760557985515334, 9598401.360416857525706 ], [ 715438.748390101827681, 9598862.184462858363986 ], [ 715902.725889884633943, 9599322.016670480370522 ], [ 715904.700050421175547, 9600243.666831437498331 ], [ 715442.688461943529546, 9600705.480340056121349 ] ] ] } },
{ "type": "Feature", "properties": { "OBJECTID": 603, "HYRIV_ID": 60642936, "NEXT_DOWN": 60642937, "MAIN_RIV": 60443230, "LENGTH_KM": 1.809999942779541, "DIST_DN_KM": 680.79998779296875, "DIST_UP_KM": 3.9000000953674316, "CATCH_SKM": 6.6399998664855957, "UPLAND_SKM": 6.5999999046325684, "ENDORHEIC": 0, "DIS_AV_CMS": 0.16500000655651093, "ORD_STRA": 1, "ORD_CLAS": 7, "ORD_FLOW": 7, "HYBAS_L12": 6121076810.0, "Shape_Length": 1836.5840806563961 }, "geometry": { "type": "MultiLineString", "coordinates": [ [ [ 742058.07182537287008, 9596958.046462019905448 ], [ 742752.64680740959011, 9596956.364328706637025 ], [ 743214.57781478529796, 9596494.343566754832864 ], [ 743677.628551156376489, 9596493.21611045114696 ] ] ] } },
{ "type": "Feature", "properties": { "OBJECTID": 604, "HYRIV_ID": 60642937, "NEXT_DOWN": 60640693, "MAIN_RIV": 60443230, "LENGTH_KM": 4.4699997901916504, "DIST_DN_KM": 676.29998779296875, "DIST_UP_KM": 30.299999237060547, "CATCH_SKM": 8.7799997329711914, "UPLAND_SKM": 283.79998779296875, "ENDORHEIC": 0, "DIS_AV_CMS": 7.064000129699707, "ORD_STRA": 3, "ORD_CLAS": 6, "ORD_FLOW": 6, "HYBAS_L12": 6121076810.0, "Shape_Length": 4519.9078036208102 }, "geometry": { "type": "MultiLineString", "coordinates": [ [ [ 743677.628551156376489, 9596493.21611045114696 ], [ 744141.805450996151194, 9596952.98560737259686 ], [ 744144.051283020176925, 9597874.783736582845449 ], [ 743682.111731104552746, 9598336.807372694835067 ], [ 743683.229290596907958, 9598797.705131819471717 ], [ 742759.330636477097869, 9599721.735463932156563 ], [ 742760.440067295217887, 9600182.630459628999233 ] ] ] } },
{ "type": "Feature", "properties": { "OBJECTID": 605, "HYRIV_ID": 60643202, "NEXT_DOWN": 60643203, "MAIN_RIV": 60443230, "LENGTH_KM": 0.68999999761581421, "DIST_DN_KM": 703.5, "DIST_UP_KM": 4.0, "CATCH_SKM": 4.7100000381469727, "UPLAND_SKM": 4.6999998092651367, "ENDORHEIC": 0, "DIS_AV_CMS": 0.12600000202655792, "ORD_STRA": 1, "ORD_CLAS": 6, "ORD_FLOW": 7, "HYBAS_L12": 6121077250.0, "Shape_Length": 705.09561730492123 }, "geometry": { "type": "MultiLineString", "coordinates": [ [ [ 706867.955017852364108, 9596115.347841156646609 ], [ 707562.388038038043305, 9596113.906984591856599 ] ] ] } },
{ "type": "Feature", "properties": { "OBJECTID": 606, "HYRIV_ID": 60643203, "NEXT_DOWN": 60642934, "MAIN_RIV": 60443230, "LENGTH_KM": 1.309999942779541, "DIST_DN_KM": 702.4000244140625, "DIST_UP_KM": 8.8999996185302734, "CATCH_SKM": 2.1400001049041748, "UPLAND_SKM": 28.5, "ENDORHEIC": 0, "DIS_AV_CMS": 0.75999999046325684, "ORD_STRA": 2, "ORD_CLAS": 5, "ORD_FLOW": 7, "HYBAS_L12": 6121077250.0, "Shape_Length": 1326.4292766320564 }, "geometry": { "type": "MultiLineString", "coordinates": [ [ [ 707562.388038038043305, 9596113.906984591856599 ], [ 708490.224521951051429, 9597033.593281758949161 ] ] ] } },
{ "type": "Feature", "properties": { "OBJECTID": 607, "HYRIV_ID": 60643685, "NEXT_DOWN": 60642380, "MAIN_RIV": 60443230, "LENGTH_KM": 2.8900001049041748, "DIST_DN_KM": 698.5999755859375, "DIST_UP_KM": 36.799999237060547, "CATCH_SKM": 9.4300003051757812, "UPLAND_SKM": 372.70001220703125, "ENDORHEIC": 0, "DIS_AV_CMS": 9.8509998321533203, "ORD_STRA": 3, "ORD_CLAS": 4, "ORD_FLOW": 6, "HYBAS_L12": 6121077250.0, "Shape_Length": 2925.0762049723485 }, "geometry": { "type": "MultiLineString", "coordinates": [ [ [ 711727.082690920098685, 9595183.529738711193204 ], [ 711729.038827874930575, 9596105.160379948094487 ], [ 712192.984122721129097, 9596564.994209382683039 ], [ 711268.992622055462562, 9597488.583183689042926 ] ] ] } },
{ "type": "Feature", "properties": { "OBJECTID": 608, "HYRIV_ID": 60643958, "NEXT_DOWN": 60643203, "MAIN_RIV": 60443230, "LENGTH_KM": 1.7699999809265137, "DIST_DN_KM": 703.70001220703125, "DIST_UP_KM": 7.5999999046325684, "CATCH_SKM": 3.0, "UPLAND_SKM": 21.600000381469727, "ENDORHEIC": 0, "DIS_AV_CMS": 0.57800000905990601, "ORD_STRA": 2, "ORD_CLAS": 5, "ORD_FLOW": 7, "HYBAS_L12": 6121077250.0, "Shape_Length": 1794.3449527404364 }, "geometry": { "type": "MultiLineString", "coordinates": [ [ [ 706633.612708823173307, 9594733.417278492823243 ], [ 706634.568758870242164, 9595194.220624327659607 ], [ 707562.388038038043305, 9596113.906984591856599 ] ] ] } },
{ "type": "Feature", "properties": { "OBJECTID": 609, "HYRIV_ID": 60643959, "NEXT_DOWN": 60643958, "MAIN_RIV": 60443230, "LENGTH_KM": 0.68999999761581421, "DIST_DN_KM": 705.29998779296875, "DIST_UP_KM": 3.7999999523162842, "CATCH_SKM": 4.2800002098083496, "UPLAND_SKM": 4.3000001907348633, "ENDORHEIC": 0, "DIS_AV_CMS": 0.11400000005960464, "ORD_STRA": 1, "ORD_CLAS": 6, "ORD_FLOW": 7, "HYBAS_L12": 6121077250.0, "Shape_Length": 705.09014965685003 }, "geometry": { "type": "MultiLineString", "coordinates": [ [ [ 707328.035289322957397, 9594731.973164120689034 ], [ 706633.612708823173307, 9594733.417278492823243 ] ] ] } },
{ "type": "Feature", "properties": { "OBJECTID": 610, "HYRIV_ID": 60643960, "NEXT_DOWN": 60642381, "MAIN_RIV": 60443230, "LENGTH_KM": 2.7799999713897705, "DIST_DN_KM": 685.5999755859375, "DIST_UP_KM": 23.100000381469727, "CATCH_SKM": 8.5699996948242188, "UPLAND_SKM": 203.10000610351562, "ENDORHEIC": 0, "DIS_AV_CMS": 5.2210001945495605, "ORD_STRA": 3, "ORD_CLAS": 5, "ORD_FLOW": 6, "HYBAS_L12": 6121076760.0, "Shape_Length": 2805.2998301306193 }, "geometry": { "type": "MultiLineString", "coordinates": [ [ [ 732560.462726162630133, 9594676.212060129269958 ], [ 732566.902167183114216, 9597441.419233025982976 ] ] ] } },
{ "type": "Feature", "properties": { "OBJECTID": 611, "HYRIV_ID": 60643961, "NEXT_DOWN": 60642937, "MAIN_RIV": 60443230, "LENGTH_KM": 2.4300000667572021, "DIST_DN_KM": 681.0, "DIST_UP_KM": 25.600000381469727, "CATCH_SKM": 6.6399998664855957, "UPLAND_SKM": 268.39999389648438, "ENDORHEIC": 0, "DIS_AV_CMS": 6.6810002326965332, "ORD_STRA": 3, "ORD_CLAS": 6, "ORD_FLOW": 6, "HYBAS_L12": 6121076810.0, "Shape_Length": 2455.0806432487807 }, "geometry": { "type": "MultiLineString", "coordinates": [ [ [ 744136.168392652878538, 9594648.489388478919864 ], [ 744137.298352653742768, 9595109.388679120689631 ], [ 743213.455978950951248, 9596033.446942074224353 ], [ 743677.628551156376489, 9596493.21611045114696 ] ] ] } },
{ "type": "Feature", "properties": { "OBJECTID": 612, "HYRIV_ID": 60644229, "NEXT_DOWN": 60643685, "MAIN_RIV": 60443230, "LENGTH_KM": 1.809999942779541, "DIST_DN_KM": 701.29998779296875, "DIST_UP_KM": 4.1999998092651367, "CATCH_SKM": 5.570000171661377, "UPLAND_SKM": 5.5999999046325684, "ENDORHEIC": 0, "DIS_AV_CMS": 0.14800000190734863, "ORD_STRA": 1, "ORD_CLAS": 5, "ORD_FLOW": 7, "HYBAS_L12": 6121077250.0, "Shape_Length": 1835.9720213819337 }, "geometry": { "type": "MultiLineString", "coordinates": [ [ [ 710567.731564786750823, 9594264.357132155448198 ], [ 711262.165028277086094, 9594262.883925339207053 ], [ 711726.102987451246008, 9594722.714417435228825 ], [ 711727.082690920098685, 9595183.529738711193204 ] ] ] } },
{ "type": "Feature", "properties": { "OBJECTID": 613, "HYRIV_ID": 60644230, "NEXT_DOWN": 60643961, "MAIN_RIV": 60443230, "LENGTH_KM": 0.46000000834465027, "DIST_DN_KM": 683.20001220703125, "DIST_UP_KM": 23.399999618530273, "CATCH_SKM": 0.43000000715255737, "UPLAND_SKM": 210.10000610351562, "ENDORHEIC": 0, "DIS_AV_CMS": 5.25, "ORD_STRA": 3, "ORD_CLAS": 6, "ORD_FLOW": 6, "HYBAS_L12": 6121076810.0, "Shape_Length": 467.4018375489332 }, "geometry": { "type": "MultiLineString", "coordinates": [ [ [ 744135.037089536781423, 9594187.590075064450502 ], [ 744136.168392652878538, 9594648.489388478919864 ] ] ] } },
{ "type": "Feature", "properties": { "OBJECTID": 614, "HYRIV_ID": 60644519, "NEXT_DOWN": 60643960, "MAIN_RIV": 60443230, "LENGTH_KM": 0.93000000715255737, "DIST_DN_KM": 688.4000244140625, "DIST_UP_KM": 20.299999237060547, "CATCH_SKM": 1.7100000381469727, "UPLAND_SKM": 164.5, "ENDORHEIC": 0, "DIS_AV_CMS": 4.2350001335144043, "ORD_STRA": 3, "ORD_CLAS": 5, "ORD_FLOW": 6, "HYBAS_L12": 6121076760.0, "Shape_Length": 935.09980494384706 }, "geometry": { "type": "MultiLineString", "coordinates": [ [ [ 732558.306423667236231, 9593754.475990464910865 ], [ 732560.462726162630133, 9594676.212060129269958 ] ] ] } },
{ "type": "Feature", "properties": { "OBJECTID": 615, "HYRIV_ID": 60644520, "NEXT_DOWN": 60644230, "MAIN_RIV": 60443230, "LENGTH_KM": 6.820000171661377, "DIST_DN_KM": 683.70001220703125, "DIST_UP_KM": 9.6999998092651367, "CATCH_SKM": 24.850000381469727, "UPLAND_SKM": 24.799999237060547, "ENDORHEIC": 0, "DIS_AV_CMS": 0.62199997901916504, "ORD_STRA": 1, "ORD_CLAS": 7, "ORD_FLOW": 7, "HYBAS_L12": 6121076810.0, "Shape_Length": 6918.7346709531075 }, "geometry": { "type": "MultiLineString", "coordinates": [ [ [ 737882.983812984544784, 9593741.862627200782299 ], [ 739503.570646005566232, 9593737.967047119513154 ], [ 739967.711507403524593, 9594197.73705417662859 ], [ 741819.843451709137298, 9594193.248932152986526 ], [ 742281.755648091202602, 9593731.227222584187984 ], [ 742744.790949113550596, 9593730.096268119290471 ], [ 743208.955791254178621, 9594189.860109731554985 ], [ 744135.037089536781423, 9594187.590075064450502 ] ] ] } },
{ "type": "Feature", "properties": { "OBJECTID": 616, "HYRIV_ID": 60644521, "NEXT_DOWN": 60644230, "MAIN_RIV": 60443230, "LENGTH_KM": 0.46000000834465027, "DIST_DN_KM": 683.70001220703125, "DIST_UP_KM": 22.899999618530273, "CATCH_SKM": 0.43000000715255737, "UPLAND_SKM": 184.89999389648438, "ENDORHEIC": 0, "DIS_AV_CMS": 4.6170001029968262, "ORD_STRA": 3, "ORD_CLAS": 6, "ORD_FLOW": 6, "HYBAS_L12": 6121077700.0, "Shape_Length": 467.40190278440576 }, "geometry": { "type": "MultiLineString", "coordinates": [ [ [ 744133.904540605843067, 9593726.690638801082969 ], [ 744135.037089536781423, 9594187.590075064450502 ] ] ] } },
{ "type": "Feature", "properties": { "OBJECTID": 617, "HYRIV_ID": 60644522, "NEXT_DOWN": 60642382, "MAIN_RIV": 60443230, "LENGTH_KM": 7.0100002288818359, "DIST_DN_KM": 684.5999755859375, "DIST_UP_KM": 9.5, "CATCH_SKM": 17.780000686645508, "UPLAND_SKM": 17.799999237060547, "ENDORHEIC": 0, "DIS_AV_CMS": 0.43399998545646667, "ORD_STRA": 1, "ORD_CLAS": 7, "ORD_FLOW": 7, "HYBAS_L12": 6121076810.0, "Shape_Length": 7099.8011799759634 }, "geometry": { "type": "MultiLineString", "coordinates": [ [ [ 754320.506398173631169, 9593470.656897993758321 ], [ 754324.632490831543691, 9595083.905561918392777 ], [ 752935.412858870229684, 9595087.442025557160378 ], [ 752473.509634840651415, 9595549.539348429068923 ], [ 752010.43827426340431, 9595550.710282072424889 ], [ 751548.529919398250058, 9596012.799254691228271 ], [ 751085.459068315802142, 9596013.964646391570568 ], [ 750623.545683480217122, 9596476.045365132391453 ], [ 750624.700428997050039, 9596936.962721211835742 ], [ 750162.77929365937598, 9597399.037214230746031 ] ] ] } },
{ "type": "Feature", "properties": { "OBJECTID": 618, "HYRIV_ID": 60644763, "NEXT_DOWN": 60643960, "MAIN_RIV": 60443230, "LENGTH_KM": 8.130000114440918, "DIST_DN_KM": 688.4000244140625, "DIST_UP_KM": 11.0, "CATCH_SKM": 29.989999771118164, "UPLAND_SKM": 30.0, "ENDORHEIC": 0, "DIS_AV_CMS": 0.76899999380111694, "ORD_STRA": 1, "ORD_CLAS": 6, "ORD_FLOW": 7, "HYBAS_L12": 6121076760.0, "Shape_Length": 8246.6582699594946 }, "geometry": { "type": "MultiLineString", "coordinates": [ [ [ 725380.777297322871163, 9593310.174704683944583 ], [ 726538.249514274299145, 9593307.537780430167913 ], [ 727002.294569694669917, 9593767.332848858088255 ], [ 727464.232611928484403, 9593305.41859201900661 ], [ 728390.22055459744297, 9593303.290653137490153 ], [ 728854.279109731083736, 9593763.081783635541797 ], [ 729780.278648731880821, 9593760.943319629877806 ], [ 730244.348270887159742, 9594220.732816319912672 ], [ 731170.359306982718408, 9594218.583824539557099 ], [ 731634.439996539615095, 9594678.37158633582294 ], [ 732560.462726162630133, 9594676.212060129269958 ] ] ] } },
{ "type": "Feature", "properties": { "OBJECTID": 619, "HYRIV_ID": 60644764, "NEXT_DOWN": 60644519, "MAIN_RIV": 60443230, "LENGTH_KM": 2.0999999046325684, "DIST_DN_KM": 689.29998779296875, "DIST_UP_KM": 4.5, "CATCH_SKM": 7.070000171661377, "UPLAND_SKM": 7.0999999046325684, "ENDORHEIC": 0, "DIS_AV_CMS": 0.17900000512599945, "ORD_STRA": 1, "ORD_CLAS": 6, "ORD_FLOW": 7, "HYBAS_L12": 6121076760.0, "Shape_Length": 2126.5504692238728 }, "geometry": { "type": "MultiLineString", "coordinates": [ [ [ 734179.38637162419036, 9593981.103649297729135 ], [ 733483.24122509569861, 9593291.43246646784246 ], [ 733021.315384754678234, 9593753.390611823648214 ], [ 732558.306423667236231, 9593754.475990464910865 ] ] ] } },
{ "type": "Feature", "properties": { "OBJECTID": 620, "HYRIV_ID": 60644765, "NEXT_DOWN": 60643961, "MAIN_RIV": 60443230, "LENGTH_KM": 5.6599998474121094, "DIST_DN_KM": 683.20001220703125, "DIST_UP_KM": 15.600000381469727, "CATCH_SKM": 13.5, "UPLAND_SKM": 51.599998474121094, "ENDORHEIC": 0, "DIS_AV_CMS": 1.2669999599456787, "ORD_STRA": 2, "ORD_CLAS": 7, "ORD_FLOW": 6, "HYBAS_L12": 6121076810.0, "Shape_Length": 5743.8206216042636 }, "geometry": { "type": "MultiLineString", "coordinates": [ [ [ 749226.263405359582976, 9593253.123050335794687 ], [ 748763.212131964741275, 9593254.285578036680818 ], [ 748301.31534025829751, 9593716.356940248981118 ], [ 747838.264478618046269, 9593717.513831542804837 ], [ 747376.362563015893102, 9594179.576941728591919 ], [ 745987.215251406421885, 9594183.024070240557194 ], [ 745525.306481492705643, 9594645.072043558582664 ], [ 744136.168392652878538, 9594648.489388478919864 ] ] ] } },
{ "type": "Feature", "properties": { "OBJECTID": 621, "HYRIV_ID": 60645062, "NEXT_DOWN": 60644519, "MAIN_RIV": 60443230, "LENGTH_KM": 1.1200000047683716, "DIST_DN_KM": 689.5, "DIST_UP_KM": 19.200000762939453, "CATCH_SKM": 1.0700000524520874, "UPLAND_SKM": 155.69999694824219, "ENDORHEIC": 0, "DIS_AV_CMS": 4.0130000114440918, "ORD_STRA": 3, "ORD_CLAS": 5, "ORD_FLOW": 6, "HYBAS_L12": 6121076760.0, "Shape_Length": 1130.3116184476403 }, "geometry": { "type": "MultiLineString", "coordinates": [ [ [ 732093.141833171364851, 9592833.825552159920335 ], [ 732094.220964053878561, 9593294.692452343180776 ], [ 732558.306423667236231, 9593754.475990464910865 ] ] ] } },
{ "type": "Feature", "properties": { "OBJECTID": 622, "HYRIV_ID": 60645063, "NEXT_DOWN": 60644765, "MAIN_RIV": 60443230, "LENGTH_KM": 0.68999999761581421, "DIST_DN_KM": 688.9000244140625, "DIST_UP_KM": 3.4000000953674316, "CATCH_SKM": 6.429999828338623, "UPLAND_SKM": 6.4000000953674316, "ENDORHEIC": 0, "DIS_AV_CMS": 0.15800000727176666, "ORD_STRA": 1, "ORD_CLAS": 8, "ORD_FLOW": 7, "HYBAS_L12": 6121076810.0, "Shape_Length": 701.00580676064578 }, "geometry": { "type": "MultiLineString", "coordinates": [ [ [ 749224.524618973373435, 9592561.752417536452413 ], [ 749226.263405359582976, 9593253.123050335794687 ] ] ] } },
{ "type": "Feature", "properties": { "OBJECTID": 623, "HYRIV_ID": 60645064, "NEXT_DOWN": 60644765, "MAIN_RIV": 60443230, "LENGTH_KM": 2.5, "DIST_DN_KM": 688.9000244140625, "DIST_UP_KM": 9.8999996185302734, "CATCH_SKM": 5.1399998664855957, "UPLAND_SKM": 31.700000762939453, "ENDORHEIC": 0, "DIS_AV_CMS": 0.77600002288818359, "ORD_STRA": 2, "ORD_CLAS": 7, "ORD_FLOW": 7, "HYBAS_L12": 6121076810.0, "Shape_Length": 2540.3854472130324 }, "geometry": { "type": "MultiLineString", "coordinates": [ [ [ 751540.37026869575493, 9592786.357795741409063 ], [ 751078.48197973810602, 9593248.451471135020256 ], [ 749226.263405359582976, 9593253.123050335794687 ] ] ] } },
{ "type": "Feature", "properties": { "OBJECTID": 624, "HYRIV_ID": 60645350, "NEXT_DOWN": 60643958, "MAIN_RIV": 60443230, "LENGTH_KM": 3.119999885559082, "DIST_DN_KM": 705.29998779296875, "DIST_UP_KM": 6.0, "CATCH_SKM": 14.350000381469727, "UPLAND_SKM": 14.399999618530273, "ENDORHEIC": 0, "DIS_AV_CMS": 0.38400000333786011, "ORD_STRA": 1, "ORD_CLAS": 5, "ORD_FLOW": 7, "HYBAS_L12": 6121077250.0, "Shape_Length": 3159.4750553987474 }, "geometry": { "type": "MultiLineString", "coordinates": [ [ [ 705239.532149461563677, 9592201.890215896070004 ], [ 705240.965210691909306, 9592893.090568285435438 ], [ 706632.655403930926695, 9594272.61399876140058 ], [ 706633.612708823173307, 9594733.417278492823243 ] ] ] } },
{ "type": "Feature", "properties": { "OBJECTID": 625, "HYRIV_ID": 60645663, "NEXT_DOWN": 60643685, "MAIN_RIV": 60443230, "LENGTH_KM": 3.8199999332427979, "DIST_DN_KM": 701.5, "DIST_UP_KM": 33.900001525878906, "CATCH_SKM": 13.279999732971191, "UPLAND_SKM": 357.70001220703125, "ENDORHEIC": 0, "DIS_AV_CMS": 9.4519996643066406, "ORD_STRA": 3, "ORD_CLAS": 4, "ORD_FLOW": 6, "HYBAS_L12": 6121077250.0, "Shape_Length": 3860.6121318547916 }, "geometry": { "type": "MultiLineString", "coordinates": [ [ [ 713109.04674162552692, 9591954.837028983980417 ], [ 713110.039681353024207, 9592415.655927453190088 ], [ 712186.110964133869857, 9593339.278844846412539 ], [ 712189.063313892227598, 9594721.728484401479363 ], [ 711727.082690920098685, 9595183.529738711193204 ] ] ] } },
{ "type": "Feature", "properties": { "OBJECTID": 626, "HYRIV_ID": 60645962, "NEXT_DOWN": 60645663, "MAIN_RIV": 60443230, "LENGTH_KM": 0.6600000262260437, "DIST_DN_KM": 705.29998779296875, "DIST_UP_KM": 30.100000381469727, "CATCH_SKM": 0.20999999344348907, "UPLAND_SKM": 320.20001220703125, "ENDORHEIC": 0, "DIS_AV_CMS": 8.4540004730224609, "ORD_STRA": 3, "ORD_CLAS": 4, "ORD_FLOW": 6, "HYBAS_L12": 6121077250.0, "Shape_Length": 663.09863427186917 }, "geometry": { "type": "MultiLineString", "coordinates": [ [ [ 713571.001317995134741, 9591493.017753044143319 ], [ 713109.04674162552692, 9591954.837028983980417 ] ] ] } },
{ "type": "Feature", "properties": { "OBJECTID": 627, "HYRIV_ID": 60645963, "NEXT_DOWN": 60641513, "MAIN_RIV": 60443230, "LENGTH_KM": 8.4099998474121094, "DIST_DN_KM": 697.4000244140625, "DIST_UP_KM": 11.300000190734863, "CATCH_SKM": 36.630001068115234, "UPLAND_SKM": 36.599998474121094, "ENDORHEIC": 0, "DIS_AV_CMS": 0.95200002193450928, "ORD_STRA": 1, "ORD_CLAS": 5, "ORD_FLOW": 7, "HYBAS_L12": 6120291240.0, "Shape_Length": 8498.1209740899867 }, "geometry": { "type": "MultiLineString", "coordinates": [ [ [ 720051.887890298268758, 9591248.367905747145414 ], [ 720053.427979703294113, 9591939.621993847191334 ], [ 720517.423429121030495, 9592399.427524209022522 ], [ 720520.498871065210551, 9593781.938886493444443 ], [ 720984.501576646463946, 9594241.747840328142047 ], [ 720988.589790486381389, 9596085.10033280774951 ], [ 721452.600840265746228, 9596544.913937536999583 ], [ 721454.639946124865673, 9597466.592159267514944 ], [ 721918.657080274540931, 9597926.408168405294418 ], [ 721920.693444807780907, 9598848.088529141619802 ] ] ] } },
{ "type": "Feature", "properties": { "OBJECTID": 628, "HYRIV_ID": 60646221, "NEXT_DOWN": 60645962, "MAIN_RIV": 60443230, "LENGTH_KM": 2.0399999618530273, "DIST_DN_KM": 705.79998779296875, "DIST_UP_KM": 8.8999996185302734, "CATCH_SKM": 4.7100000381469727, "UPLAND_SKM": 33.400001525878906, "ENDORHEIC": 0, "DIS_AV_CMS": 0.87699997425079346, "ORD_STRA": 2, "ORD_CLAS": 5, "ORD_FLOW": 7, "HYBAS_L12": 6121077250.0, "Shape_Length": 2072.9077301079205 }, "geometry": { "type": "MultiLineString", "coordinates": [ [ [ 715421.801108639570884, 9591028.170297972857952 ], [ 714495.90028901793994, 9591030.188327219337225 ], [ 714033.95108348573558, 9591492.015375254675746 ], [ 713571.001317995134741, 9591493.017753044143319 ] ] ] } },
{ "type": "Feature", "properties": { "OBJECTID": 629, "HYRIV_ID": 60646222, "NEXT_DOWN": 60646221, "MAIN_RIV": 60443230, "LENGTH_KM": 2.559999942779541, "DIST_DN_KM": 707.9000244140625, "DIST_UP_KM": 4.5, "CATCH_SKM": 5.570000171661377, "UPLAND_SKM": 5.5999999046325684, "ENDORHEIC": 0, "DIS_AV_CMS": 0.14599999785423279, "ORD_STRA": 1, "ORD_CLAS": 6, "ORD_FLOW": 7, "HYBAS_L12": 6121077250.0, "Shape_Length": 2593.1739022048732 }, "geometry": { "type": "MultiLineString", "coordinates": [ [ [ 716583.725741986068897, 9593099.359082851558924 ], [ 715423.811987494002096, 9591949.819674715399742 ], [ 715421.801108639570884, 9591028.170297972857952 ] ] ] } },
{ "type": "Feature", "properties": { "OBJECTID": 630, "HYRIV_ID": 60646223, "NEXT_DOWN": 60646221, "MAIN_RIV": 60443230, "LENGTH_KM": 0.93000000715255737, "DIST_DN_KM": 707.9000244140625, "DIST_UP_KM": 6.9000000953674316, "CATCH_SKM": 3.4300000667572021, "UPLAND_SKM": 23.100000381469727, "ENDORHEIC": 0, "DIS_AV_CMS": 0.60600000619888306, "ORD_STRA": 2, "ORD_CLAS": 5, "ORD_FLOW": 7, "HYBAS_L12": 6121077250.0, "Shape_Length": 939.84929615370515 }, "geometry": { "type": "MultiLineString", "coordinates": [ [ [ 716347.706491611897945, 9591026.143638040870428 ], [ 715421.801108639570884, 9591028.170297972857952 ] ] ] } },
{ "type": "Feature", "properties": { "OBJECTID": 631, "HYRIV_ID": 60646224, "NEXT_DOWN": 60646223, "MAIN_RIV": 60443230, "LENGTH_KM": 1.6399999856948853, "DIST_DN_KM": 709.0, "DIST_UP_KM": 3.2000000476837158, "CATCH_SKM": 5.3600001335144043, "UPLAND_SKM": 5.4000000953674316, "ENDORHEIC": 0, "DIS_AV_CMS": 0.14000000059604645, "ORD_STRA": 1, "ORD_CLAS": 6, "ORD_FLOW": 7, "HYBAS_L12": 6121077250.0, "Shape_Length": 1657.579362917139 }, "geometry": { "type": "MultiLineString", "coordinates": [ [ [ 717507.631771407206543, 9592175.672440467402339 ], [ 716347.706491611897945, 9591026.143638040870428 ] ] ] } },
{ "type": "Feature", "properties": { "OBJECTID": 632, "HYRIV_ID": 60646225, "NEXT_DOWN": 60644521, "MAIN_RIV": 60443230, "LENGTH_KM": 3.1600000858306885, "DIST_DN_KM": 684.0999755859375, "DIST_UP_KM": 22.399999618530273, "CATCH_SKM": 6.2100000381469727, "UPLAND_SKM": 158.5, "ENDORHEIC": 0, "DIS_AV_CMS": 3.9549999237060547, "ORD_STRA": 3, "ORD_CLAS": 6, "ORD_FLOW": 6, "HYBAS_L12": 6121077700.0, "Shape_Length": 3194.7079890494206 }, "geometry": { "type": "MultiLineString", "coordinates": [ [ [ 743201.031152162817307, 9590963.581608882173896 ], [ 743202.167075693490915, 9591424.478597313165665 ], [ 744130.499231404275633, 9592343.992284413427114 ], [ 744133.904540605843067, 9593726.690638801082969 ] ] ] } },
{ "type": "Feature", "properties": { "OBJECTID": 633, "HYRIV_ID": 60646475, "NEXT_DOWN": 60646476, "MAIN_RIV": 60443230, "LENGTH_KM": 1.1599999666213989, "DIST_DN_KM": 690.4000244140625, "DIST_UP_KM": 4.3000001907348633, "CATCH_SKM": 7.2800002098083496, "UPLAND_SKM": 7.3000001907348633, "ENDORHEIC": 0, "DIS_AV_CMS": 0.18400000035762787, "ORD_STRA": 1, "ORD_CLAS": 7, "ORD_FLOW": 7, "HYBAS_L12": 6121077700.0, "Shape_Length": 1174.0584888061173 }, "geometry": { "type": "MultiLineString", "coordinates": [ [ [ 738338.232406858238392, 9590514.566687209531665 ], [ 739495.758223014650866, 9590511.759451799094677 ] ] ] } },
{ "type": "Feature", "properties": { "OBJECTID": 634, "HYRIV_ID": 60646476, "NEXT_DOWN": 60644521, "MAIN_RIV": 60443230, "LENGTH_KM": 6.2399997711181641, "DIST_DN_KM": 684.0999755859375, "DIST_UP_KM": 10.5, "CATCH_SKM": 12.210000038146973, "UPLAND_SKM": 25.899999618530273, "ENDORHEIC": 0, "DIS_AV_CMS": 0.65100002288818359, "ORD_STRA": 2, "ORD_CLAS": 7, "ORD_FLOW": 7, "HYBAS_L12": 6121077700.0, "Shape_Length": 6321.3240795533311 }, "geometry": { "type": "MultiLineString", "coordinates": [ [ [ 739495.758223014650866, 9590511.759451799094677 ], [ 739496.878048114245757, 9590972.6462865434587 ], [ 739961.013427248690277, 9591432.408955303952098 ], [ 740424.031605599448085, 9591431.282573170959949 ], [ 740888.174828856019303, 9591891.04467529989779 ], [ 741351.197614167700522, 9591889.915257504209876 ], [ 742279.503974519204348, 9592809.43855718895793 ], [ 742742.534888956346549, 9592808.305107481777668 ], [ 743670.865396178560331, 9593727.828025661408901 ], [ 744133.904540605843067, 9593726.690638801082969 ] ] ] } },
{ "type": "Feature", "properties": { "OBJECTID": 635, "HYRIV_ID": 60646477, "NEXT_DOWN": 60646225, "MAIN_RIV": 60443230, "LENGTH_KM": 1.1200000047683716, "DIST_DN_KM": 687.29998779296875, "DIST_UP_KM": 15.800000190734863, "CATCH_SKM": 1.2799999713897705, "UPLAND_SKM": 58.900001525878906, "ENDORHEIC": 0, "DIS_AV_CMS": 1.4539999961853027, "ORD_STRA": 2, "ORD_CLAS": 7, "ORD_FLOW": 6, "HYBAS_L12": 6121077700.0, "Shape_Length": 1132.1041579142711 }, "geometry": { "type": "MultiLineString", "coordinates": [ [ [ 744125.940772262052633, 9590500.394007686525583 ], [ 743664.056050386046991, 9590962.438683604821563 ], [ 743201.031152162817307, 9590963.581608882173896 ] ] ] } },
{ "type": "Feature", "properties": { "OBJECTID": 636, "HYRIV_ID": 60646478, "NEXT_DOWN": 60646477, "MAIN_RIV": 60443230, "LENGTH_KM": 0.98000001907348633, "DIST_DN_KM": 688.5999755859375, "DIST_UP_KM": 3.2000000476837158, "CATCH_SKM": 4.7100000381469727, "UPLAND_SKM": 4.6999998092651367, "ENDORHEIC": 0, "DIS_AV_CMS": 0.11699999868869781, "ORD_STRA": 1, "ORD_CLAS": 8, "ORD_FLOW": 7, "HYBAS_L12": 6121077700.0, "Shape_Length": 993.78939640521662 }, "geometry": { "type": "MultiLineString", "coordinates": [ [ [ 744822.19588860636577, 9591190.022671163082123 ], [ 744125.940772262052633, 9590500.394007686525583 ] ] ] } },
{ "type": "Feature", "properties": { "OBJECTID": 637, "HYRIV_ID": 60646750, "NEXT_DOWN": 60645062, "MAIN_RIV": 60443230, "LENGTH_KM": 3.5399999618530273, "DIST_DN_KM": 690.4000244140625, "DIST_UP_KM": 18.299999237060547, "CATCH_SKM": 9.4300003051757812, "UPLAND_SKM": 141.60000610351562, "ENDORHEIC": 0, "DIS_AV_CMS": 3.6540000438690186, "ORD_STRA": 3, "ORD_CLAS": 5, "ORD_FLOW": 6, "HYBAS_L12": 6121076760.0, "Shape_Length": 3586.2065200147235 }, "geometry": { "type": "MultiLineString", "coordinates": [ [ [ 730234.692732871393673, 9590072.973961910232902 ], [ 730698.758060578024015, 9590532.75308358296752 ], [ 730699.836717127938755, 9590993.616471029818058 ], [ 732092.06165137141943, 9592372.95862197689712 ], [ 732093.141833171364851, 9592833.825552159920335 ] ] ] } },
{ "type": "Feature", "properties": { "OBJECTID": 638, "HYRIV_ID": 60646751, "NEXT_DOWN": 60645062, "MAIN_RIV": 60443230, "LENGTH_KM": 4.2399997711181641, "DIST_DN_KM": 690.4000244140625, "DIST_UP_KM": 6.6999998092651367, "CATCH_SKM": 13.069999694824219, "UPLAND_SKM": 13.100000381469727, "ENDORHEIC": 0, "DIS_AV_CMS": 0.33199998736381531, "ORD_STRA": 1, "ORD_CLAS": 6, "ORD_FLOW": 7, "HYBAS_L12": 6121076760.0, "Shape_Length": 4289.5028138999214 }, "geometry": { "type": "MultiLineString", "coordinates": [ [ [ 733475.069991524331272, 9589834.902293397113681 ], [ 733476.709685317939147, 9590526.208523107692599 ], [ 733014.804174919030629, 9590988.174238748848438 ], [ 733478.891822954290546, 9591447.94998025894165 ], [ 733479.981019861064851, 9591908.820618316531181 ], [ 732556.145227871835232, 9592832.739811711013317 ], [ 732093.141833171364851, 9592833.825552159920335 ] ] ] } },
{ "type": "Feature", "properties": { "OBJECTID": 639, "HYRIV_ID": 60646752, "NEXT_DOWN": 60645064, "MAIN_RIV": 60443230, "LENGTH_KM": 3.6800000667572021, "DIST_DN_KM": 691.5999755859375, "DIST_UP_KM": 6.5, "CATCH_SKM": 10.710000038146973, "UPLAND_SKM": 10.699999809265137, "ENDORHEIC": 0, "DIS_AV_CMS": 0.2630000114440918, "ORD_STRA": 1, "ORD_CLAS": 8, "ORD_FLOW": 7, "HYBAS_L12": 6121076810.0, "Shape_Length": 3720.3109953610792 }, "geometry": { "type": "MultiLineString", "coordinates": [ [ [ 752227.300395827041939, 9589788.595951335504651 ], [ 751534.502181885298342, 9590481.755690792575479 ], [ 751538.026997983688489, 9591864.517099482938647 ], [ 752002.254200864466839, 9592324.259362772107124 ], [ 751540.37026869575493, 9592786.357795741409063 ] ] ] } },
{ "type": "Feature", "properties": { "OBJECTID": 640, "HYRIV_ID": 60646753, "NEXT_DOWN": 60645064, "MAIN_RIV": 60443230, "LENGTH_KM": 4.6999998092651367, "DIST_DN_KM": 691.4000244140625, "DIST_UP_KM": 7.4000000953674316, "CATCH_SKM": 15.850000381469727, "UPLAND_SKM": 15.899999618530273, "ENDORHEIC": 0, "DIS_AV_CMS": 0.38699999451637268, "ORD_STRA": 1, "ORD_CLAS": 7, "ORD_FLOW": 7, "HYBAS_L12": 6121076810.0, "Shape_Length": 4756.5981331394969 }, "geometry": { "type": "MultiLineString", "coordinates": [ [ [ 754311.013538140221499, 9589783.229567458853126 ], [ 754313.989232847234234, 9590935.550855066627264 ], [ 753852.119922564015724, 9591397.671033078804612 ], [ 753389.063866425538436, 9591398.860504783689976 ], [ 752003.427363005001098, 9592785.181043300777674 ], [ 751540.37026869575493, 9592786.357795741409063 ] ] ] } },
{ "type": "Feature", "properties": { "OBJECTID": 641, "HYRIV_ID": 60647275, "NEXT_DOWN": 60647276, "MAIN_RIV": 60443230, "LENGTH_KM": 4.7199997901916504, "DIST_DN_KM": 696.4000244140625, "DIST_UP_KM": 7.6999998092651367, "CATCH_SKM": 16.280000686645508, "UPLAND_SKM": 16.299999237060547, "ENDORHEIC": 0, "DIS_AV_CMS": 0.41999998688697815, "ORD_STRA": 1, "ORD_CLAS": 6, "ORD_FLOW": 7, "HYBAS_L12": 6121078070.0, "Shape_Length": 4778.2998520141682 }, "geometry": { "type": "MultiLineString", "coordinates": [ [ [ 724912.024888477521017, 9590776.559731870889664 ], [ 725608.068615980679169, 9591466.247997568920255 ], [ 726071.048496778123081, 9591465.189032455906272 ], [ 728380.621215420775115, 9589155.574563598260283 ] ] ] } },
{ "type": "Feature", "properties": { "OBJECTID": 642, "HYRIV_ID": 60647276, "NEXT_DOWN": 60646750, "MAIN_RIV": 60443230, "LENGTH_KM": 2.2300000190734863, "DIST_DN_KM": 693.9000244140625, "DIST_UP_KM": 14.699999809265137, "CATCH_SKM": 5.570000171661377, "UPLAND_SKM": 108.80000305175781, "ENDORHEIC": 0, "DIS_AV_CMS": 2.8159999847412109, "ORD_STRA": 3, "ORD_CLAS": 5, "ORD_FLOW": 6, "HYBAS_L12": 6121078070.0, "Shape_Length": 2265.084488244906 }, "geometry": { "type": "MultiLineString", "coordinates": [ [ [ 728380.621215420775115, 9589155.574563598260283 ], [ 728844.671075743623078, 9589615.355282282456756 ], [ 729307.650804170989431, 9589614.276248130947351 ], [ 729771.708396909409203, 9590074.056119555607438 ], [ 730234.692732871393673, 9590072.973961910232902 ] ] ] } },
{ "type": "Feature", "properties": { "OBJECTID": 643, "HYRIV_ID": 60647277, "NEXT_DOWN": 60646476, "MAIN_RIV": 60443230, "LENGTH_KM": 1.9099999666213989, "DIST_DN_KM": 690.4000244140625, "DIST_UP_KM": 3.7999999523162842, "CATCH_SKM": 6.429999828338623, "UPLAND_SKM": 6.4000000953674316, "ENDORHEIC": 0, "DIS_AV_CMS": 0.16200000047683716, "ORD_STRA": 1, "ORD_CLAS": 8, "ORD_FLOW": 7, "HYBAS_L12": 6121077700.0, "Shape_Length": 1928.8466003675185 }, "geometry": { "type": "MultiLineString", "coordinates": [ [ [ 738797.323823810671456, 9588900.34752057492733 ], [ 739493.514734776574187, 9589589.985507182776928 ], [ 739495.758223014650866, 9590511.759451799094677 ] ] ] } },
{ "type": "Feature", "properties": { "OBJECTID": 644, "HYRIV_ID": 60647535, "NEXT_DOWN": 60645663, "MAIN_RIV": 60443230, "LENGTH_KM": 6.2800002098083496, "DIST_DN_KM": 705.20001220703125, "DIST_UP_KM": 9.3999996185302734, "CATCH_SKM": 24.200000762939453, "UPLAND_SKM": 24.200000762939453, "ENDORHEIC": 0, "DIS_AV_CMS": 0.64399999380111694, "ORD_STRA": 1, "ORD_CLAS": 5, "ORD_FLOW": 7, "HYBAS_L12": 6121077250.0, "Shape_Length": 6365.1878247119193 }, "geometry": { "type": "MultiLineString", "coordinates": [ [ [ 708935.204291120753624, 9588507.663076668977737 ], [ 708936.676409719977528, 9589198.876890324056149 ], [ 709862.532881055492908, 9589196.902330461889505 ], [ 710790.37030414538458, 9590116.54623425193131 ], [ 711253.306822239188477, 9590115.553468676283956 ], [ 711717.235303115216084, 9590575.374329872429371 ], [ 712180.176138416631147, 9590574.378362614661455 ], [ 713108.052743660286069, 9591494.017997516319156 ], [ 713109.04674162552692, 9591954.837028983980417 ] ] ] } },
{ "type": "Feature", "properties": { "OBJECTID": 645, "HYRIV_ID": 60647536, "NEXT_DOWN": 60646223, "MAIN_RIV": 60443230, "LENGTH_KM": 3.7699999809265137, "DIST_DN_KM": 709.0, "DIST_UP_KM": 5.8000001907348633, "CATCH_SKM": 14.350000381469727, "UPLAND_SKM": 14.399999618530273, "ENDORHEIC": 0, "DIS_AV_CMS": 0.37599998712539673, "ORD_STRA": 1, "ORD_CLAS": 5, "ORD_FLOW": 7, "HYBAS_L12": 6121077250.0, "Shape_Length": 3823.5557617565055 }, "geometry": { "type": "MultiLineString", "coordinates": [ [ [ 718656.853306712466292, 9588486.458543429151177 ], [ 718658.394022266962565, 9589177.707819979637861 ], [ 717272.600729482714087, 9590563.279028611257672 ], [ 716809.647296954644844, 9590564.298947878181934 ], [ 716347.706491611897945, 9591026.143638040870428 ] ] ] } },
{ "type": "Feature", "properties": { "OBJECTID": 646, "HYRIV_ID": 60647537, "NEXT_DOWN": 60646477, "MAIN_RIV": 60443230, "LENGTH_KM": 5.5799999237060547, "DIST_DN_KM": 688.4000244140625, "DIST_UP_KM": 14.699999809265137, "CATCH_SKM": 15.420000076293945, "UPLAND_SKM": 52.900001525878906, "ENDORHEIC": 0, "DIS_AV_CMS": 1.3059999942779541, "ORD_STRA": 2, "ORD_CLAS": 7, "ORD_FLOW": 6, "HYBAS_L12": 6121077700.0, "Shape_Length": 5657.952958609183 }, "geometry": { "type": "MultiLineString", "coordinates": [ [ [ 748288.557974688475952, 9588646.33311353251338 ], [ 747364.827761086402461, 9589570.490963594987988 ], [ 745975.745406693546101, 9589573.977063585072756 ], [ 745511.568627148750238, 9589114.231126112863421 ], [ 745049.697060073143803, 9589576.290179187431931 ], [ 744586.674755740328692, 9589577.443473154678941 ], [ 744124.797872989438474, 9590039.494279205799103 ], [ 744125.940772262052633, 9590500.394007686525583 ] ] ] } },
{ "type": "Feature", "properties": { "OBJECTID": 647, "HYRIV_ID": 60647788, "NEXT_DOWN": 60645962, "MAIN_RIV": 60443230, "LENGTH_KM": 3.630000114440918, "DIST_DN_KM": 705.79998779296875, "DIST_UP_KM": 29.600000381469727, "CATCH_SKM": 7.7100000381469727, "UPLAND_SKM": 286.60000610351562, "ENDORHEIC": 0, "DIS_AV_CMS": 7.5720000267028809, "ORD_STRA": 3, "ORD_CLAS": 4, "ORD_FLOW": 6, "HYBAS_L12": 6121077250.0, "Shape_Length": 3665.1376606930335 }, "geometry": { "type": "MultiLineString", "coordinates": [ [ [ 713563.99664968799334, 9588267.27587116882205 ], [ 713565.000669970409945, 9588728.096299383789301 ], [ 714028.942535987705924, 9589187.908526914194226 ], [ 714029.94647768442519, 9589648.73004355840385 ], [ 713568.006093465373851, 9590110.557178994640708 ], [ 713571.001317995134741, 9591493.017753044143319 ] ] ] } },
{ "type": "Feature", "properties": { "OBJECTID": 648, "HYRIV_ID": 60648042, "NEXT_DOWN": 60647276, "MAIN_RIV": 60443230, "LENGTH_KM": 1.7699999809265137, "DIST_DN_KM": 696.4000244140625, "DIST_UP_KM": 12.300000190734863, "CATCH_SKM": 3.2100000381469727, "UPLAND_SKM": 87.0, "ENDORHEIC": 0, "DIS_AV_CMS": 2.253000020980835, "ORD_STRA": 3, "ORD_CLAS": 5, "ORD_FLOW": 6, "HYBAS_L12": 6121078070.0, "Shape_Length": 1793.2460198662161 }, "geometry": { "type": "MultiLineString", "coordinates": [ [ [ 727451.463933795457706, 9587775.15853470377624 ], [ 727915.504087672801688, 9588234.937658105045557 ], [ 727916.575764820096083, 9588695.794080784544349 ], [ 728380.621215420775115, 9589155.574563598260283 ] ] ] } },
{ "type": "Feature", "properties": { "OBJECTID": 649, "HYRIV_ID": 60648043, "NEXT_DOWN": 60646225, "MAIN_RIV": 60443230, "LENGTH_KM": 3.630000114440918, "DIST_DN_KM": 687.29998779296875, "DIST_UP_KM": 19.299999237060547, "CATCH_SKM": 12.640000343322754, "UPLAND_SKM": 93.400001525878906, "ENDORHEIC": 0, "DIS_AV_CMS": 2.3459999561309814, "ORD_STRA": 2, "ORD_CLAS": 6, "ORD_FLOW": 6, "HYBAS_L12": 6121077700.0, "Shape_Length": 3662.1862415180035 }, "geometry": { "type": "MultiLineString", "coordinates": [ [ [ 742267.028486781637184, 9587739.598366238176823 ], [ 742731.178217853419483, 9588199.346919193863869 ], [ 742734.598625100334175, 9589582.034819066524506 ], [ 743198.755470303585753, 9590041.78735975548625 ], [ 743201.031152162817307, 9590963.581608882173896 ] ] ] } },
{ "type": "Feature", "properties": { "OBJECTID": 650, "HYRIV_ID": 60648044, "NEXT_DOWN": 60647537, "MAIN_RIV": 60443230, "LENGTH_KM": 1.1200000047683716, "DIST_DN_KM": 694.0, "DIST_UP_KM": 9.1000003814697266, "CATCH_SKM": 2.1400001049041748, "UPLAND_SKM": 24.799999237060547, "ENDORHEIC": 0, "DIS_AV_CMS": 0.61299997568130493, "ORD_STRA": 2, "ORD_CLAS": 7, "ORD_FLOW": 7, "HYBAS_L12": 6121077700.0, "Shape_Length": 1129.7920173390523 }, "geometry": { "type": "MultiLineString", "coordinates": [ [ [ 748749.245445133070461, 9587723.334102021530271 ], [ 748287.39040513720829, 9588185.421579705551267 ], [ 748288.557974688475952, 9588646.33311353251338 ] ] ] } },
{ "type": "Feature", "properties": { "OBJECTID": 651, "HYRIV_ID": 60648309, "NEXT_DOWN": 60647788, "MAIN_RIV": 60443230, "LENGTH_KM": 1.1200000047683716, "DIST_DN_KM": 709.5999755859375, "DIST_UP_KM": 25.799999237060547, "CATCH_SKM": 1.9299999475479126, "UPLAND_SKM": 267.5, "ENDORHEIC": 0, "DIS_AV_CMS": 7.064000129699707, "ORD_STRA": 3, "ORD_CLAS": 4, "ORD_FLOW": 6, "HYBAS_L12": 6121077250.0, "Shape_Length": 1130.8667459168312 }, "geometry": { "type": "MultiLineString", "coordinates": [ [ [ 714024.915423070080578, 9587344.622511699795723 ], [ 714025.923884256277233, 9587805.444067467004061 ], [ 713563.99664968799334, 9588267.27587116882205 ] ] ] } },
{ "type": "Feature", "properties": { "OBJECTID": 652, "HYRIV_ID": 60648310, "NEXT_DOWN": 60648309, "MAIN_RIV": 60443230, "LENGTH_KM": 1.440000057220459, "DIST_DN_KM": 710.5999755859375, "DIST_UP_KM": 4.0, "CATCH_SKM": 6.429999828338623, "UPLAND_SKM": 6.4000000953674316, "ENDORHEIC": 0, "DIS_AV_CMS": 0.16899999976158142, "ORD_STRA": 1, "ORD_CLAS": 5, "ORD_FLOW": 7, "HYBAS_L12": 6121078370.0, "Shape_Length": 1464.5124081455849 }, "geometry": { "type": "MultiLineString", "coordinates": [ [ [ 715183.766249877749942, 9588033.318034961819649 ], [ 714487.846690592588857, 9587343.607686636969447 ], [ 714024.915423070080578, 9587344.622511699795723 ] ] ] } },
{ "type": "Feature", "properties": { "OBJECTID": 653, "HYRIV_ID": 60648311, "NEXT_DOWN": 60648044, "MAIN_RIV": 60443230, "LENGTH_KM": 0.98000001907348633, "DIST_DN_KM": 695.29998779296875, "DIST_UP_KM": 3.7999999523162842, "CATCH_SKM": 4.929999828338623, "UPLAND_SKM": 4.9000000953674316, "ENDORHEIC": 0, "DIS_AV_CMS": 0.12200000137090683, "ORD_STRA": 1, "ORD_CLAS": 8, "ORD_FLOW": 7, "HYBAS_L12": 6121077700.0, "Shape_Length": 993.66506759763388 }, "geometry": { "type": "MultiLineString", "coordinates": [ [ [ 748052.955788726452738, 9587033.730927273631096 ], [ 748749.245445133070461, 9587723.334102021530271 ] ] ] } },
{ "type": "Feature", "properties": { "OBJECTID": 654, "HYRIV_ID": 60648592, "NEXT_DOWN": 60647788, "MAIN_RIV": 60443230, "LENGTH_KM": 5.5300002098083496, "DIST_DN_KM": 709.4000244140625, "DIST_UP_KM": 8.3999996185302734, "CATCH_SKM": 11.350000381469727, "UPLAND_SKM": 11.399999618530273, "ENDORHEIC": 0, "DIS_AV_CMS": 0.30199998617172241, "ORD_STRA": 1, "ORD_CLAS": 5, "ORD_FLOW": 7, "HYBAS_L12": 6121077250.0, "Shape_Length": 5606.3375711007793 }, "geometry": { "type": "MultiLineString", "coordinates": [ [ [ 709625.640462235780433, 9586662.936417082324624 ], [ 710321.505524361389689, 9587352.661349343135953 ], [ 710784.42786861397326, 9587351.664160203188658 ], [ 711246.3547718974296, 9586889.849897595122457 ], [ 712172.200655546737835, 9586887.842356851324439 ], [ 712173.201549169025384, 9587348.65951663441956 ], [ 712637.130226488108747, 9587808.471793441101909 ], [ 713562.991475791670382, 9587806.455507205799222 ], [ 713563.99664968799334, 9588267.27587116882205 ] ] ] } },
{ "type": "Feature", "properties": { "OBJECTID": 655, "HYRIV_ID": 60648885, "NEXT_DOWN": 60648886, "MAIN_RIV": 60443230, "LENGTH_KM": 1.6200000047683716, "DIST_DN_KM": 702.20001220703125, "DIST_UP_KM": 4.0999999046325684, "CATCH_SKM": 5.7800002098083496, "UPLAND_SKM": 5.8000001907348633, "ENDORHEIC": 0, "DIS_AV_CMS": 0.15000000596046448, "ORD_STRA": 1, "ORD_CLAS": 6, "ORD_FLOW": 7, "HYBAS_L12": 6121078070.0, "Shape_Length": 1638.9747590400207 }, "geometry": { "type": "MultiLineString", "coordinates": [ [ [ 723284.285700378590263, 9587554.332674669101834 ], [ 723281.651599608710967, 9586402.221063008531928 ], [ 723744.601654236204922, 9586401.159986957907677 ] ] ] } },
{ "type": "Feature", "properties": { "OBJECTID": 656, "HYRIV_ID": 60648886, "NEXT_DOWN": 60648887, "MAIN_RIV": 60443230, "LENGTH_KM": 0.46000000834465027, "DIST_DN_KM": 701.79998779296875, "DIST_UP_KM": 6.9000000953674316, "CATCH_SKM": 0.63999998569488525, "UPLAND_SKM": 23.799999237060547, "ENDORHEIC": 0, "DIS_AV_CMS": 0.62000000476837158, "ORD_STRA": 2, "ORD_CLAS": 5, "ORD_FLOW": 7, "HYBAS_L12": 6121078070.0, "Shape_Length": 469.79597143446341 }, "geometry": { "type": "MultiLineString", "coordinates": [ [ [ 723744.601654236204922, 9586401.159986957907677 ], [ 724207.552895262488164, 9586400.096776178106666 ] ] ] } },
{ "type": "Feature", "properties": { "OBJECTID": 657, "HYRIV_ID": 60648887, "NEXT_DOWN": 60648042, "MAIN_RIV": 60443230, "LENGTH_KM": 3.809999942779541, "DIST_DN_KM": 697.9000244140625, "DIST_UP_KM": 10.699999809265137, "CATCH_SKM": 11.350000381469727, "UPLAND_SKM": 49.5, "ENDORHEIC": 0, "DIS_AV_CMS": 1.2869999408721924, "ORD_STRA": 2, "ORD_CLAS": 5, "ORD_FLOW": 6, "HYBAS_L12": 6121078070.0, "Shape_Length": 3867.6514853931767 }, "geometry": { "type": "MultiLineString", "coordinates": [ [ [ 724207.552895262488164, 9586400.096776178106666 ], [ 725133.458933214540593, 9586397.963752806186676 ], [ 726061.503826830536127, 9587317.525341119617224 ], [ 726524.465365205192938, 9587316.453562758862972 ], [ 726988.497790428576991, 9587776.233531650155783 ], [ 727451.463933795457706, 9587775.15853470377624 ] ] ] } },
{ "type": "Feature", "properties": { "OBJECTID": 658, "HYRIV_ID": 60648888, "NEXT_DOWN": 60647537, "MAIN_RIV": 60443230, "LENGTH_KM": 5.4499998092651367, "DIST_DN_KM": 694.0, "DIST_UP_KM": 8.6999998092651367, "CATCH_SKM": 12.640000343322754, "UPLAND_SKM": 12.600000381469727, "ENDORHEIC": 0, "DIS_AV_CMS": 0.31000000238418579, "ORD_STRA": 1, "ORD_CLAS": 8, "ORD_FLOW": 7, "HYBAS_L12": 6121077700.0, "Shape_Length": 5521.0728602128765 }, "geometry": { "type": "MultiLineString", "coordinates": [ [ [ 752680.828226619865745, 9586100.014947578310966 ], [ 750602.534339740406722, 9588179.526162130758166 ], [ 750139.502841020352207, 9588180.709615476429462 ], [ 749677.646921164589003, 9588642.806387098506093 ], [ 748288.557974688475952, 9588646.33311353251338 ] ] ] } },
{ "type": "Feature", "properties": { "OBJECTID": 659, "HYRIV_ID": 60649792, "NEXT_DOWN": 60648309, "MAIN_RIV": 60443230, "LENGTH_KM": 2.5099999904632568, "DIST_DN_KM": 710.70001220703125, "DIST_UP_KM": 24.700000762939453, "CATCH_SKM": 4.2800002098083496, "UPLAND_SKM": 259.20001220703125, "ENDORHEIC": 0, "DIS_AV_CMS": 6.8429999351501465, "ORD_STRA": 3, "ORD_CLAS": 4, "ORD_FLOW": 6, "HYBAS_L12": 6121078370.0, "Shape_Length": 2534.1996067614432 }, "geometry": { "type": "MultiLineString", "coordinates": [ [ [ 714482.776502404594794, 9585039.493602178990841 ], [ 714486.834942308603786, 9586882.784939276054502 ], [ 714024.915423070080578, 9587344.622511699795723 ] ] ] } },
{ "type": "Feature", "properties": { "OBJECTID": 660, "HYRIV_ID": 60649793, "NEXT_DOWN": 60648042, "MAIN_RIV": 60443230, "LENGTH_KM": 2.7799999713897705, "DIST_DN_KM": 698.0, "DIST_UP_KM": 10.699999809265137, "CATCH_SKM": 5.570000171661377, "UPLAND_SKM": 34.299999237060547, "ENDORHEIC": 0, "DIS_AV_CMS": 0.88400000333786011, "ORD_STRA": 2, "ORD_CLAS": 6, "ORD_FLOW": 7, "HYBAS_L12": 6121078070.0, "Shape_Length": 2805.6906856527899 }, "geometry": { "type": "MultiLineString", "coordinates": [ [ [ 727445.015042374841869, 9585010.026471486315131 ], [ 727451.463933795457706, 9587775.15853470377624 ] ] ] } },
{ "type": "Feature", "properties": { "OBJECTID": 661, "HYRIV_ID": 60649794, "NEXT_DOWN": 60648044, "MAIN_RIV": 60443230, "LENGTH_KM": 5.1599998474121094, "DIST_DN_KM": 695.29998779296875, "DIST_UP_KM": 7.8000001907348633, "CATCH_SKM": 17.780000686645508, "UPLAND_SKM": 17.799999237060547, "ENDORHEIC": 0, "DIS_AV_CMS": 0.43799999356269836, "ORD_STRA": 1, "ORD_CLAS": 7, "ORD_FLOW": 7, "HYBAS_L12": 6121077700.0, "Shape_Length": 5227.3258590869073 }, "geometry": { "type": "MultiLineString", "coordinates": [ [ [ 752214.814588754670694, 9584948.907082600519061 ], [ 751520.28403232851997, 9584950.706897094845772 ], [ 751522.666931334417313, 9585872.548681249842048 ], [ 751059.643805857514963, 9585873.74313578568399 ], [ 750597.807153788628057, 9586335.853616448119283 ], [ 750134.784435803303495, 9586337.042439939454198 ], [ 748749.245445133070461, 9587723.334102021530271 ] ] ] } },
{ "type": "Feature", "properties": { "OBJECTID": 662, "HYRIV_ID": 60650069, "NEXT_DOWN": 60649792, "MAIN_RIV": 60443230, "LENGTH_KM": 2.8299999237060547, "DIST_DN_KM": 713.0999755859375, "DIST_UP_KM": 6.0, "CATCH_SKM": 12.850000381469727, "UPLAND_SKM": 12.899999618530273, "ENDORHEIC": 0, "DIS_AV_CMS": 0.34200000762939453, "ORD_STRA": 1, "ORD_CLAS": 5, "ORD_FLOW": 7, "HYBAS_L12": 6121078370.0, "Shape_Length": 2874.3411793000259 }, "geometry": { "type": "MultiLineString", "coordinates": [ [ [ 711935.220214966451749, 9584353.853125872090459 ], [ 712631.101977507350966, 9585043.561863908544183 ], [ 714482.776502404594794, 9585039.493602178990841 ] ] ] } },
{ "type": "Feature", "properties": { "OBJECTID": 663, "HYRIV_ID": 60650070, "NEXT_DOWN": 60649792, "MAIN_RIV": 60443230, "LENGTH_KM": 0.46000000834465027, "DIST_DN_KM": 713.0999755859375, "DIST_UP_KM": 22.399999618530273, "CATCH_SKM": 0.43000000715255737, "UPLAND_SKM": 242.0, "ENDORHEIC": 0, "DIS_AV_CMS": 6.3860001564025879, "ORD_STRA": 3, "ORD_CLAS": 4, "ORD_FLOW": 6, "HYBAS_L12": 6121078370.0, "Shape_Length": 467.78352465303885 }, "geometry": { "type": "MultiLineString", "coordinates": [ [ [ 714481.759080167044885, 9584578.67067957483232 ], [ 714482.776502404594794, 9585039.493602178990841 ] ] ] } },
{ "type": "Feature", "properties": { "OBJECTID": 664, "HYRIV_ID": 60650071, "NEXT_DOWN": 60650070, "MAIN_RIV": 60443230, "LENGTH_KM": 1.9099999666213989, "DIST_DN_KM": 713.5, "DIST_UP_KM": 4.0999999046325684, "CATCH_SKM": 8.5699996948242188, "UPLAND_SKM": 8.6000003814697266, "ENDORHEIC": 0, "DIS_AV_CMS": 0.22599999606609344, "ORD_STRA": 1, "ORD_CLAS": 5, "ORD_FLOW": 7, "HYBAS_L12": 6121078370.0, "Shape_Length": 1934.353925935849 }, "geometry": { "type": "MultiLineString", "coordinates": [ [ [ 716103.518744701170363, 9585266.318293441087008 ], [ 715407.598812370793894, 9584576.620960265398026 ], [ 714481.759080167044885, 9584578.67067957483232 ] ] ] } },
{ "type": "Feature", "properties": { "OBJECTID": 665, "HYRIV_ID": 60650072, "NEXT_DOWN": 60648886, "MAIN_RIV": 60443230, "LENGTH_KM": 4.5300002098083496, "DIST_DN_KM": 702.4000244140625, "DIST_UP_KM": 6.1999998092651367, "CATCH_SKM": 17.350000381469727, "UPLAND_SKM": 17.399999618530273, "ENDORHEIC": 0, "DIS_AV_CMS": 0.45300000905990601, "ORD_STRA": 1, "ORD_CLAS": 5, "ORD_FLOW": 7, "HYBAS_L12": 6121078070.0, "Shape_Length": 4585.6686509095189 }, "geometry": { "type": "MultiLineString", "coordinates": [ [ [ 720269.899195015546866, 9585256.971182350069284 ], [ 720962.733170276274905, 9584564.137491354718804 ], [ 721425.66856210725382, 9584563.08276685886085 ], [ 722817.649287046049722, 9585942.43630313128233 ], [ 723280.595923277782276, 9585941.376307411119342 ], [ 723744.601654236204922, 9586401.159986957907677 ] ] ] } },
{ "type": "Feature", "properties": { "OBJECTID": 666, "HYRIV_ID": 60650073, "NEXT_DOWN": 60646750, "MAIN_RIV": 60443230, "LENGTH_KM": 6.8400001525878906, "DIST_DN_KM": 694.0999755859375, "DIST_UP_KM": 10.100000381469727, "CATCH_SKM": 23.350000381469727, "UPLAND_SKM": 23.299999237060547, "ENDORHEIC": 0, "DIS_AV_CMS": 0.59700000286102295, "ORD_STRA": 1, "ORD_CLAS": 6, "ORD_FLOW": 7, "HYBAS_L12": 6121078070.0, "Shape_Length": 6918.2995130006893 }, "geometry": { "type": "MultiLineString", "coordinates": [ [ [ 729989.64091316529084, 9584312.741626301780343 ], [ 729296.838989040930755, 9585005.675504280254245 ], [ 729297.925620646914467, 9585466.535695560276508 ], [ 730226.027628679992631, 9586386.074592266231775 ], [ 730228.20119768823497, 9587307.799662197008729 ], [ 730692.260691493866034, 9587767.571753671392798 ], [ 730696.597099854145199, 9589611.02612361125648 ], [ 730234.692732871393673, 9590072.973961910232902 ] ] ] } },
{ "type": "Feature", "properties": { "OBJECTID": 667, "HYRIV_ID": 60650074, "NEXT_DOWN": 60650363, "MAIN_RIV": 60443230, "LENGTH_KM": 5.1599998474121094, "DIST_DN_KM": 698.9000244140625, "DIST_UP_KM": 7.5999999046325684, "CATCH_SKM": 21.629999160766602, "UPLAND_SKM": 21.600000381469727, "ENDORHEIC": 0, "DIS_AV_CMS": 0.54900002479553223, "ORD_STRA": 1, "ORD_CLAS": 6, "ORD_FLOW": 7, "HYBAS_L12": 6121077700.0, "Shape_Length": 5231.4678355076167 }, "geometry": { "type": "MultiLineString", "coordinates": [ [ [ 734160.187805282650515, 9585915.83213684335351 ], [ 734854.652740819728933, 9585914.1603012830019 ], [ 735316.51697151362896, 9585452.166978057473898 ], [ 735780.610223928350024, 9585911.923522371798754 ], [ 736706.572827219497412, 9585909.677889565005898 ], [ 737168.433224207023159, 9585447.670723611488938 ], [ 737631.415388371679001, 9585446.541164295747876 ], [ 738093.270481555256993, 9584984.525850029662251 ], [ 738092.140884613152593, 9584523.642206652089953 ] ] ] } },
{ "type": "Feature", "properties": { "OBJECTID": 668, "HYRIV_ID": 60650363, "NEXT_DOWN": 60648043, "MAIN_RIV": 60443230, "LENGTH_KM": 8.0100002288818359, "DIST_DN_KM": 691.0999755859375, "DIST_UP_KM": 15.399999618530273, "CATCH_SKM": 24.850000381469727, "UPLAND_SKM": 56.799999237060547, "ENDORHEIC": 0, "DIS_AV_CMS": 1.4340000152587891, "ORD_STRA": 2, "ORD_CLAS": 6, "ORD_FLOW": 6, "HYBAS_L12": 6121077700.0, "Shape_Length": 8111.6231895285118 }, "geometry": { "type": "MultiLineString", "coordinates": [ [ [ 738092.140884613152593, 9584523.642206652089953 ], [ 738556.252964688348584, 9584983.390567103400826 ], [ 739479.948094084626064, 9584059.338687643408775 ], [ 739942.930034280288965, 9584058.194293849170208 ], [ 740407.055093485978432, 9584517.937663991004229 ], [ 741333.029547044076025, 9584515.640275273472071 ], [ 741797.165958065539598, 9584975.382081577554345 ], [ 741798.311930033378303, 9585436.275766482576728 ], [ 742262.45365235186182, 9585896.019016854465008 ], [ 742264.74365847313311, 9586817.808842556551099 ], [ 741802.883075301302597, 9587279.850138893350959 ], [ 742267.028486781637184, 9587739.598366238176823 ] ] ] } },
{ "type": "Feature", "properties": { "OBJECTID": 669, "HYRIV_ID": 60650657, "NEXT_DOWN": 60650363, "MAIN_RIV": 60443230, "LENGTH_KM": 4.119999885559082, "DIST_DN_KM": 698.9000244140625, "DIST_UP_KM": 6.5999999046325684, "CATCH_SKM": 10.279999732971191, "UPLAND_SKM": 10.300000190734863, "ENDORHEIC": 0, "DIS_AV_CMS": 0.26100000739097595, "ORD_STRA": 1, "ORD_CLAS": 7, "ORD_FLOW": 7, "HYBAS_L12": 6121077700.0, "Shape_Length": 4182.6809093746142 }, "geometry": { "type": "MultiLineString", "coordinates": [ [ [ 734617.598599626682699, 9583610.346585266292095 ], [ 737163.929860179428943, 9583604.146168416365981 ], [ 737165.057570275384933, 9584065.027375031262636 ], [ 737629.161820228095166, 9584524.776498837396502 ], [ 738092.140884613152593, 9584523.642206652089953 ] ] ] } },
{ "type": "Feature", "properties": { "OBJECTID": 670, "HYRIV_ID": 60650658, "NEXT_DOWN": 60648043, "MAIN_RIV": 60443230, "LENGTH_KM": 8.1499996185302734, "DIST_DN_KM": 690.9000244140625, "DIST_UP_KM": 10.399999618530273, "CATCH_SKM": 23.989999771118164, "UPLAND_SKM": 24.0, "ENDORHEIC": 0, "DIS_AV_CMS": 0.59700000286102295, "ORD_STRA": 1, "ORD_CLAS": 7, "ORD_FLOW": 7, "HYBAS_L12": 6121077700.0, "Shape_Length": 8251.1186654056382 }, "geometry": { "type": "MultiLineString", "coordinates": [ [ [ 748043.550764988758601, 9583346.442250285297632 ], [ 747350.814426450175233, 9584039.582874979823828 ], [ 746887.811953016207553, 9584040.762713650241494 ], [ 746425.981330821290612, 9584502.846992982551455 ], [ 745499.978478764765896, 9584505.192975794896483 ], [ 745038.141573901055381, 9584967.265331748872995 ], [ 744575.141196673037484, 9584968.43147593550384 ], [ 743189.601584793766961, 9586354.609145620837808 ], [ 743191.897769026458263, 9587276.403903195634484 ], [ 742730.035527437459677, 9587738.450900925323367 ], [ 742267.028486781637184, 9587739.598366238176823 ] ] ] } },
{ "type": "Feature", "properties": { "OBJECTID": 671, "HYRIV_ID": 60650920, "NEXT_DOWN": 60648887, "MAIN_RIV": 60443230, "LENGTH_KM": 4.0500001907348633, "DIST_DN_KM": 701.79998779296875, "DIST_UP_KM": 6.6999998092651367, "CATCH_SKM": 14.350000381469727, "UPLAND_SKM": 14.399999618530273, "ENDORHEIC": 0, "DIS_AV_CMS": 0.37299999594688416, "ORD_STRA": 1, "ORD_CLAS": 6, "ORD_FLOW": 7, "HYBAS_L12": 6121078070.0, "Shape_Length": 4093.1172904411042 }, "geometry": { "type": "MultiLineString", "coordinates": [ [ [ 723736.638921461300924, 9582944.815036650747061 ], [ 723738.236729227937758, 9583636.084243999794126 ], [ 723276.361506972461939, 9584097.997155390679836 ], [ 723740.363109063007869, 9584557.776354316622019 ], [ 723741.424570467090234, 9585018.622261177748442 ], [ 724205.431557416683063, 9585478.402719276025891 ], [ 724207.552895262488164, 9586400.096776178106666 ] ] ] } },
{ "type": "Feature", "properties": { "OBJECTID": 672, "HYRIV_ID": 60650921, "NEXT_DOWN": 60649793, "MAIN_RIV": 60443230, "LENGTH_KM": 2.75, "DIST_DN_KM": 700.70001220703125, "DIST_UP_KM": 5.3000001907348633, "CATCH_SKM": 7.5, "UPLAND_SKM": 7.5, "ENDORHEIC": 0, "DIS_AV_CMS": 0.1940000057220459, "ORD_STRA": 1, "ORD_CLAS": 7, "ORD_FLOW": 7, "HYBAS_L12": 6121078070.0, "Shape_Length": 2787.5022831993756 }, "geometry": { "type": "MultiLineString", "coordinates": [ [ [ 725819.854585942113772, 9582939.973318411037326 ], [ 727443.93600281199906, 9584549.170952968299389 ], [ 727445.015042374841869, 9585010.026471486315131 ] ] ] } },
{ "type": "Feature", "properties": { "OBJECTID": 673, "HYRIV_ID": 60651754, "NEXT_DOWN": 60651755, "MAIN_RIV": 60443230, "LENGTH_KM": 1.6200000047683716, "DIST_DN_KM": 716.70001220703125, "DIST_UP_KM": 5.5, "CATCH_SKM": 6.6399998664855957, "UPLAND_SKM": 6.5999999046325684, "ENDORHEIC": 0, "DIS_AV_CMS": 0.17599999904632568, "ORD_STRA": 1, "ORD_CLAS": 5, "ORD_FLOW": 7, "HYBAS_L12": 6121078370.0, "Shape_Length": 1644.6770634945574 }, "geometry": { "type": "MultiLineString", "coordinates": [ [ [ 712855.468715357594192, 9581817.321394607424736 ], [ 714475.630894214496948, 9581813.732193933799863 ] ] ] } },
{ "type": "Feature", "properties": { "OBJECTID": 674, "HYRIV_ID": 60651755, "NEXT_DOWN": 60650070, "MAIN_RIV": 60443230, "LENGTH_KM": 3.1600000858306885, "DIST_DN_KM": 713.5, "DIST_UP_KM": 21.899999618530273, "CATCH_SKM": 10.920000076293945, "UPLAND_SKM": 233.0, "ENDORHEIC": 0, "DIS_AV_CMS": 6.1490001678466797, "ORD_STRA": 3, "ORD_CLAS": 4, "ORD_FLOW": 6, "HYBAS_L12": 6121078370.0, "Shape_Length": 3197.211266892441 }, "geometry": { "type": "MultiLineString", "coordinates": [ [ [ 714475.630894214496948, 9581813.732193933799863 ], [ 714476.655143715324812, 9582274.555331444367766 ], [ 714940.588593992288224, 9582734.350216630846262 ], [ 714941.612764709163457, 9583195.174437081441283 ], [ 714479.720869713462889, 9583657.02462868578732 ], [ 714481.759080167044885, 9584578.67067957483232 ] ] ] } },
{ "type": "Feature", "properties": { "OBJECTID": 675, "HYRIV_ID": 60652589, "NEXT_DOWN": 60649793, "MAIN_RIV": 60443230, "LENGTH_KM": 5.9000000953674316, "DIST_DN_KM": 700.9000244140625, "DIST_UP_KM": 7.6999998092651367, "CATCH_SKM": 21.200000762939453, "UPLAND_SKM": 21.200000762939453, "ENDORHEIC": 0, "DIS_AV_CMS": 0.54600000381469727, "ORD_STRA": 1, "ORD_CLAS": 6, "ORD_FLOW": 7, "HYBAS_L12": 6121078070.0, "Shape_Length": 5966.2111685444597 }, "geometry": { "type": "MultiLineString", "coordinates": [ [ [ 727202.705573842162266, 9580402.017222931608558 ], [ 727897.10318202408962, 9580400.373498229309916 ], [ 727898.195201279595494, 9580861.230555720627308 ], [ 728362.223687804653309, 9581320.99130636267364 ], [ 728366.583811843418516, 9583164.423684597015381 ], [ 727904.72198059677612, 9583626.371827812865376 ], [ 727906.887979808729142, 9584548.085362143814564 ], [ 727445.015042374841869, 9585010.026471486315131 ] ] ] } },
{ "type": "Feature", "properties": { "OBJECTID": 676, "HYRIV_ID": 60652870, "NEXT_DOWN": 60651755, "MAIN_RIV": 60443230, "LENGTH_KM": 2.0399999618530273, "DIST_DN_KM": 716.70001220703125, "DIST_UP_KM": 18.700000762939453, "CATCH_SKM": 4.2800002098083496, "UPLAND_SKM": 215.5, "ENDORHEIC": 0, "DIS_AV_CMS": 5.6820001602172852, "ORD_STRA": 3, "ORD_CLAS": 4, "ORD_FLOW": 6, "HYBAS_L12": 6121078370.0, "Shape_Length": 2066.3773966999565 }, "geometry": { "type": "MultiLineString", "coordinates": [ [ [ 714934.420023158076219, 9579969.404030809178948 ], [ 714935.451019386993721, 9580430.228469084948301 ], [ 714473.579226880334318, 9580892.085707819089293 ], [ 714475.630894214496948, 9581813.732193933799863 ] ] ] } },
{ "type": "Feature", "properties": { "OBJECTID": 677, "HYRIV_ID": 60652871, "NEXT_DOWN": 60652870, "MAIN_RIV": 60443230, "LENGTH_KM": 2.7000000476837158, "DIST_DN_KM": 718.70001220703125, "DIST_UP_KM": 14.600000381469727, "CATCH_SKM": 4.070000171661377, "UPLAND_SKM": 54.400001525878906, "ENDORHEIC": 0, "DIS_AV_CMS": 1.4220000505447388, "ORD_STRA": 2, "ORD_CLAS": 5, "ORD_FLOW": 6, "HYBAS_L12": 6121079030.0, "Shape_Length": 2735.6091676535098 }, "geometry": { "type": "MultiLineString", "coordinates": [ [ [ 717248.922914272989146, 9579964.195476220920682 ], [ 716787.059819079353474, 9580426.070718690752983 ], [ 716324.155964121920988, 9580427.113522708415985 ], [ 715860.217742033419199, 9579967.32735301181674 ], [ 714934.420023158076219, 9579969.404030809178948 ] ] ] } },
{ "type": "Feature", "properties": { "OBJECTID": 678, "HYRIV_ID": 60653114, "NEXT_DOWN": 60652871, "MAIN_RIV": 60443230, "LENGTH_KM": 1.1599999666213989, "DIST_DN_KM": 721.4000244140625, "DIST_UP_KM": 3.7999999523162842, "CATCH_SKM": 5.1399998664855957, "UPLAND_SKM": 5.0999999046325684, "ENDORHEIC": 0, "DIS_AV_CMS": 0.13500000536441803, "ORD_STRA": 1, "ORD_CLAS": 6, "ORD_FLOW": 7, "HYBAS_L12": 6121079030.0, "Shape_Length": 1171.4596640163404 }, "geometry": { "type": "MultiLineString", "coordinates": [ [ [ 717710.258291473612189, 9579271.900112157687545 ], [ 717711.826910320087336, 9579963.147060377523303 ], [ 717248.922914272989146, 9579964.195476220920682 ] ] ] } },
{ "type": "Feature", "properties": { "OBJECTID": 679, "HYRIV_ID": 60653115, "NEXT_DOWN": 60652871, "MAIN_RIV": 60443230, "LENGTH_KM": 5.119999885559082, "DIST_DN_KM": 721.5999755859375, "DIST_UP_KM": 11.699999809265137, "CATCH_SKM": 16.489999771118164, "UPLAND_SKM": 45.200000762939453, "ENDORHEIC": 0, "DIS_AV_CMS": 1.1790000200271606, "ORD_STRA": 2, "ORD_CLAS": 5, "ORD_FLOW": 6, "HYBAS_L12": 6121079030.0, "Shape_Length": 5194.0199793674547 }, "geometry": { "type": "MultiLineString", "coordinates": [ [ [ 721414.037173783406615, 9579493.838764272630215 ], [ 720490.332629384007305, 9580417.64783438667655 ], [ 720026.364168530912139, 9579957.871445965021849 ], [ 719564.507540724240243, 9580419.76698106341064 ], [ 717712.871083750855178, 9580423.978324256837368 ], [ 717248.922914272989146, 9579964.195476220920682 ] ] ] } },
{ "type": "Feature", "properties": { "OBJECTID": 680, "HYRIV_ID": 60653116, "NEXT_DOWN": 60653115, "MAIN_RIV": 60443230, "LENGTH_KM": 0.93000000715255737, "DIST_DN_KM": 726.5, "DIST_UP_KM": 6.8000001907348633, "CATCH_SKM": 2.1400001049041748, "UPLAND_SKM": 23.799999237060547, "ENDORHEIC": 0, "DIS_AV_CMS": 0.61799997091293335, "ORD_STRA": 2, "ORD_CLAS": 5, "ORD_FLOW": 7, "HYBAS_L12": 6121079030.0, "Shape_Length": 939.57707117160555 }, "geometry": { "type": "MultiLineString", "coordinates": [ [ [ 722339.862810326507315, 9579491.697067949920893 ], [ 721414.037173783406615, 9579493.838764272630215 ] ] ] } },
{ "type": "Feature", "properties": { "OBJECTID": 681, "HYRIV_ID": 60653398, "NEXT_DOWN": 60653115, "MAIN_RIV": 60443230, "LENGTH_KM": 0.98000001907348633, "DIST_DN_KM": 726.70001220703125, "DIST_UP_KM": 3.2000000476837158, "CATCH_SKM": 4.929999828338623, "UPLAND_SKM": 4.9000000953674316, "ENDORHEIC": 0, "DIS_AV_CMS": 0.1289999932050705, "ORD_STRA": 1, "ORD_CLAS": 6, "ORD_FLOW": 7, "HYBAS_L12": 6121079030.0, "Shape_Length": 994.36560259286648 }, "geometry": { "type": "MultiLineString", "coordinates": [ [ [ 720718.079110167920589, 9578804.180793561041355 ], [ 721414.037173783406615, 9579493.838764272630215 ] ] ] } },
{ "type": "Feature", "properties": { "OBJECTID": 682, "HYRIV_ID": 60653399, "NEXT_DOWN": 60653116, "MAIN_RIV": 60443230, "LENGTH_KM": 2.7300000190734863, "DIST_DN_KM": 727.5, "DIST_UP_KM": 5.4000000953674316, "CATCH_SKM": 8.5699996948242188, "UPLAND_SKM": 8.6000003814697266, "ENDORHEIC": 0, "DIS_AV_CMS": 0.22200000286102295, "ORD_STRA": 1, "ORD_CLAS": 6, "ORD_FLOW": 7, "HYBAS_L12": 6121079030.0, "Shape_Length": 2776.805266077989 }, "geometry": { "type": "MultiLineString", "coordinates": [ [ [ 724884.826316284365021, 9579024.912110451608896 ], [ 723727.534468235797249, 9579027.621386179700494 ], [ 723265.693083237740211, 9579489.546548929065466 ], [ 722339.862810326507315, 9579491.697067949920893 ] ] ] } },
{ "type": "Feature", "properties": { "OBJECTID": 683, "HYRIV_ID": 60653922, "NEXT_DOWN": 60653923, "MAIN_RIV": 60443230, "LENGTH_KM": 2.9300000667572021, "DIST_DN_KM": 722.29998779296875, "DIST_UP_KM": 5.5999999046325684, "CATCH_SKM": 8.5699996948242188, "UPLAND_SKM": 8.6000003814697266, "ENDORHEIC": 0, "DIS_AV_CMS": 0.22800000011920929, "ORD_STRA": 1, "ORD_CLAS": 7, "ORD_FLOW": 7, "HYBAS_L12": 6121079030.0, "Shape_Length": 2966.7042669851285 }, "geometry": { "type": "MultiLineString", "coordinates": [ [ [ 710536.942650935961865, 9579979.146405775099993 ], [ 711231.274524915381335, 9579977.621542477980256 ], [ 711693.147335121408105, 9579515.78549375012517 ], [ 711692.129721911041997, 9579054.968765448778868 ], [ 712153.994729196187109, 9578593.127146776765585 ], [ 712152.972678882302716, 9578132.309285633265972 ] ] ] } },
{ "type": "Feature", "properties": { "OBJECTID": 684, "HYRIV_ID": 60653923, "NEXT_DOWN": 60652870, "MAIN_RIV": 60443230, "LENGTH_KM": 3.5399999618530273, "DIST_DN_KM": 718.70001220703125, "DIST_UP_KM": 14.100000381469727, "CATCH_SKM": 7.070000171661377, "UPLAND_SKM": 54.0, "ENDORHEIC": 0, "DIS_AV_CMS": 1.440000057220459, "ORD_STRA": 2, "ORD_CLAS": 6, "ORD_FLOW": 6, "HYBAS_L12": 6121079030.0, "Shape_Length": 3591.9965695082974 }, "geometry": { "type": "MultiLineString", "coordinates": [ [ [ 712152.972678882302716, 9578132.309285633265972 ], [ 713080.790890186093748, 9579051.890600433573127 ], [ 713543.680153781082481, 9579050.86002691462636 ], [ 714471.522943156654947, 9579970.439076088368893 ], [ 714934.420023158076219, 9579969.404030809178948 ] ] ] } },
{ "type": "Feature", "properties": { "OBJECTID": 685, "HYRIV_ID": 60653924, "NEXT_DOWN": 60652870, "MAIN_RIV": 60443230, "LENGTH_KM": 2.0399999618530273, "DIST_DN_KM": 718.70001220703125, "DIST_UP_KM": 16.700000762939453, "CATCH_SKM": 4.5, "UPLAND_SKM": 102.80000305175781, "ENDORHEIC": 0, "DIS_AV_CMS": 2.7060000896453857, "ORD_STRA": 2, "ORD_CLAS": 4, "ORD_FLOW": 6, "HYBAS_L12": 6121079030.0, "Shape_Length": 2066.3436473257234 }, "geometry": { "type": "MultiLineString", "coordinates": [ [ [ 715393.174442574032582, 9578125.064013546332717 ], [ 715394.212183910305612, 9578585.889753963798285 ], [ 714932.354864622233436, 9579047.755040191113949 ], [ 714934.420023158076219, 9579969.404030809178948 ] ] ] } },
{ "type": "Feature", "properties": { "OBJECTID": 686, "HYRIV_ID": 60654184, "NEXT_DOWN": 60654185, "MAIN_RIV": 60443230, "LENGTH_KM": 3.4700000286102295, "DIST_DN_KM": 723.4000244140625, "DIST_UP_KM": 5.5, "CATCH_SKM": 13.279999732971191, "UPLAND_SKM": 13.300000190734863, "ENDORHEIC": 0, "DIS_AV_CMS": 0.35499998927116394, "ORD_STRA": 1, "ORD_CLAS": 7, "ORD_FLOW": 7, "HYBAS_L12": 6121079030.0, "Shape_Length": 3524.5625807140473 }, "geometry": { "type": "MultiLineString", "coordinates": [ [ [ 707754.641754013136961, 9577681.158673217520118 ], [ 711226.192214117269032, 9577673.543382069095969 ] ] ] } },
{ "type": "Feature", "properties": { "OBJECTID": 687, "HYRIV_ID": 60654185, "NEXT_DOWN": 60653923, "MAIN_RIV": 60443230, "LENGTH_KM": 1.1200000047683716, "DIST_DN_KM": 722.29998779296875, "DIST_UP_KM": 10.5, "CATCH_SKM": 1.0700000524520874, "UPLAND_SKM": 38.299999237060547, "ENDORHEIC": 0, "DIS_AV_CMS": 1.0240000486373901, "ORD_STRA": 2, "ORD_CLAS": 6, "ORD_FLOW": 6, "HYBAS_L12": 6121079030.0, "Shape_Length": 1132.9955335412831 }, "geometry": { "type": "MultiLineString", "coordinates": [ [ [ 711226.192214117269032, 9577673.543382069095969 ], [ 711690.091229368117638, 9578133.335291538387537 ], [ 712152.972678882302716, 9578132.309285633265972 ] ] ] } },
{ "type": "Feature", "properties": { "OBJECTID": 688, "HYRIV_ID": 60654753, "NEXT_DOWN": 60653116, "MAIN_RIV": 60443230, "LENGTH_KM": 3.2999999523162842, "DIST_DN_KM": 727.5, "DIST_UP_KM": 5.9000000953674316, "CATCH_SKM": 13.060000419616699, "UPLAND_SKM": 13.100000381469727, "ENDORHEIC": 0, "DIS_AV_CMS": 0.34000000357627869, "ORD_STRA": 1, "ORD_CLAS": 5, "ORD_FLOW": 7, "HYBAS_L12": 6121079030.0, "Shape_Length": 3332.73064679153 }, "geometry": { "type": "MultiLineString", "coordinates": [ [ [ 721638.546583611983806, 9576497.835722437128425 ], [ 722334.506896079983562, 9577187.482039224356413 ], [ 722339.862810326507315, 9579491.697067949920893 ] ] ] } },
{ "type": "Feature", "properties": { "OBJECTID": 689, "HYRIV_ID": 60655550, "NEXT_DOWN": 60655551, "MAIN_RIV": 60443230, "LENGTH_KM": 2.4600000381469727, "DIST_DN_KM": 726.9000244140625, "DIST_UP_KM": 5.9000000953674316, "CATCH_SKM": 11.779999732971191, "UPLAND_SKM": 11.800000190734863, "ENDORHEIC": 0, "DIS_AV_CMS": 0.31499999761581421, "ORD_STRA": 1, "ORD_CLAS": 6, "ORD_FLOW": 7, "HYBAS_L12": 6121079030.0, "Shape_Length": 2501.1283671151273 }, "geometry": { "type": "MultiLineString", "coordinates": [ [ [ 707286.758274229126982, 9575378.13217899762094 ], [ 707981.044896455248818, 9575376.614435568451881 ], [ 708444.91477779741399, 9575836.409048903733492 ], [ 708907.777288195327856, 9575835.393239289522171 ], [ 709369.625654076226056, 9575373.563641589134932 ] ] ] } },
{ "type": "Feature", "properties": { "OBJECTID": 690, "HYRIV_ID": 60655551, "NEXT_DOWN": 60654185, "MAIN_RIV": 60443230, "LENGTH_KM": 3.3499999046325684, "DIST_DN_KM": 723.4000244140625, "DIST_UP_KM": 9.3999996185302734, "CATCH_SKM": 7.9200000762939453, "UPLAND_SKM": 24.0, "ENDORHEIC": 0, "DIS_AV_CMS": 0.63999998569488525, "ORD_STRA": 2, "ORD_CLAS": 6, "ORD_FLOW": 7, "HYBAS_L12": 6121079030.0, "Shape_Length": 3394.866637664471 }, "geometry": { "type": "MultiLineString", "coordinates": [ [ [ 709369.625654076226056, 9575373.563641589134932 ], [ 709833.505570247187279, 9575833.354751078411937 ], [ 710296.371441477094777, 9575832.332169292494655 ], [ 711224.151540797902271, 9576751.911886353045702 ], [ 711226.192214117269032, 9577673.543382069095969 ] ] ] } },
{ "type": "Feature", "properties": { "OBJECTID": 691, "HYRIV_ID": 60655801, "NEXT_DOWN": 60655551, "MAIN_RIV": 60443230, "LENGTH_KM": 0.98000001907348633, "DIST_DN_KM": 726.9000244140625, "DIST_UP_KM": 3.0, "CATCH_SKM": 4.2800002098083496, "UPLAND_SKM": 4.3000001907348633, "ENDORHEIC": 0, "DIS_AV_CMS": 0.11400000005960464, "ORD_STRA": 1, "ORD_CLAS": 7, "ORD_FLOW": 7, "HYBAS_L12": 6121079030.0, "Shape_Length": 994.65808014754782 }, "geometry": { "type": "MultiLineString", "coordinates": [ [ [ 710062.38976951665245, 9574680.810830982401967 ], [ 709369.625654076226056, 9575373.563641589134932 ] ] ] } },
{ "type": "Feature", "properties": { "OBJECTID": 692, "HYRIV_ID": 60656584, "NEXT_DOWN": 60653924, "MAIN_RIV": 60443230, "LENGTH_KM": 5.7800002098083496, "DIST_DN_KM": 721.0, "DIST_UP_KM": 14.399999618530273, "CATCH_SKM": 16.920000076293945, "UPLAND_SKM": 63.200000762939453, "ENDORHEIC": 0, "DIS_AV_CMS": 1.656999945640564, "ORD_STRA": 2, "ORD_CLAS": 4, "ORD_FLOW": 6, "HYBAS_L12": 6121079030.0, "Shape_Length": 5848.8487876593954 }, "geometry": { "type": "MultiLineString", "coordinates": [ [ [ 718159.960815178812481, 9573510.438163962215185 ], [ 718161.023356274119578, 9573971.271194718778133 ], [ 717699.206505240639672, 9574433.168559880927205 ], [ 717700.264512165216729, 9574894.000264976173639 ], [ 717238.439658551826142, 9575355.891874417662621 ], [ 717239.493133503943682, 9575816.722450891509652 ], [ 716777.660472481511533, 9576278.608202442526817 ], [ 716778.709413474425673, 9576739.43755179643631 ], [ 715393.174442574032582, 9578125.064013546332717 ] ] ] } },
{ "type": "Feature", "properties": { "OBJECTID": 693, "HYRIV_ID": 60656585, "NEXT_DOWN": 60656584, "MAIN_RIV": 60443230, "LENGTH_KM": 0.68999999761581421, "DIST_DN_KM": 726.5999755859375, "DIST_UP_KM": 4.0, "CATCH_SKM": 4.2800002098083496, "UPLAND_SKM": 4.3000001907348633, "ENDORHEIC": 0, "DIS_AV_CMS": 0.1120000034570694, "ORD_STRA": 1, "ORD_CLAS": 5, "ORD_FLOW": 7, "HYBAS_L12": 6121079030.0, "Shape_Length": 704.70279273519759 }, "geometry": { "type": "MultiLineString", "coordinates": [ [ [ 718854.273560136323795, 9573508.833877926692367 ], [ 718159.960815178812481, 9573510.438163962215185 ] ] ] } },
{ "type": "Feature", "properties": { "OBJECTID": 694, "HYRIV_ID": 60656878, "NEXT_DOWN": 60656584, "MAIN_RIV": 60443230, "LENGTH_KM": 0.64999997615814209, "DIST_DN_KM": 726.70001220703125, "DIST_UP_KM": 8.6999998092651367, "CATCH_SKM": 1.0700000524520874, "UPLAND_SKM": 42.0, "ENDORHEIC": 0, "DIS_AV_CMS": 1.1000000238418579, "ORD_STRA": 2, "ORD_CLAS": 4, "ORD_FLOW": 6, "HYBAS_L12": 6121079030.0, "Shape_Length": 662.9380671513311 }, "geometry": { "type": "MultiLineString", "coordinates": [ [ [ 718621.769762607407756, 9573048.535042544826865 ], [ 718159.960815178812481, 9573510.438163962215185 ] ] ] } },
{ "type": "Feature", "properties": { "OBJECTID": 695, "HYRIV_ID": 60659402, "NEXT_DOWN": 60653924, "MAIN_RIV": 60443230, "LENGTH_KM": 11.119999885559082, "DIST_DN_KM": 721.0, "DIST_UP_KM": 12.800000190734863, "CATCH_SKM": 35.119998931884766, "UPLAND_SKM": 35.099998474121094, "ENDORHEIC": 0, "DIS_AV_CMS": 0.92900002002716064, "ORD_STRA": 1, "ORD_CLAS": 5, "ORD_FLOW": 7, "HYBAS_L12": 6121079030.0, "Shape_Length": 11249.161146584778 }, "geometry": { "type": "MultiLineString", "coordinates": [ [ [ 713751.706923275371082, 9568681.84459949657321 ], [ 713059.022566020139493, 9569374.660553550347686 ], [ 713522.914557390380651, 9569834.428433645516634 ], [ 713525.011324424995109, 9570756.072353683412075 ], [ 713063.207002370385453, 9571217.943787818774581 ], [ 713065.292495043831877, 9572139.585162555798888 ], [ 713529.191407712874934, 9572599.359612356871367 ], [ 713532.314701170660555, 9573981.824663123115897 ], [ 713996.221506722504273, 9574441.602196706458926 ], [ 713998.300340692512691, 9575363.247529149055481 ], [ 714926.132088744663633, 9576282.806877225637436 ], [ 714929.248521251021884, 9577665.281178032979369 ], [ 715393.174442574032582, 9578125.064013546332717 ] ] ] } },
{ "type": "Feature", "properties": { "OBJECTID": 696, "HYRIV_ID": 60659664, "NEXT_DOWN": 60656878, "MAIN_RIV": 60443230, "LENGTH_KM": 6.3000001907348633, "DIST_DN_KM": 727.4000244140625, "DIST_UP_KM": 8.0, "CATCH_SKM": 20.340000152587891, "UPLAND_SKM": 20.299999237060547, "ENDORHEIC": 0, "DIS_AV_CMS": 0.5350000262260437, "ORD_STRA": 1, "ORD_CLAS": 4, "ORD_FLOW": 7, "HYBAS_L12": 6121079030.0, "Shape_Length": 6375.369019217007 }, "geometry": { "type": "MultiLineString", "coordinates": [ [ [ 717453.388094429858029, 9568212.474920695647597 ], [ 716760.722608468960971, 9568905.333700854331255 ], [ 716763.920713615603745, 9570287.82348452322185 ], [ 717227.842304704012349, 9570747.584305277094245 ], [ 716766.047019774094224, 9571209.483045233413577 ], [ 718621.769762607407756, 9573048.535042544826865 ] ] ] } },
{ "type": "Feature", "properties": { "OBJECTID": 697, "HYRIV_ID": 60659665, "NEXT_DOWN": 60656878, "MAIN_RIV": 60443230, "LENGTH_KM": 5.820000171661377, "DIST_DN_KM": 727.4000244140625, "DIST_UP_KM": 7.9000000953674316, "CATCH_SKM": 20.559999465942383, "UPLAND_SKM": 20.600000381469727, "ENDORHEIC": 0, "DIS_AV_CMS": 0.53700000047683716, "ORD_STRA": 1, "ORD_CLAS": 5, "ORD_FLOW": 7, "HYBAS_L12": 6121079030.0, "Shape_Length": 5886.9414759269193 }, "geometry": { "type": "MultiLineString", "coordinates": [ [ [ 719999.061124014900997, 9568206.513542639091611 ], [ 720001.771098889177665, 9569358.608590783551335 ], [ 720465.714491851162165, 9569818.359260704368353 ], [ 720466.797582405619323, 9570279.198347311466932 ], [ 720005.013588861678727, 9570741.122303750365973 ], [ 720006.092149157659151, 9571201.960163531824946 ], [ 719544.300154579337686, 9571663.87836823426187 ], [ 719545.374085505958647, 9572124.715002603828907 ], [ 718621.769762607407756, 9573048.535042544826865 ] ] ] } }
]
}
