{
"type": "FeatureCollection",
"name": "STM_hydroSHEDS_v10",
"crs": { "type": "name", "properties": { "name": "urn:ogc:def:crs:EPSG::31981" } },
"features": [
{ "type": "Feature", "properties": { "OBJECTID": 4, "HYBAS_ID": 6090275370.0, "NEXT_DOWN": 6090275100.0, "NEXT_SINK": 6090007000.0, "MAIN_BAS": 6090007000.0, "DIST_SINK": 572.3, "DIST_MAIN": 572.3, "SUB_AREA": 409.1, "UP_AREA": 409.4, "PFAF_ID": 622362220, "ENDO": 0, "COAST": 0, "ORDER_": 5, "SORT": 8500.0, "Shape_Length": 107101.06579237879, "Shape_Area": 407689362.23451459, "ID_basin": 1, "RdLength": 271502.40322089469, "RdDensity": 0.6636577932556702, "HyLength": 5879.5655527554809, "HyDensity": 0.01437195197446952, "COUNT_area": 1586, "MEAN_area": 84494.840447982366, "PropCount_km2": 3.8768027377169396, "AvgArea_km2": 2.0653835357609966, "CLASS_analyses": "1", "SUM_area_swa": 27.076082726160003, "PctWater_swa": 0.066184509230408223 }, "geometry": { "type": "MultiPolygon", "coordinates": [ [ [ [ 756534.4205, 9647394.372899999842048 ], [ 755801.615100000053644, 9647435.099099999293685 ], [ 755415.02240000013262, 9647818.719799999147654 ], [ 754682.219100000336766, 9647859.436699999496341 ], [ 754725.167500000447035, 9649510.322100000455976 ], [ 755148.508399999700487, 9649932.5777000002563 ], [ 754727.03760000038892, 9650356.701500000432134 ], [ 754651.499099999666214, 9651736.722999999299645 ], [ 755580.181300000287592, 9652659.463199999183416 ], [ 755660.778599999845028, 9653577.919299999251962 ], [ 755198.463800000026822, 9654043.08699999935925 ], [ 755161.772599999792874, 9655233.222899999469519 ], [ 755397.935499999672174, 9655305.215600000694394 ], [ 756062.277300000190735, 9655764.6952 ], [ 756788.647199999541044, 9655618.089700000360608 ], [ 757450.975899999961257, 9655155.701899999752641 ], [ 757714.640800000168383, 9655300.1392 ], [ 758379.001500000245869, 9655759.612400000914931 ], [ 758642.03000000026077, 9655614.014000000432134 ], [ 759100.751400000415742, 9655293.741499999538064 ], [ 760024.430800000205636, 9656071.897099999710917 ], [ 760960.137600000016391, 9656214.840600000694394 ], [ 761415.526300000026822, 9656529.752800000831485 ], [ 762560.337899999693036, 9656704.632999999448657 ], [ 763116.686300000175834, 9657493.173599999397993 ], [ 762972.514600000344217, 9658216.432099999859929 ], [ 762510.609199999831617, 9658877.3739 ], [ 762669.931400000117719, 9660631.052999999374151 ], [ 763287.211799999698997, 9660819.162900000810623 ], [ 764207.029699999839067, 9661594.00929999910295 ], [ 766790.214700000360608, 9661749.303099999204278 ], [ 766225.889600000344217, 9662556.75650000013411 ], [ 766412.752299999818206, 9663472.935399999842048 ], [ 767456.96100000012666, 9664352.550200000405312 ], [ 767693.164099999703467, 9664424.53800000064075 ], [ 767771.127299999818206, 9666639.119000000879169 ], [ 768865.54079999960959, 9666795.076500000432134 ], [ 769312.563099999912083, 9667118.427699999883771 ], [ 769793.415400000289083, 9667253.984400000423193 ], [ 770240.443699999712408, 9667577.33559999987483 ], [ 770721.301300000399351, 9667712.890900000929832 ], [ 771168.33559999987483, 9668036.242000000551343 ], [ 774893.291600000113249, 9668164.507999999448657 ], [ 775963.719600000418723, 9669104.6228 ], [ 776047.370699999853969, 9669937.539899999275804 ], [ 776293.384999999776483, 9669999.747899999842048 ], [ 776729.315200000070035, 9670334.227399999275804 ], [ 777368.076100000180304, 9670495.750800000503659 ], [ 777506.611999999731779, 9672483.776900000870228 ], [ 777844.856599999591708, 9672915.873500000685453 ], [ 778003.967899999581277, 9673526.950400000438094 ], [ 778373.023199999704957, 9673620.2478 ], [ 778375.095499999821186, 9674542.237700000405312 ], [ 778838.578300000168383, 9674541.196599999442697 ], [ 779364.862800000235438, 9674405.591399999335408 ], [ 779234.242300000041723, 9672451.737600000575185 ], [ 778769.419300000183284, 9671857.971100000664592 ], [ 778894.880199999548495, 9671530.50789999961853 ], [ 779231.166100000031292, 9671096.881300000473857 ], [ 779354.149799999780953, 9669685.462099999189377 ], [ 779816.254200000315905, 9669089.581399999558926 ], [ 779679.720700000412762, 9664613.69539999961853 ], [ 779341.463399999774992, 9664181.61710000038147 ], [ 779182.316599999554455, 9663570.545700000599027 ], [ 778393.644299999810755, 9663371.179300000891089 ], [ 777947.928100000135601, 9662801.857300000265241 ], [ 777883.192099999636412, 9662096.4441 ], [ 777951.313400000333786, 9661857.270999999716878 ], [ 778276.355299999937415, 9661412.548000000417233 ], [ 778412.593100000172853, 9660934.199100000783801 ], [ 778874.544400000013411, 9660302.056600000709295 ], [ 778735.424300000071526, 9659550.445000000298023 ], [ 777479.302099999971688, 9658187.436599999666214 ], [ 777327.303100000135601, 9656674.927699999883771 ], [ 776582.778900000266731, 9656465.055500000715256 ], [ 776375.031499999575317, 9655748.545099999755621 ], [ 775542.402900000102818, 9655513.8574 ], [ 775950.335799999535084, 9654955.566199999302626 ], [ 775479.207700000144541, 9654317.113500000908971 ], [ 775613.683699999935925, 9653103.883099999278784 ], [ 776407.70299999974668, 9652189.24269999936223 ], [ 776073.827399999834597, 9651736.848899999633431 ], [ 775932.043100000359118, 9649876.188500000163913 ], [ 775604.942099999636412, 9649433.012499999254942 ], [ 775466.45920000039041, 9648955.321699999272823 ], [ 775040.618599999696016, 9648378.304400000721216 ], [ 776351.954300000332296, 9648185.2127 ], [ 776459.122899999842048, 9647808.971699999645352 ], [ 776419.182599999941885, 9647540.830600000917912 ], [ 775568.990100000053644, 9646696.379599999636412 ], [ 775529.050400000065565, 9646428.2401 ], [ 775283.076899999752641, 9646366.0702 ], [ 774708.730600000359118, 9645925.411299999803305 ], [ 774499.130800000391901, 9645120.913899999111891 ], [ 772962.9693, 9644988.694900000467896 ], [ 772527.096599999815226, 9644654.283700000494719 ], [ 772035.169599999673665, 9644529.939099999144673 ], [ 771599.303000000305474, 9644195.527699999511242 ], [ 770343.48369999974966, 9644073.005200000479817 ], [ 769746.744199999608099, 9644535.3991 ], [ 768954.867499999701977, 9644662.799100000411272 ], [ 768355.94469999987632, 9644203.247300000861287 ], [ 767864.037499999627471, 9644078.889599999412894 ], [ 767428.19620000012219, 9643744.472799999639392 ], [ 766853.870500000193715, 9643620.307499999180436 ], [ 766720.004399999976158, 9644144.346100000664592 ], [ 766450.317699999548495, 9644105.89130000025034 ], [ 766061.957399999722838, 9643724.018999999389052 ], [ 765522.589100000448525, 9643647.1075 ], [ 765134.2347999997437, 9643265.235500000417233 ], [ 763011.295400000177324, 9643231.1031 ], [ 761839.026899999938905, 9643296.580399999395013 ], [ 760942.525500000454485, 9644095.028999999165535 ], [ 760451.227400000207126, 9644221.672900000587106 ], [ 760016.966599999926984, 9644558.098500000312924 ], [ 758481.595099999569356, 9644697.50760000012815 ], [ 758319.925400000065565, 9645330.20240000076592 ], [ 757983.757699999958277, 9645763.768899999558926 ], [ 757858.706199999898672, 9646253.121999999508262 ], [ 757415.724600000306964, 9646824.4024 ], [ 756628.197499999776483, 9647027.3443 ], [ 756534.4205, 9647394.372899999842048 ] ] ] ] } },
{ "type": "Feature", "properties": { "OBJECTID": 5, "HYBAS_ID": 6090275360.0, "NEXT_DOWN": 6090275100.0, "NEXT_SINK": 6090007000.0, "MAIN_BAS": 6090007000.0, "DIST_SINK": 572.5, "DIST_MAIN": 572.5, "SUB_AREA": 20.1, "UP_AREA": 6571.7, "PFAF_ID": 622362230, "ENDO": 0, "COAST": 0, "ORDER_": 4, "SORT": 8501.0, "Shape_Length": 19625.784426584927, "Shape_Area": 20037300.957797088, "ID_basin": 2, "RdLength": 18634.762710686271, "RdDensity": 0.92710262242220243, "HyLength": 231.72926761640667, "HyDensity": 0.011528819284398341, "COUNT_area": 38, "MEAN_area": 143910.88557894735, "PropCount_km2": 1.8905472636815919, "AvgArea_km2": 71.597455511914092, "CLASS_analyses": "0", "SUM_area_swa": null, "PctWater_swa": 0.0 }, "geometry": { "type": "MultiPolygon", "coordinates": [ [ [ [ 772809.349200000055134, 9672710.685599999502301 ], [ 772850.260999999940395, 9673439.804700000211596 ], [ 773235.972400000318885, 9673824.45409999974072 ], [ 773276.881599999964237, 9674553.575300000607967 ], [ 774566.318699999712408, 9674619.717800000682473 ], [ 774776.874099999666214, 9675428.415300000458956 ], [ 775351.274000000208616, 9675869.18720000050962 ], [ 775597.296000000089407, 9675931.406199999153614 ], [ 775696.502899999730289, 9675543.352900000289083 ], [ 777232.457200000062585, 9675404.020199999213219 ], [ 777666.901399999856949, 9675067.584100000560284 ], [ 778376.129399999976158, 9675003.232599999755621 ], [ 778375.095499999821186, 9674542.237700000405312 ], [ 778373.023199999704957, 9673620.2478 ], [ 778003.967899999581277, 9673526.950400000438094 ], [ 777844.856599999591708, 9672915.873500000685453 ], [ 777506.611999999731779, 9672483.776900000870228 ], [ 777368.076100000180304, 9670495.750800000503659 ], [ 776729.315200000070035, 9670334.227399999275804 ], [ 776293.384999999776483, 9669999.747899999842048 ], [ 776047.370699999853969, 9669937.539899999275804 ], [ 775975.677699999883771, 9670760.153100000694394 ], [ 775340.256599999964237, 9670923.872999999672174 ], [ 774905.837199999950826, 9671260.3081 ], [ 774414.372499999590218, 9671386.932800000533462 ], [ 773517.518400000408292, 9672185.372700000181794 ], [ 772808.32880000025034, 9672249.708000000566244 ], [ 772809.349200000055134, 9672710.685599999502301 ] ] ] ] } },
{ "type": "Feature", "properties": { "OBJECTID": 6, "HYBAS_ID": 6090275780.0, "NEXT_DOWN": 6090275360.0, "NEXT_SINK": 6090007000.0, "MAIN_BAS": 6090007000.0, "DIST_SINK": 580.1, "DIST_MAIN": 580.1, "SUB_AREA": 679.0, "UP_AREA": 3523.1, "PFAF_ID": 622362250, "ENDO": 0, "COAST": 0, "ORDER_": 4, "SORT": 8516.0, "Shape_Length": 165583.48033507707, "Shape_Area": 676548430.54016912, "ID_basin": 3, "RdLength": 490231.05599364848, "RdDensity": 0.72198977318652202, "HyLength": 209.98581618711222, "HyDensity": 0.00030925746124758799, "COUNT_area": 2463, "MEAN_area": 49613.535116402767, "PropCount_km2": 3.6273932253313697, "AvgArea_km2": 0.73068534781152827, "CLASS_analyses": "1", "SUM_area_swa": 45.468259131330008, "PctWater_swa": 0.066963562785463934 }, "geometry": { "type": "MultiPolygon", "coordinates": [ [ [ [ 751001.613400000147521, 9659851.374500000849366 ], [ 751089.16469999961555, 9660687.686899999156594 ], [ 752631.163900000043213, 9660840.875 ], [ 755405.441399999894202, 9663458.2820999994874 ], [ 756343.950899999588728, 9663598.519999999552965 ], [ 758189.641900000162423, 9665296.0647 ], [ 759128.184000000357628, 9665436.294299999251962 ], [ 760509.564600000157952, 9666673.903699999675155 ], [ 761187.337100000120699, 9666875.307399999350309 ], [ 762532.72649999987334, 9668348.276000000536442 ], [ 762705.354299999773502, 9669458.90059999935329 ], [ 763761.36600000038743, 9670354.483300000429153 ], [ 763998.96239999961108, 9670425.094900000840425 ], [ 765195.376699999906123, 9670383.421700000762939 ], [ 765661.045300000347197, 9669921.454299999400973 ], [ 766121.39780000038445, 9669998.630400000140071 ], [ 766509.778400000184774, 9670380.568099999800324 ], [ 767976.125, 9670455.546 ], [ 768364.516499999910593, 9670837.48369999974966 ], [ 769367.446700000204146, 9670913.463400000706315 ], [ 769755.846499999985099, 9671295.401399999856949 ], [ 770295.34499999973923, 9671372.394300000742078 ], [ 771148.213999999687076, 9672214.284299999475479 ], [ 772808.32880000025034, 9672249.708000000566244 ], [ 773517.518400000408292, 9672185.372700000181794 ], [ 774414.372499999590218, 9671386.932800000533462 ], [ 774905.837199999950826, 9671260.3081 ], [ 775340.256599999964237, 9670923.872999999672174 ], [ 775975.677699999883771, 9670760.153100000694394 ], [ 776047.370699999853969, 9669937.539899999275804 ], [ 775963.719600000418723, 9669104.6228 ], [ 774893.291600000113249, 9668164.507999999448657 ], [ 771168.33559999987483, 9668036.242000000551343 ], [ 770721.301300000399351, 9667712.890900000929832 ], [ 770240.443699999712408, 9667577.33559999987483 ], [ 769793.415400000289083, 9667253.984400000423193 ], [ 769312.563099999912083, 9667118.427699999883771 ], [ 768865.54079999960959, 9666795.076500000432134 ], [ 767771.127299999818206, 9666639.119000000879169 ], [ 767693.164099999703467, 9664424.53800000064075 ], [ 767456.96100000012666, 9664352.550200000405312 ], [ 766412.752299999818206, 9663472.935399999842048 ], [ 766225.889600000344217, 9662556.75650000013411 ], [ 766790.214700000360608, 9661749.303099999204278 ], [ 764207.029699999839067, 9661594.00929999910295 ], [ 763287.211799999698997, 9660819.162900000810623 ], [ 762669.931400000117719, 9660631.052999999374151 ], [ 762510.609199999831617, 9658877.3739 ], [ 762972.514600000344217, 9658216.432099999859929 ], [ 763116.686300000175834, 9657493.173599999397993 ], [ 762560.337899999693036, 9656704.632999999448657 ], [ 761415.526300000026822, 9656529.752800000831485 ], [ 760960.137600000016391, 9656214.840600000694394 ], [ 760024.430800000205636, 9656071.897099999710917 ], [ 759100.751400000415742, 9655293.741499999538064 ], [ 758642.03000000026077, 9655614.014000000432134 ], [ 758379.001500000245869, 9655759.612400000914931 ], [ 757714.640800000168383, 9655300.1392 ], [ 757450.975899999961257, 9655155.701899999752641 ], [ 756788.647199999541044, 9655618.089700000360608 ], [ 756062.277300000190735, 9655764.6952 ], [ 755397.935499999672174, 9655305.215600000694394 ], [ 755161.772599999792874, 9655233.222899999469519 ], [ 755198.463800000026822, 9654043.08699999935925 ], [ 755660.778599999845028, 9653577.919299999251962 ], [ 755580.181300000287592, 9652659.463199999183416 ], [ 754651.499099999666214, 9651736.722999999299645 ], [ 754727.03760000038892, 9650356.701500000432134 ], [ 755148.508399999700487, 9649932.5777000002563 ], [ 754725.167500000447035, 9649510.322100000455976 ], [ 754682.219100000336766, 9647859.436699999496341 ], [ 755415.02240000013262, 9647818.719799999147654 ], [ 755801.615100000053644, 9647435.099099999293685 ], [ 756534.4205, 9647394.372899999842048 ], [ 756628.197499999776483, 9647027.3443 ], [ 757415.724600000306964, 9646824.4024 ], [ 757858.706199999898672, 9646253.121999999508262 ], [ 757983.757699999958277, 9645763.768899999558926 ], [ 758319.925400000065565, 9645330.20240000076592 ], [ 758481.595099999569356, 9644697.50760000012815 ], [ 760016.966599999926984, 9644558.098500000312924 ], [ 760451.227400000207126, 9644221.672900000587106 ], [ 760942.525500000454485, 9644095.028999999165535 ], [ 761839.026899999938905, 9643296.580399999395013 ], [ 763011.295400000177324, 9643231.1031 ], [ 762938.971099999733269, 9641948.985500000417233 ], [ 762146.04079999960959, 9641748.529200000688434 ], [ 761215.296099999919534, 9640714.122999999672174 ], [ 761086.93030000012368, 9639764.393899999558926 ], [ 760748.784599999897182, 9639332.3695 ], [ 760685.138299999758601, 9639087.978000000119209 ], [ 760609.699699999764562, 9638265.7818 ], [ 759973.777700000442564, 9638104.989900000393391 ], [ 758609.294999999925494, 9636850.856699999421835 ], [ 757994.478000000119209, 9636695.413799999281764 ], [ 757835.392300000414252, 9636084.425799999386072 ], [ 757497.267099999822676, 9635652.408299999311566 ], [ 757365.683100000023842, 9633319.899399999529123 ], [ 757027.561499999836087, 9632887.887499999254942 ], [ 756962.839599999599159, 9632182.569299999624491 ], [ 756499.592699999921024, 9632183.653300000354648 ], [ 755766.890800000168383, 9632224.450099999085069 ], [ 755380.387600000016391, 9632608.108799999579787 ], [ 755110.93099999986589, 9632647.821000000461936 ], [ 755041.726300000213087, 9632409.002000000327826 ], [ 753786.138199999928474, 9631046.1634 ], [ 753626.709400000050664, 9629973.553099999204278 ], [ 752548.010599999688566, 9629819.9024 ], [ 751912.839300000108778, 9629360.45130000077188 ], [ 751157.594800000078976, 9629498.806399999186397 ], [ 750712.236700000241399, 9629824.1402000002563 ], [ 749768.999099999666214, 9629962.9145 ], [ 749135.956100000068545, 9630425.275399999693036 ], [ 748380.091400000266731, 9630290.389699999243021 ], [ 747004.742200000211596, 9629047.397199999541044 ], [ 746764.427699999883771, 9628979.639399999752641 ], [ 746725.757000000216067, 9629247.913899999111891 ], [ 746341.981800000183284, 9629634.221000000834465 ], [ 746266.713200000114739, 9631092.572300000116229 ], [ 745882.926599999889731, 9631478.872199999168515 ], [ 745805.570600000210106, 9632015.41609999909997 ], [ 744959.591199999675155, 9632863.644300000742078 ], [ 744883.250500000081956, 9633861.081900000572205 ], [ 744037.245000000111759, 9634709.288499999791384 ], [ 743961.898299999535084, 9636167.614199999719858 ], [ 743348.852099999785423, 9636783.301300000399351 ], [ 742612.931900000199676, 9636824.181399999186397 ], [ 742613.937599999830127, 9637285.073000000789762 ], [ 742150.71030000038445, 9637286.082299999892712 ], [ 741767.740500000305474, 9637407.651699999347329 ], [ 741606.644100000150502, 9640540.056600000709295 ], [ 741001.714399999938905, 9640127.801999999210238 ], [ 740284.869800000451505, 9639981.5625 ], [ 739530.471099999733269, 9640500.435200000181794 ], [ 739259.101800000295043, 9641359.54590000025928 ], [ 736829.682199999690056, 9641519.324200000613928 ], [ 736372.991200000047684, 9641833.386 ], [ 735786.990600000135601, 9642019.331399999558926 ], [ 735676.325600000098348, 9642369.606799999251962 ], [ 735717.128100000321865, 9643098.564400000497699 ], [ 736102.60329999960959, 9643483.1732 ], [ 736147.232699999585748, 9646055.626199999824166 ], [ 735877.765300000086427, 9646095.2653 ], [ 735261.892599999904633, 9646707.434399999678135 ], [ 735183.910799999721348, 9647247.530099999159575 ], [ 734800.018600000068545, 9647633.728499999269843 ], [ 734726.314500000327826, 9650013.697599999606609 ], [ 734342.406299999915063, 9650399.887199999764562 ], [ 734266.633200000040233, 9651779.425000000745058 ], [ 734730.837500000372529, 9652242.5822 ], [ 734773.453599999658763, 9653893.275399999693036 ], [ 736866.89670000039041, 9653957.340099999681115 ], [ 737313.720200000330806, 9654280.711500000208616 ], [ 737794.398400000296533, 9654416.331700000911951 ], [ 739289.125, 9655767.497500000521541 ], [ 739480.11780000012368, 9656427.077099999412894 ], [ 739967.68680000025779, 9657030.9934 ], [ 741969.716000000014901, 9657173.097100000828505 ], [ 742416.573200000450015, 9657496.4671 ], [ 743823.907200000248849, 9657630.166600000113249 ], [ 744270.775399999693036, 9657953.534399999305606 ], [ 745349.64850000012666, 9658107.442099999636412 ], [ 745508.842699999921024, 9659180.031600000336766 ], [ 745835.765300000086427, 9659623.22550000064075 ], [ 745905.877299999818206, 9660322.946000000461936 ], [ 746638.72510000038892, 9660282.343299999833107 ], [ 748028.699900000356138, 9658896.7281 ], [ 749415.996500000357628, 9658971.980599999427795 ], [ 750268.585199999623001, 9659813.838400000706315 ], [ 751001.613400000147521, 9659851.374500000849366 ] ] ] ] } },
{ "type": "Feature", "properties": { "OBJECTID": 7, "HYBAS_ID": 6090275690.0, "NEXT_DOWN": 6090275360.0, "NEXT_SINK": 6090007000.0, "MAIN_BAS": 6090007000.0, "DIST_SINK": 580.1, "DIST_MAIN": 580.1, "SUB_AREA": 51.7, "UP_AREA": 3028.7, "PFAF_ID": 622362241, "ENDO": 0, "COAST": 0, "ORDER_": 5, "SORT": 8517.0, "Shape_Length": 31455.266064493397, "Shape_Area": 51516727.828820385, "ID_basin": 4, "RdLength": 61719.161311295538, "RdDensity": 1.1937942226556195, "HyLength": 230.47461939435954, "HyDensity": 0.0044579230056936078, "COUNT_area": 166, "MEAN_area": 113575.38643795195, "PropCount_km2": 3.2108317214700191, "AvgArea_km2": 21.968159852601922, "CLASS_analyses": "0", "SUM_area_swa": 5.1833782434, "PctWater_swa": 0.10025876679690521 }, "geometry": { "type": "MultiPolygon", "coordinates": [ [ [ [ 763998.96239999961108, 9670425.094900000840425 ], [ 763960.242899999953806, 9670693.392200000584126 ], [ 763576.243900000117719, 9671079.69539999961853 ], [ 763498.631199999712408, 9671537.587400000542402 ], [ 763963.052799999713898, 9672000.769500000402331 ], [ 764043.617200000211596, 9672919.4265 ], [ 763352.21100000012666, 9673613.530500000342727 ], [ 763079.018600000068545, 9673653.7248 ], [ 763079.998300000093877, 9674114.672700000926852 ], [ 763543.432000000029802, 9674113.6875 ], [ 763545.390800000168383, 9675035.585799999535084 ], [ 763965.005900000222027, 9675141.755200000479817 ], [ 764410.612599999643862, 9675711.110500000417233 ], [ 764554.763600000180304, 9676779.086500000208616 ], [ 765185.63329999987036, 9676938.677899999544024 ], [ 765621.509800000116229, 9677273.191500000655651 ], [ 767721.338000000454485, 9677331.474300000816584 ], [ 767799.58420000039041, 9676497.160000000149012 ], [ 768730.504300000146031, 9676358.271500000730157 ], [ 769514.215599999763072, 9676933.579800000414252 ], [ 769815.735999999567866, 9676799.079600000753999 ], [ 770258.577499999664724, 9676471.000399999320507 ], [ 770741.665900000371039, 9676336.102800000458956 ], [ 771184.505099999718368, 9676008.016799999400973 ], [ 772131.059899999760091, 9675872.101399999111891 ], [ 772573.896900000050664, 9675544.005999999120831 ], [ 773200.450199999846518, 9675369.013599999248981 ], [ 773276.881599999964237, 9674553.575300000607967 ], [ 773235.972400000318885, 9673824.45409999974072 ], [ 772850.260999999940395, 9673439.804700000211596 ], [ 772809.349200000055134, 9672710.685599999502301 ], [ 772808.32880000025034, 9672249.708000000566244 ], [ 771148.213999999687076, 9672214.284299999475479 ], [ 770295.34499999973923, 9671372.394300000742078 ], [ 769755.846499999985099, 9671295.401399999856949 ], [ 769367.446700000204146, 9670913.463400000706315 ], [ 768364.516499999910593, 9670837.48369999974966 ], [ 767976.125, 9670455.546 ], [ 766509.778400000184774, 9670380.568099999800324 ], [ 766121.39780000038445, 9669998.630400000140071 ], [ 765661.045300000347197, 9669921.454299999400973 ], [ 765195.376699999906123, 9670383.421700000762939 ], [ 763998.96239999961108, 9670425.094900000840425 ] ] ] ] } },
{ "type": "Feature", "properties": { "OBJECTID": 8, "HYBAS_ID": 6090275350.0, "NEXT_DOWN": 6090275690.0, "NEXT_SINK": 6090007000.0, "MAIN_BAS": 6090007000.0, "DIST_SINK": 590.8, "DIST_MAIN": 590.8, "SUB_AREA": 370.8, "UP_AREA": 370.8, "PFAF_ID": 622362242, "ENDO": 0, "COAST": 0, "ORDER_": 6, "SORT": 8534.0, "Shape_Length": 114983.53103861085, "Shape_Area": 369514957.46960533, "ID_basin": 5, "RdLength": 340890.30539608013, "RdDensity": 0.91933739319331209, "HyLength": 2920.9713423208464, "HyDensity": 0.0078774847419656058, "COUNT_area": 1262, "MEAN_area": 893.83301870047819, "PropCount_km2": 3.4034519956850051, "AvgArea_km2": 0.024105529091167158, "CLASS_analyses": "1", "SUM_area_swa": 13.675989433900003, "PctWater_swa": 0.036882387901564194 }, "geometry": { "type": "MultiPolygon", "coordinates": [ [ [ [ 786289.812300000339746, 9690198.974199999123812 ], [ 786243.80489999987185, 9687164.692399999126792 ], [ 785858.01410000026226, 9686780.013299999758601 ], [ 785818.110600000247359, 9686511.848600000143051 ], [ 785354.561300000175834, 9686512.876599999144673 ], [ 783722.044200000353158, 9686449.533900000154972 ], [ 782813.145499999634922, 9685663.4112 ], [ 782329.397099999710917, 9685530.577299999073148 ], [ 781885.061499999836087, 9685204.425200000405312 ], [ 780937.78870000038296, 9685072.644500000402331 ], [ 780483.486899999901652, 9684739.179500000551343 ], [ 779873.528699999675155, 9685191.010700000450015 ], [ 778941.88150000013411, 9685056.144300000742078 ], [ 778791.192999999970198, 9683520.863399999216199 ], [ 778461.301799999549985, 9683080.395700000226498 ], [ 778298.215400000102818, 9682502.74349999986589 ], [ 777868.690000000409782, 9682313.364900000393391 ], [ 777244.517300000414252, 9682775.721300000324845 ], [ 775552.451299999840558, 9682913.250900000333786 ], [ 774926.284300000406802, 9682453.619000000879169 ], [ 773979.082100000232458, 9682321.810900000855327 ], [ 773416.284099999815226, 9681908.673000000417233 ], [ 773190.24100000038743, 9681107.883899999782443 ], [ 772585.625, 9680941.872500000521541 ], [ 771676.8739, 9680155.72690000012517 ], [ 771374.764999999664724, 9680022.526100000366569 ], [ 770750.614699999801815, 9680484.839999999850988 ], [ 770045.581799999810755, 9680553.273700000718236 ], [ 769775.815200000070035, 9680514.760600000619888 ], [ 768692.57880000025034, 9679444.856599999591708 ], [ 768612.333200000226498, 9678905.208000000566244 ], [ 767762.197499999776483, 9678060.570900000631809 ], [ 767721.338000000454485, 9677331.474300000816584 ], [ 765621.509800000116229, 9677273.191500000655651 ], [ 765185.63329999987036, 9676938.677899999544024 ], [ 764554.763600000180304, 9676779.086500000208616 ], [ 764410.612599999643862, 9675711.110500000417233 ], [ 763965.005900000222027, 9675141.755200000479817 ], [ 763545.390800000168383, 9675035.585799999535084 ], [ 763543.432000000029802, 9674113.6875 ], [ 763079.998300000093877, 9674114.672700000926852 ], [ 762834.272300000302494, 9674177.952199999243021 ], [ 761924.239799999631941, 9674987.92369999922812 ], [ 761362.746199999935925, 9674556.971000000834465 ], [ 760836.054299999959767, 9674675.566199999302626 ], [ 760704.762299999594688, 9676507.008899999782443 ], [ 761181.202200000174344, 9677115.802999999374151 ], [ 760243.0455, 9678167.405899999663234 ], [ 759598.916699999943376, 9678333.227900000289083 ], [ 759164.457499999552965, 9678669.551300000399351 ], [ 758835.806599999777973, 9678795.7412 ], [ 758117.338800000026822, 9678244.269799999892712 ], [ 757929.25789999961853, 9678979.383099999278784 ], [ 756667.908200000412762, 9680336.622400000691414 ], [ 756605.308400000445545, 9680581.281199999153614 ], [ 756990.160199999809265, 9680678.6645 ], [ 757134.212600000202656, 9681746.601600000634789 ], [ 757472.339599999599159, 9682178.715199999511242 ], [ 757599.526300000026822, 9682667.523299999535084 ], [ 757937.655799999833107, 9683099.638699999079108 ], [ 758065.774500000290573, 9684049.380799999460578 ], [ 758511.33600000012666, 9684618.760099999606609 ], [ 759176.95920000039041, 9684787.227 ], [ 759612.812599999830127, 9685121.770099999383092 ], [ 760240.292299999855459, 9685280.559100000187755 ], [ 760387.417000000365078, 9686187.43779999949038 ], [ 759925.14919999986887, 9686783.115199999883771 ], [ 759867.167500000447035, 9689332.464299999177456 ], [ 760136.929700000211596, 9689371.011399999260902 ], [ 760795.661700000055134, 9690020.253699999302626 ], [ 760372.178899999707937, 9690446.068099999800324 ], [ 760299.218700000084937, 9693287.3277000002563 ], [ 759915.092600000090897, 9693673.552999999374151 ], [ 759877.225300000049174, 9694402.772199999541044 ], [ 760123.24239999987185, 9694465.044399999082088 ], [ 760559.112300000153482, 9694799.612999999895692 ], [ 761224.787800000049174, 9694968.115000000223517 ], [ 761670.369400000199676, 9695537.525399999693036 ], [ 761814.378700000233948, 9696605.500700000673532 ], [ 762445.309899999760091, 9696765.183700000867248 ], [ 763044.284099999815226, 9697224.949500000104308 ], [ 763373.001799999736249, 9697098.7851 ], [ 763807.564100000075996, 9696762.4912 ], [ 764053.343700000084937, 9696699.245899999514222 ], [ 763991.178399999625981, 9695067.791200000792742 ], [ 763531.8273, 9694506.08 ], [ 763683.096300000324845, 9694019.751199999824166 ], [ 764297.800599999725819, 9693874.4737 ], [ 764903.001199999824166, 9693354.498700000345707 ], [ 765030.482499999925494, 9692299.989199999719858 ], [ 765375.291000000201166, 9691874.8366 ], [ 765492.119800000451505, 9691377.144300000742078 ], [ 765836.922899999655783, 9690951.986999999731779 ], [ 765950.919900000095367, 9689071.425699999555945 ], [ 766531.775100000202656, 9688397.270899999886751 ], [ 767031.858, 9688798.400000000372529 ], [ 767995.764000000432134, 9688913.566199999302626 ], [ 768589.355700000189245, 9689419.408399999141693 ], [ 768674.471800000406802, 9689775.516799999400973 ], [ 768616.065999999642372, 9690024.370400000363588 ], [ 768153.729500000365078, 9690594.438200000673532 ], [ 768363.26549999974668, 9691217.630100000649691 ], [ 769854.317099999636412, 9691097.4054000005126 ], [ 770280.457000000402331, 9690752.71000000089407 ], [ 770993.943099999800324, 9690692.652599999681115 ], [ 771057.558299999684095, 9690937.074699999764562 ], [ 771395.760800000280142, 9691369.210799999535084 ], [ 771523.946100000292063, 9692319.028999999165535 ], [ 771862.150799999944866, 9692751.168299999088049 ], [ 771992.232099999673665, 9694622.93720000050962 ], [ 772330.438500000163913, 9695055.081700000911951 ], [ 772457.66469999961555, 9695543.932700000703335 ], [ 772795.873399999924004, 9695976.0793999992311 ], [ 772954.887199999764562, 9696587.145500000566244 ], [ 773743.683400000445545, 9696786.735200000926852 ], [ 774189.354799999855459, 9697356.155999999493361 ], [ 774361.490500000305474, 9698017.5456000007689 ], [ 774935.919800000265241, 9698458.386099999770522 ], [ 776572.6557, 9698517.778300000354648 ], [ 776635.263899999670684, 9698273.085799999535084 ], [ 776971.702499999664724, 9697839.535499999299645 ], [ 777141.10840000025928, 9697177.428099999204278 ], [ 777713.714999999850988, 9696734.207299999892712 ], [ 779249.961600000038743, 9696595.072599999606609 ], [ 779450.257799999788404, 9695812.026900000870228 ], [ 781666.089399999938905, 9695741.125700000673532 ], [ 781800.146200000308454, 9695217.068900000303984 ], [ 782374.744099999777973, 9695341.376900000497699 ], [ 782930.334499999880791, 9695767.718000000342727 ], [ 783153.729600000195205, 9694894.329700000584126 ], [ 784227.777700000442564, 9694750.867499999701977 ], [ 784662.335699999704957, 9694414.450899999588728 ], [ 785617.510599999688566, 9694286.854699999094009 ], [ 786052.066800000146031, 9693950.4287 ], [ 786761.44539999961853, 9693886.120699999853969 ], [ 786715.505199999548495, 9690851.8293999992311 ], [ 786329.710900000296533, 9690467.14049999974668 ], [ 786289.812300000339746, 9690198.974199999123812 ] ] ] ] } },
{ "type": "Feature", "properties": { "OBJECTID": 9, "HYBAS_ID": 6090275530.0, "NEXT_DOWN": 6090275690.0, "NEXT_SINK": 6090007000.0, "MAIN_BAS": 6090007000.0, "DIST_SINK": 591.0, "DIST_MAIN": 591.0, "SUB_AREA": 217.7, "UP_AREA": 2606.3, "PFAF_ID": 622362243, "ENDO": 0, "COAST": 0, "ORDER_": 5, "SORT": 8535.0, "Shape_Length": 66838.267155036083, "Shape_Area": 216900535.0406104, "ID_basin": 6, "RdLength": 192521.84712743579, "RdDensity": 0.88434472727347635, "HyLength": 1158.5433212615005, "HyDensity": 0.0053217424035898056, "COUNT_area": 459, "MEAN_area": 36547.376684095907, "PropCount_km2": 2.1084060633899862, "AvgArea_km2": 1.6787954379465277, "CLASS_analyses": "0", "SUM_area_swa": 18.318120849539998, "PctWater_swa": 0.084143871610197513 }, "geometry": { "type": "MultiPolygon", "coordinates": [ [ [ [ 750567.808899999596179, 9674140.616599999368191 ], [ 750813.775899999774992, 9674202.871799999848008 ], [ 751249.570000000298023, 9674537.397399999201298 ], [ 751880.359899999573827, 9674697.033700000494719 ], [ 752024.397699999623001, 9675764.937899999320507 ], [ 752362.496600000187755, 9676197.038799999281764 ], [ 752491.533699999563396, 9677607.665100000798702 ], [ 752829.635099999606609, 9678039.769799999892712 ], [ 752956.808799999766052, 9678528.565300000831485 ], [ 753294.912800000049174, 9678960.671900000423193 ], [ 753358.499900000169873, 9679205.07039999961853 ], [ 754185.442099999636412, 9679276.54700000025332 ], [ 754394.756400000303984, 9680081.0152000002563 ], [ 754969.015599999576807, 9680521.838700000196695 ], [ 756605.308400000445545, 9680581.281199999153614 ], [ 756667.908200000412762, 9680336.622400000691414 ], [ 757929.25789999961853, 9678979.383099999278784 ], [ 758117.338800000026822, 9678244.269799999892712 ], [ 758835.806599999777973, 9678795.7412 ], [ 759164.457499999552965, 9678669.551300000399351 ], [ 759598.916699999943376, 9678333.227900000289083 ], [ 760243.0455, 9678167.405899999663234 ], [ 761181.202200000174344, 9677115.802999999374151 ], [ 760704.762299999594688, 9676507.008899999782443 ], [ 760836.054299999959767, 9674675.566199999302626 ], [ 761362.746199999935925, 9674556.971000000834465 ], [ 761924.239799999631941, 9674987.92369999922812 ], [ 762834.272300000302494, 9674177.952199999243021 ], [ 763079.998300000093877, 9674114.672700000926852 ], [ 763079.018600000068545, 9673653.7248 ], [ 763352.21100000012666, 9673613.530500000342727 ], [ 764043.617200000211596, 9672919.4265 ], [ 763963.052799999713898, 9672000.769500000402331 ], [ 763498.631199999712408, 9671537.587400000542402 ], [ 763576.243900000117719, 9671079.69539999961853 ], [ 763960.242899999953806, 9670693.392200000584126 ], [ 763998.96239999961108, 9670425.094900000840425 ], [ 763761.36600000038743, 9670354.483300000429153 ], [ 762705.354299999773502, 9669458.90059999935329 ], [ 762532.72649999987334, 9668348.276000000536442 ], [ 761187.337100000120699, 9666875.307399999350309 ], [ 760509.564600000157952, 9666673.903699999675155 ], [ 759128.184000000357628, 9665436.294299999251962 ], [ 758189.641900000162423, 9665296.0647 ], [ 756343.950899999588728, 9663598.519999999552965 ], [ 755405.441399999894202, 9663458.2820999994874 ], [ 752631.163900000043213, 9660840.875 ], [ 751089.16469999961555, 9660687.686899999156594 ], [ 751001.613400000147521, 9659851.374500000849366 ], [ 750268.585199999623001, 9659813.838400000706315 ], [ 749415.996500000357628, 9658971.980599999427795 ], [ 748028.699900000356138, 9658896.7281 ], [ 746638.72510000038892, 9660282.343299999833107 ], [ 745905.877299999818206, 9660322.946000000461936 ], [ 745953.306900000199676, 9664278.23960000090301 ], [ 746803.153900000266731, 9665122.837300000712276 ], [ 746883.776499999687076, 9666119.945800000801682 ], [ 748197.943099999800324, 9667424.507999999448657 ], [ 748241.541600000113249, 9669536.233899999409914 ], [ 748281.379700000397861, 9669804.340099999681115 ], [ 748666.950699999928474, 9670188.9967 ], [ 748746.626899999566376, 9670725.210699999704957 ], [ 749132.201200000010431, 9671109.869000000879169 ], [ 749212.811099999584258, 9672106.992200000211596 ], [ 750062.711400000378489, 9672951.6239 ], [ 750104.41330000013113, 9674141.55320000089705 ], [ 750567.808899999596179, 9674140.616599999368191 ] ] ] ] } },
{ "type": "Feature", "properties": { "OBJECTID": 10, "HYBAS_ID": 6090275340.0, "NEXT_DOWN": 6090275530.0, "NEXT_SINK": 6090007000.0, "MAIN_BAS": 6090007000.0, "DIST_SINK": 609.3, "DIST_MAIN": 609.3, "SUB_AREA": 14.4, "UP_AREA": 1683.3, "PFAF_ID": 622362245, "ENDO": 0, "COAST": 0, "ORDER_": 5, "SORT": 8562.0, "Shape_Length": 18279.753169968306, "Shape_Area": 14314911.982071484, "ID_basin": 7, "RdLength": 5031.8521910915597, "RdDensity": 0.34943417993691389, "HyLength": 230.45315292922044, "HyDensity": 0.016003691175640308, "COUNT_area": 31, "MEAN_area": 230.57375161290324, "PropCount_km2": 2.1527777777777777, "AvgArea_km2": 0.16012066084229393, "CLASS_analyses": "0", "SUM_area_swa": null, "PctWater_swa": 0.0 }, "geometry": { "type": "MultiPolygon", "coordinates": [ [ [ [ 750567.808899999596179, 9674140.616599999368191 ], [ 750104.41330000013113, 9674141.55320000089705 ], [ 750003.613599999807775, 9674535.451899999752641 ], [ 748251.767599999904633, 9674606.186699999496341 ], [ 748316.268600000068545, 9675311.483300000429153 ], [ 748654.346800000406802, 9675743.583499999716878 ], [ 748782.588100000284612, 9676775.268699999898672 ], [ 748256.363599999807775, 9676910.709499999880791 ], [ 748257.278800000436604, 9677371.614 ], [ 749184.084699999541044, 9677369.77140000090003 ], [ 749430.054100000299513, 9677432.033600000664592 ], [ 749865.845300000160933, 9677766.56980000063777 ], [ 750936.51630000025034, 9677905.089199999347329 ], [ 751440.31319999974221, 9678503.479299999773502 ], [ 751606.2829, 9679141.369599999859929 ], [ 753358.499900000169873, 9679205.07039999961853 ], [ 753294.912800000049174, 9678960.671900000423193 ], [ 752956.808799999766052, 9678528.565300000831485 ], [ 752829.635099999606609, 9678039.769799999892712 ], [ 752491.533699999563396, 9677607.665100000798702 ], [ 752362.496600000187755, 9676197.038799999281764 ], [ 752024.397699999623001, 9675764.937899999320507 ], [ 751880.359899999573827, 9674697.033700000494719 ], [ 751249.570000000298023, 9674537.397399999201298 ], [ 750813.775899999774992, 9674202.871799999848008 ], [ 750567.808899999596179, 9674140.616599999368191 ] ] ] ] } },
{ "type": "Feature", "properties": { "OBJECTID": 11, "HYBAS_ID": 6090275460.0, "NEXT_DOWN": 6090275530.0, "NEXT_SINK": 6090007000.0, "MAIN_BAS": 6090007000.0, "DIST_SINK": 609.3, "DIST_MAIN": 609.3, "SUB_AREA": 705.2, "UP_AREA": 705.4, "PFAF_ID": 622362244, "ENDO": 0, "COAST": 0, "ORDER_": 6, "SORT": 8563.0, "Shape_Length": 144104.42658198343, "Shape_Area": 702433217.49819362, "ID_basin": 8, "RdLength": 318025.13816369907, "RdDensity": 0.45097155156508656, "HyLength": 4039.603163104312, "HyDensity": 0.0057283085126266474, "COUNT_area": 2014, "MEAN_area": 15306.661750347577, "PropCount_km2": 2.855927396483267, "AvgArea_km2": 0.21705419385064631, "CLASS_analyses": "1", "SUM_area_swa": 95.308821768940007, "PctWater_swa": 0.13515147726735677 }, "geometry": { "type": "MultiPolygon", "coordinates": [ [ [ [ 717148.099399999715388, 9642406.785499999299645 ], [ 715397.055100000463426, 9642477.344900000840425 ], [ 715233.663399999961257, 9643115.748999999836087 ], [ 714897.428600000217557, 9643549.083100000396371 ], [ 714772.232300000265241, 9644038.267300000414252 ], [ 713973.676699999719858, 9644933.288100000470877 ], [ 713849.33739999961108, 9645883.284199999645352 ], [ 712923.163099999539554, 9646921.291400000452995 ], [ 712279.345999999903142, 9647086.931600000709295 ], [ 711845.049200000241399, 9647423.07149999961257 ], [ 711353.821299999952316, 9647549.458000000566244 ], [ 710919.521399999968708, 9647885.591700000688434 ], [ 710210.718799999915063, 9647949.632799999788404 ], [ 710279.798299999907613, 9648188.4233 ], [ 710606.518699999898672, 9648631.608300000429153 ], [ 710784.32079999987036, 9649246.03319999948144 ], [ 711843.114699999801815, 9649397.355100000277162 ], [ 713681.960500000044703, 9651100.644099999219179 ], [ 715088.95990000013262, 9651234.61710000038147 ], [ 715535.662700000219047, 9651558.026000000536442 ], [ 716942.683299999684095, 9651691.981100000441074 ], [ 717389.396800000220537, 9652015.3871 ], [ 718474.579599999822676, 9652170.407400000840425 ], [ 718627.83629999961704, 9653702.765699999406934 ], [ 718954.605700000189245, 9654145.955900000408292 ], [ 719092.798799999989569, 9654623.552799999713898 ], [ 719419.57120000012219, 9655066.744400000199676 ], [ 719489.531600000336766, 9655766.372899999842048 ], [ 719426.919200000353158, 9656010.969100000336766 ], [ 719090.624699999578297, 9656444.300799999386072 ], [ 718965.395299999974668, 9656933.490900000557303 ], [ 718166.702899999916553, 9657828.503499999642372 ], [ 718026.850300000049174, 9658896.750199999660254 ], [ 717642.534900000318885, 9658995.6009 ], [ 717643.38190000038594, 9659456.425599999725819 ], [ 717706.902200000360608, 9659700.785299999639392 ], [ 718044.807400000281632, 9660132.865000000223517 ], [ 718171.848799999803305, 9660621.585699999704957 ], [ 718509.757100000046194, 9661053.666600000113249 ], [ 718639.033499999903142, 9662762.972300000488758 ], [ 718176.850300000049174, 9663358.413499999791384 ], [ 718052.42850000038743, 9664308.420099999755621 ], [ 717716.088399999774992, 9664741.729100000113249 ], [ 717590.531200000084937, 9665069.011800000444055 ], [ 718054.880099999718368, 9665662.769200000911951 ], [ 718198.640999999828637, 9666730.496999999508262 ], [ 718829.233300000429153, 9666890.244000000879169 ], [ 719728.967899999581277, 9667684.793500000610948 ], [ 720220.761599999852479, 9667809.386399999260902 ], [ 720794.75870000012219, 9668250.239 ], [ 720966.640300000086427, 9668911.43779999949038 ], [ 721304.567300000227988, 9669343.532199999317527 ], [ 721369.75650000013411, 9670509.564200000837445 ], [ 722078.738199999555945, 9670445.53830000013113 ], [ 722513.156200000084937, 9670109.397399999201298 ], [ 723004.510900000110269, 9669983.017100000753999 ], [ 723438.926099999807775, 9669646.869999999180436 ], [ 724508.82050000037998, 9669504.270400000736117 ], [ 725010.198099999688566, 9668904.040300000458956 ], [ 725174.345099999569356, 9668262.87529999949038 ], [ 726214.498700000345707, 9667337.526000000536442 ], [ 726828.702399999834597, 9667179.537499999627471 ], [ 726922.614599999971688, 9666812.61009999923408 ], [ 727655.575100000016391, 9666850.313999999314547 ], [ 728507.917600000277162, 9667692.256699999794364 ], [ 729047.238199999555945, 9667769.399900000542402 ], [ 729435.412499999627471, 9668151.363600000739098 ], [ 730631.710099999792874, 9668188.180700000375509 ], [ 730695.254099999554455, 9668432.553999999538064 ], [ 731033.233900000341237, 9668864.643999999389052 ], [ 731192.075799999758601, 9669475.5976 ], [ 731980.466699999757111, 9669675.241900000721216 ], [ 732425.837500000372529, 9670244.586300000548363 ], [ 732553.804100000299513, 9671194.199400000274181 ], [ 733820.223799999803305, 9672546.265100000426173 ], [ 733964.751600000075996, 9673618.684699999168515 ], [ 734484.428600000217557, 9673733.5176 ], [ 735028.993999999947846, 9673312.082800000905991 ], [ 735983.737099999561906, 9673184.767899999395013 ], [ 736580.709800000302494, 9672722.751499999314547 ], [ 736909.799700000323355, 9672847.615199999883771 ], [ 738274.00719999987632, 9674102.127800000831485 ], [ 738519.949699999764562, 9674164.402599999681115 ], [ 738559.75829999987036, 9674432.497199999168515 ], [ 738945.28000000026077, 9674817.1721 ], [ 738985.974799999967217, 9675546.146299999207258 ], [ 741572.383100000210106, 9675502.067900000140071 ], [ 741959.142699999734759, 9675118.592399999499321 ], [ 743424.994199999608099, 9675037.563100000843406 ], [ 743890.711500000208616, 9674575.755200000479817 ], [ 744351.002000000327826, 9674653.0154 ], [ 744777.275299999862909, 9675072.375700000673532 ], [ 745201.892599999904633, 9674651.336500000208616 ], [ 748251.767599999904633, 9674606.186699999496341 ], [ 750003.613599999807775, 9674535.451899999752641 ], [ 750104.41330000013113, 9674141.55320000089705 ], [ 750062.711400000378489, 9672951.6239 ], [ 749212.811099999584258, 9672106.992200000211596 ], [ 749132.201200000010431, 9671109.869000000879169 ], [ 748746.626899999566376, 9670725.210699999704957 ], [ 748666.950699999928474, 9670188.9967 ], [ 748281.379700000397861, 9669804.340099999681115 ], [ 748241.541600000113249, 9669536.233899999409914 ], [ 748197.943099999800324, 9667424.507999999448657 ], [ 746883.776499999687076, 9666119.945800000801682 ], [ 746803.153900000266731, 9665122.837300000712276 ], [ 745953.306900000199676, 9664278.23960000090301 ], [ 745905.877299999818206, 9660322.946000000461936 ], [ 745835.765300000086427, 9659623.22550000064075 ], [ 745508.842699999921024, 9659180.031600000336766 ], [ 745349.64850000012666, 9658107.442099999636412 ], [ 744270.775399999693036, 9657953.534399999305606 ], [ 743823.907200000248849, 9657630.166600000113249 ], [ 742416.573200000450015, 9657496.4671 ], [ 741969.716000000014901, 9657173.097100000828505 ], [ 739967.68680000025779, 9657030.9934 ], [ 739480.11780000012368, 9656427.077099999412894 ], [ 739289.125, 9655767.497500000521541 ], [ 737794.398400000296533, 9654416.331700000911951 ], [ 737313.720200000330806, 9654280.711500000208616 ], [ 736866.89670000039041, 9653957.340099999681115 ], [ 734773.453599999658763, 9653893.275399999693036 ], [ 734730.837500000372529, 9652242.5822 ], [ 734266.633200000040233, 9651779.425000000745058 ], [ 734342.406299999915063, 9650399.887199999764562 ], [ 734726.314500000327826, 9650013.697599999606609 ], [ 734800.018600000068545, 9647633.728499999269843 ], [ 735183.910799999721348, 9647247.530099999159575 ], [ 735261.892599999904633, 9646707.434399999678135 ], [ 735877.765300000086427, 9646095.2653 ], [ 736147.232699999585748, 9646055.626199999824166 ], [ 736102.60329999960959, 9643483.1732 ], [ 735717.128100000321865, 9643098.564400000497699 ], [ 735676.325600000098348, 9642369.606799999251962 ], [ 734839.267500000074506, 9642452.664799999445677 ], [ 734683.631099999882281, 9643532.368899999186397 ], [ 734193.615699999965727, 9644144.501900000497699 ], [ 731511.07880000025034, 9644221.682700000703335 ], [ 731448.509700000286102, 9644466.306199999526143 ], [ 730944.024600000120699, 9645070.639499999582767 ], [ 729577.16399999987334, 9645210.074999999254942 ], [ 728978.544800000265241, 9644750.4254 ], [ 728486.798299999907613, 9644625.925599999725819 ], [ 727587.035500000230968, 9643831.5164 ], [ 725126.039200000464916, 9643704.720200000330806 ], [ 724960.645999999716878, 9643068.685200000181794 ], [ 724452.588999999687076, 9642465.023800000548363 ], [ 722923.705500000156462, 9642332.7796 ], [ 722488.119300000369549, 9641998.285499999299645 ], [ 720143.64919999986887, 9641877.404899999499321 ], [ 719708.07880000025034, 9641542.906199999153614 ], [ 718072.682199999690056, 9641483.344900000840425 ], [ 718033.924599999561906, 9641751.561699999496341 ], [ 717421.152900000102818, 9642366.657299999147654 ], [ 717148.099399999715388, 9642406.785499999299645 ] ] ] ] } },
{ "type": "Feature", "properties": { "OBJECTID": 12, "HYBAS_ID": 6090274610.0, "NEXT_DOWN": 6090275340.0, "NEXT_SINK": 6090007000.0, "MAIN_BAS": 6090007000.0, "DIST_SINK": 613.1, "DIST_MAIN": 613.1, "SUB_AREA": 289.3, "UP_AREA": 1341.0, "PFAF_ID": 622362247, "ENDO": 0, "COAST": 0, "ORDER_": 5, "SORT": 8576.0, "Shape_Length": 88221.447346729634, "Shape_Area": 288223072.87565517, "ID_basin": 9, "RdLength": 264689.76281000895, "RdDensity": 0.91493177604565834, "HyLength": 291.21662486460366, "HyDensity": 0.0010066250427397292, "COUNT_area": 899, "MEAN_area": 119.77414293659643, "PropCount_km2": 3.1075008641548565, "AvgArea_km2": 0.0041401362923123549, "CLASS_analyses": "1", "SUM_area_swa": 1.0723310911699999, "PctWater_swa": 0.0037066404810577251 }, "geometry": { "type": "MultiPolygon", "coordinates": [ [ [ [ 747343.999900000169873, 9684286.974199999123812 ], [ 746517.348399999551475, 9684361.711799999698997 ], [ 746355.417100000195205, 9684994.299000000581145 ], [ 744919.003499999642372, 9686527.3158 ], [ 742631.253999999724329, 9686663.2039 ], [ 742032.44579999987036, 9686203.442299999296665 ], [ 741239.901399999856949, 9686079.432700000703335 ], [ 740642.8295, 9686541.435900000855327 ], [ 739224.542700000107288, 9686669.575500000268221 ], [ 738790.038599999621511, 9687005.7643 ], [ 738298.57660000026226, 9687132.169600000604987 ], [ 737401.507699999958277, 9687930.078600000590086 ], [ 735302.148199999704957, 9687996.662000000476837 ], [ 735263.339800000190735, 9688264.898 ], [ 734800.776200000196695, 9688729.850199999287724 ], [ 734881.029400000348687, 9689648.1974 ], [ 735266.543300000019372, 9690032.908600000664592 ], [ 735346.104700000025332, 9690569.095799999311566 ], [ 735810.357400000095367, 9691032.372400000691414 ], [ 735734.247100000269711, 9692411.877000000327826 ], [ 734385.572300000116229, 9693760.700400000438094 ], [ 735546.219600000418723, 9694907.749099999666214 ], [ 736008.98340000025928, 9694449.11009999923408 ], [ 736899.406299999915063, 9695328.644099999219179 ], [ 737169.134499999694526, 9695367.242799999192357 ], [ 738341.757500000298023, 9695302.390699999406934 ], [ 738776.305700000375509, 9694966.225999999791384 ], [ 740658.128200000151992, 9694837.319199999794364 ], [ 741092.674100000411272, 9694501.141100000590086 ], [ 742166.469800000078976, 9694358.056700000539422 ], [ 742365.424300000071526, 9693581.105200000107288 ], [ 746054.140700000338256, 9693444.6952 ], [ 746652.990699999965727, 9693904.475199999287724 ], [ 746982.149100000038743, 9694029.3618 ], [ 747579.276800000108778, 9693567.339400000870228 ], [ 749298.347000000067055, 9693438.592800000682473 ], [ 749897.220300000160933, 9693898.3673 ], [ 750226.388299999758601, 9694023.248199999332428 ], [ 750838.167000000365078, 9693549.865000000223517 ], [ 751460.880099999718368, 9694064.317900000140071 ], [ 751599.820000000298023, 9695585.149599999189377 ], [ 752866.628899999894202, 9696937.3618 ], [ 752930.196100000292063, 9697181.766200000420213 ], [ 753393.683000000193715, 9697180.886 ], [ 753663.2977, 9697141.28800000064075 ], [ 754129.150899999774992, 9696679.479000000283122 ], [ 755516.527099999599159, 9696754.99379999935627 ], [ 755904.864299999549985, 9697137.003200000151992 ], [ 756638.128999999724329, 9697174.679199999198318 ], [ 757006.806800000369549, 9697079.836100000888109 ], [ 757163.369099999777973, 9696468.204700000584126 ], [ 757499.817800000309944, 9696034.755200000479817 ], [ 757663.972400000318885, 9695393.453199999406934 ], [ 758704.465499999932945, 9694467.8301 ], [ 759877.225300000049174, 9694402.772199999541044 ], [ 759915.092600000090897, 9693673.552999999374151 ], [ 760299.218700000084937, 9693287.3277000002563 ], [ 760372.178899999707937, 9690446.068099999800324 ], [ 760795.661700000055134, 9690020.253699999302626 ], [ 760136.929700000211596, 9689371.011399999260902 ], [ 759867.167500000447035, 9689332.464299999177456 ], [ 759925.14919999986887, 9686783.115199999883771 ], [ 760387.417000000365078, 9686187.43779999949038 ], [ 760240.292299999855459, 9685280.559100000187755 ], [ 759612.812599999830127, 9685121.770099999383092 ], [ 759176.95920000039041, 9684787.227 ], [ 758511.33600000012666, 9684618.760099999606609 ], [ 758065.774500000290573, 9684049.380799999460578 ], [ 757937.655799999833107, 9683099.638699999079108 ], [ 757599.526300000026822, 9682667.523299999535084 ], [ 757472.339599999599159, 9682178.715199999511242 ], [ 757134.212600000202656, 9681746.601600000634789 ], [ 756990.160199999809265, 9680678.6645 ], [ 756605.308400000445545, 9680581.281199999153614 ], [ 754969.015599999576807, 9680521.838700000196695 ], [ 754394.756400000303984, 9680081.0152000002563 ], [ 754185.442099999636412, 9679276.54700000025332 ], [ 753358.499900000169873, 9679205.07039999961853 ], [ 751606.2829, 9679141.369599999859929 ], [ 751440.31319999974221, 9678503.479299999773502 ], [ 750936.51630000025034, 9677905.089199999347329 ], [ 749865.845300000160933, 9677766.56980000063777 ], [ 749430.054100000299513, 9677432.033600000664592 ], [ 749184.084699999541044, 9677369.77140000090003 ], [ 748257.278800000436604, 9677371.614 ], [ 747888.682799999602139, 9677466.4539 ], [ 747732.181699999608099, 9678078.0777000002563 ], [ 747395.816399999894202, 9678511.5143 ], [ 747270.59499999973923, 9679000.795700000599027 ], [ 746923.277499999850988, 9679448.314999999478459 ], [ 747272.349999999627471, 9679894.467599999159575 ], [ 747399.493999999947846, 9680383.253100000321865 ], [ 747737.567300000227988, 9680815.363500000908971 ], [ 747865.337700000032783, 9681624.209699999541044 ], [ 746940.519700000062585, 9682660.531300000846386 ], [ 746815.859299999661744, 9683448.784800000488758 ], [ 747280.432000000029802, 9684042.5801 ], [ 747343.999900000169873, 9684286.974199999123812 ] ] ] ] } },
{ "type": "Feature", "properties": { "OBJECTID": 13, "HYBAS_ID": 6090274900.0, "NEXT_DOWN": 6090275340.0, "NEXT_SINK": 6090007000.0, "MAIN_BAS": 6090007000.0, "DIST_SINK": 613.3, "DIST_MAIN": 613.3, "SUB_AREA": 328.3, "UP_AREA": 328.3, "PFAF_ID": 622362246, "ENDO": 0, "COAST": 0, "ORDER_": 6, "SORT": 8577.0, "Shape_Length": 91714.231833190337, "Shape_Area": 327060843.85242754, "ID_basin": 10, "RdLength": 208996.22496978642, "RdDensity": 0.63660135537552975, "HyLength": 1348.6696238088175, "HyDensity": 0.0041080402796491548, "COUNT_area": 1258, "MEAN_area": 34710.912561208301, "PropCount_km2": 3.8318611026500151, "AvgArea_km2": 1.0572924934879164, "CLASS_analyses": "1", "SUM_area_swa": 352.64082985399995, "PctWater_swa": 1.074142034279622 }, "geometry": { "type": "MultiPolygon", "coordinates": [ [ [ [ 726922.614599999971688, 9666812.61009999923408 ], [ 726828.702399999834597, 9667179.537499999627471 ], [ 726214.498700000345707, 9667337.526000000536442 ], [ 725174.345099999569356, 9668262.87529999949038 ], [ 725010.198099999688566, 9668904.040300000458956 ], [ 724508.82050000037998, 9669504.270400000736117 ], [ 723438.926099999807775, 9669646.869999999180436 ], [ 723004.510900000110269, 9669983.017100000753999 ], [ 722513.156200000084937, 9670109.397399999201298 ], [ 722078.738199999555945, 9670445.53830000013113 ], [ 721369.75650000013411, 9670509.564200000837445 ], [ 721330.953499999828637, 9670777.779400000348687 ], [ 720717.56290000025183, 9671393.141699999570847 ], [ 719981.504300000146031, 9671433.72749999910593 ], [ 719942.696899999864399, 9671701.939999999478459 ], [ 719558.655600000172853, 9672088.001599999144673 ], [ 719481.716400000266731, 9673006.573000000789762 ], [ 719945.85149999987334, 9673469.802699999883771 ], [ 720025.381299999542534, 9674005.947200000286102 ], [ 720410.80449999962002, 9674390.638299999758601 ], [ 720450.569600000046194, 9674658.711100000888109 ], [ 721646.866200000047684, 9674695.657299999147654 ], [ 722499.15639999974519, 9675537.649599999189377 ], [ 722768.820899999700487, 9675576.245100000873208 ], [ 723166.420099999755621, 9675676.978499999269843 ], [ 723237.088299999944866, 9678340.438799999654293 ], [ 724409.688099999912083, 9678401.090099999681115 ], [ 725309.519500000402331, 9679195.678899999707937 ], [ 725801.371799999848008, 9679320.284399999305606 ], [ 726237.042100000195205, 9679654.8607 ], [ 726728.899299999698997, 9679779.464400000870228 ], [ 727628.760800000280142, 9680574.0537 ], [ 728243.611700000241399, 9680729.787000000476837 ], [ 728438.256799999624491, 9681478.694900000467896 ], [ 729512.379399999976158, 9681617.845599999651313 ], [ 729948.072200000286102, 9681952.421700000762939 ], [ 730194.011199999600649, 9682014.721000000834465 ], [ 730155.204400000162423, 9682282.949200000613928 ], [ 729771.11739999987185, 9682669.040699999779463 ], [ 729693.499200000427663, 9683205.495100000873208 ], [ 729309.406899999827147, 9683591.5822 ], [ 729270.595499999821186, 9683859.808299999684095 ], [ 730108.232699999585748, 9683939.61119999922812 ], [ 730268.103600000031292, 9685018.6678 ], [ 730594.942599999718368, 9685461.910199999809265 ], [ 730767.71030000038445, 9686058.936899999156594 ], [ 731579.2027000002563, 9686288.114 ], [ 731987.590300000272691, 9686842.001499999314547 ], [ 732192.3902000002563, 9687549.670700000599027 ], [ 732931.163599999621511, 9687010.910599999129772 ], [ 734150.654799999669194, 9687145.334300000220537 ], [ 735061.761400000192225, 9687928.782500000670552 ], [ 735302.148199999704957, 9687996.662000000476837 ], [ 737401.507699999958277, 9687930.078600000590086 ], [ 738298.57660000026226, 9687132.169600000604987 ], [ 738790.038599999621511, 9687005.7643 ], [ 739224.542700000107288, 9686669.575500000268221 ], [ 740642.8295, 9686541.435900000855327 ], [ 741239.901399999856949, 9686079.432700000703335 ], [ 742032.44579999987036, 9686203.442299999296665 ], [ 742631.253999999724329, 9686663.2039 ], [ 744919.003499999642372, 9686527.3158 ], [ 746355.417100000195205, 9684994.299000000581145 ], [ 746517.348399999551475, 9684361.711799999698997 ], [ 747343.999900000169873, 9684286.974199999123812 ], [ 747280.432000000029802, 9684042.5801 ], [ 746815.859299999661744, 9683448.784800000488758 ], [ 746940.519700000062585, 9682660.531300000846386 ], [ 747865.337700000032783, 9681624.209699999541044 ], [ 747737.567300000227988, 9680815.363500000908971 ], [ 747399.493999999947846, 9680383.253100000321865 ], [ 747272.349999999627471, 9679894.467599999159575 ], [ 746923.277499999850988, 9679448.314999999478459 ], [ 747270.59499999973923, 9679000.795700000599027 ], [ 747395.816399999894202, 9678511.5143 ], [ 747732.181699999608099, 9678078.0777000002563 ], [ 747888.682799999602139, 9677466.4539 ], [ 748257.278800000436604, 9677371.614 ], [ 748256.363599999807775, 9676910.709499999880791 ], [ 748782.588100000284612, 9676775.268699999898672 ], [ 748654.346800000406802, 9675743.583499999716878 ], [ 748316.268600000068545, 9675311.483300000429153 ], [ 748251.767599999904633, 9674606.186699999496341 ], [ 745201.892599999904633, 9674651.336500000208616 ], [ 744777.275299999862909, 9675072.375700000673532 ], [ 744351.002000000327826, 9674653.0154 ], [ 743890.711500000208616, 9674575.755200000479817 ], [ 743424.994199999608099, 9675037.563100000843406 ], [ 741959.142699999734759, 9675118.592399999499321 ], [ 741572.383100000210106, 9675502.067900000140071 ], [ 738985.974799999967217, 9675546.146299999207258 ], [ 738945.28000000026077, 9674817.1721 ], [ 738559.75829999987036, 9674432.497199999168515 ], [ 738519.949699999764562, 9674164.402599999681115 ], [ 738274.00719999987632, 9674102.127800000831485 ], [ 736909.799700000323355, 9672847.615199999883771 ], [ 736580.709800000302494, 9672722.751499999314547 ], [ 735983.737099999561906, 9673184.767899999395013 ], [ 735028.993999999947846, 9673312.082800000905991 ], [ 734484.428600000217557, 9673733.5176 ], [ 733964.751600000075996, 9673618.684699999168515 ], [ 733820.223799999803305, 9672546.265100000426173 ], [ 732553.804100000299513, 9671194.199400000274181 ], [ 732425.837500000372529, 9670244.586300000548363 ], [ 731980.466699999757111, 9669675.241900000721216 ], [ 731192.075799999758601, 9669475.5976 ], [ 731033.233900000341237, 9668864.643999999389052 ], [ 730695.254099999554455, 9668432.553999999538064 ], [ 730631.710099999792874, 9668188.180700000375509 ], [ 729435.412499999627471, 9668151.363600000739098 ], [ 729047.238199999555945, 9667769.399900000542402 ], [ 728507.917600000277162, 9667692.256699999794364 ], [ 727655.575100000016391, 9666850.313999999314547 ], [ 726922.614599999971688, 9666812.61009999923408 ] ] ] ] } },
{ "type": "Feature", "properties": { "OBJECTID": 14, "HYBAS_ID": 6090283880.0, "NEXT_DOWN": 6090275780.0, "NEXT_SINK": 6090007000.0, "MAIN_BAS": 6090007000.0, "DIST_SINK": 634.7, "DIST_MAIN": 634.7, "SUB_AREA": 66.3, "UP_AREA": 2536.1, "PFAF_ID": 622362270, "ENDO": 0, "COAST": 0, "ORDER_": 4, "SORT": 8614.0, "Shape_Length": 38229.476542700606, "Shape_Area": 66097555.55227609, "ID_basin": 11, "RdLength": 28947.179189547332, "RdDensity": 0.43660903754973351, "HyLength": 6326.4727573802566, "HyDensity": 0.095421911876021961, "COUNT_area": 175, "MEAN_area": 27176.324678285713, "PropCount_km2": 2.6395173453996983, "AvgArea_km2": 4.098993164145659, "CLASS_analyses": "0", "SUM_area_swa": null, "PctWater_swa": 0.0 }, "geometry": { "type": "MultiPolygon", "coordinates": [ [ [ [ 741663.087899999693036, 9626225.74210000038147 ], [ 741199.910000000149012, 9626226.778000000864267 ], [ 741200.939100000075996, 9626687.666600000113249 ], [ 741201.967000000178814, 9627148.55519999936223 ], [ 740469.363699999637902, 9627189.268100000917912 ], [ 740082.872899999842048, 9627572.848999999463558 ], [ 739080.848799999803305, 9627653.2292 ], [ 738694.353500000201166, 9628036.800899999216199 ], [ 737771.412800000049174, 9628116.991599999368191 ], [ 737303.987200000323355, 9627657.1349 ], [ 736843.50899999961257, 9627579.978900000452995 ], [ 735454.135700000450015, 9628965.632400000467896 ], [ 735184.714499999769032, 9629005.296700000762939 ], [ 735293.192400000058115, 9629422.129499999806285 ], [ 735867.200799999758601, 9629862.823000000789762 ], [ 736497.711500000208616, 9630022.358999999240041 ], [ 736657.114400000311434, 9631203.275900000706315 ], [ 738189.126899999566376, 9632623.067399999126792 ], [ 739144.066499999724329, 9632746.490399999544024 ], [ 739579.725899999961257, 9633080.9287 ], [ 740194.430399999953806, 9633236.442600000649691 ], [ 740353.407999999821186, 9633847.387000000104308 ], [ 740702.429999999701977, 9634293.448899999260902 ], [ 740296.938400000333786, 9634816.394500000402331 ], [ 741438.5921, 9635842.2083 ], [ 742053.318799999542534, 9635997.723600000143051 ], [ 742244.083899999968708, 9636730.879699999466538 ], [ 742612.931900000199676, 9636824.181399999186397 ], [ 743348.852099999785423, 9636783.301300000399351 ], [ 743961.898299999535084, 9636167.614199999719858 ], [ 744037.245000000111759, 9634709.288499999791384 ], [ 744883.250500000081956, 9633861.081900000572205 ], [ 744959.591199999675155, 9632863.644300000742078 ], [ 745805.570600000210106, 9632015.41609999909997 ], [ 745882.926599999889731, 9631478.872199999168515 ], [ 746266.713200000114739, 9631092.572300000116229 ], [ 746341.981800000183284, 9629634.221000000834465 ], [ 746725.757000000216067, 9629247.913899999111891 ], [ 746764.427699999883771, 9628979.639399999752641 ], [ 746692.191999999806285, 9627697.6458 ], [ 746298.086500000208616, 9627597.981699999421835 ], [ 746052.209800000302494, 9627535.788599999621511 ], [ 745616.524500000290573, 9627201.377299999818206 ], [ 744361.121899999678135, 9627078.716700000688434 ], [ 743764.5148, 9627540.960400000214577 ], [ 742727.748100000433624, 9627668.789200000464916 ], [ 742591.516400000080466, 9627145.449200000613928 ], [ 742321.916299999691546, 9627106.970200000330806 ], [ 741703.500599999912083, 9626497.431099999696016 ], [ 741663.087899999693036, 9626225.74210000038147 ] ] ] ] } },
{ "type": "Feature", "properties": { "OBJECTID": 15, "HYBAS_ID": 6090283790.0, "NEXT_DOWN": 6090275780.0, "NEXT_SINK": 6090007000.0, "MAIN_BAS": 6090007000.0, "DIST_SINK": 634.7, "DIST_MAIN": 634.7, "SUB_AREA": 308.0, "UP_AREA": 308.0, "PFAF_ID": 622362260, "ENDO": 0, "COAST": 0, "ORDER_": 5, "SORT": 8615.0, "Shape_Length": 77720.871605587468, "Shape_Area": 306805825.21747065, "ID_basin": 12, "RdLength": 118534.95423066875, "RdDensity": 0.38485374750217127, "HyLength": 2094.3963603423931, "HyDensity": 0.0067999881829298474, "COUNT_area": 372, "MEAN_area": 27332.195116935494, "PropCount_km2": 1.2077922077922079, "AvgArea_km2": 0.88740893236803564, "CLASS_analyses": "1", "SUM_area_swa": 12.591567837119999, "PctWater_swa": 0.040881713756883112 }, "geometry": { "type": "MultiPolygon", "coordinates": [ [ [ [ 723605.779299999587238, 9629029.718900000676513 ], [ 723142.637500000186265, 9629030.670099999755621 ], [ 722439.510999999940395, 9629100.403899999335408 ], [ 721882.972099999897182, 9629506.687699999660254 ], [ 721686.947300000116229, 9630194.257400000467896 ], [ 720437.5472999997437, 9631562.269500000402331 ], [ 720282.795199999585748, 9632635.350099999457598 ], [ 719204.953700000420213, 9632793.630100000649691 ], [ 718759.564100000075996, 9633118.764699999243021 ], [ 718467.541699999943376, 9633255.929300000891089 ], [ 717832.629099999554455, 9632796.359300000593066 ], [ 716666.082999999634922, 9632730.374500000849366 ], [ 716572.240199999883771, 9633097.292500000447035 ], [ 716203.849399999715388, 9633192.109999999403954 ], [ 716269.194799999706447, 9634358.107200000435114 ], [ 716607.076399999670684, 9634790.1436 ], [ 716738.649600000120699, 9637582.967499999329448 ], [ 717076.536199999973178, 9638015.009199999272823 ], [ 717235.355899999849498, 9638625.910499999299645 ], [ 718001.615000000223517, 9638819.954299999400973 ], [ 718072.682199999690056, 9641483.344900000840425 ], [ 719708.07880000025034, 9641542.906199999153614 ], [ 720143.64919999986887, 9641877.404899999499321 ], [ 722488.119300000369549, 9641998.285499999299645 ], [ 722923.705500000156462, 9642332.7796 ], [ 724452.588999999687076, 9642465.023800000548363 ], [ 724960.645999999716878, 9643068.685200000181794 ], [ 725126.039200000464916, 9643704.720200000330806 ], [ 727587.035500000230968, 9643831.5164 ], [ 728486.798299999907613, 9644625.925599999725819 ], [ 728978.544800000265241, 9644750.4254 ], [ 729577.16399999987334, 9645210.074999999254942 ], [ 730944.024600000120699, 9645070.639499999582767 ], [ 731448.509700000286102, 9644466.306199999526143 ], [ 731511.07880000025034, 9644221.682700000703335 ], [ 734193.615699999965727, 9644144.501900000497699 ], [ 734683.631099999882281, 9643532.368899999186397 ], [ 734839.267500000074506, 9642452.664799999445677 ], [ 735676.325600000098348, 9642369.606799999251962 ], [ 735786.990600000135601, 9642019.331399999558926 ], [ 736372.991200000047684, 9641833.386 ], [ 736829.682199999690056, 9641519.324200000613928 ], [ 739259.101800000295043, 9641359.54590000025928 ], [ 739530.471099999733269, 9640500.435200000181794 ], [ 740284.869800000451505, 9639981.5625 ], [ 741001.714399999938905, 9640127.801999999210238 ], [ 741606.644100000150502, 9640540.056600000709295 ], [ 741767.740500000305474, 9637407.651699999347329 ], [ 742150.71030000038445, 9637286.082299999892712 ], [ 742613.937599999830127, 9637285.073000000789762 ], [ 742612.931900000199676, 9636824.181399999186397 ], [ 742244.083899999968708, 9636730.879699999466538 ], [ 742053.318799999542534, 9635997.723600000143051 ], [ 741438.5921, 9635842.2083 ], [ 740296.938400000333786, 9634816.394500000402331 ], [ 740702.429999999701977, 9634293.448899999260902 ], [ 740353.407999999821186, 9633847.387000000104308 ], [ 740194.430399999953806, 9633236.442600000649691 ], [ 739579.725899999961257, 9633080.9287 ], [ 739144.066499999724329, 9632746.490399999544024 ], [ 738189.126899999566376, 9632623.067399999126792 ], [ 736657.114400000311434, 9631203.275900000706315 ], [ 736497.711500000208616, 9630022.358999999240041 ], [ 735867.200799999758601, 9629862.823000000789762 ], [ 735293.192400000058115, 9629422.129499999806285 ], [ 735184.714499999769032, 9629005.296700000762939 ], [ 734915.124699999578297, 9628966.798100000247359 ], [ 734526.965900000184774, 9628584.925699999555945 ], [ 733061.458999999798834, 9628509.917999999597669 ], [ 732209.162999999709427, 9627668.17200000025332 ], [ 730359.310399999842048, 9627593.959699999541044 ], [ 729432.014700000174344, 9628517.645400000736117 ], [ 728893.189299999736249, 9628596.941999999806285 ], [ 728506.675499999895692, 9628980.4527000002563 ], [ 728237.262500000186265, 9629020.098200000822544 ], [ 727504.532999999821186, 9628982.55379999987781 ], [ 727116.416699999943376, 9628600.6711 ], [ 726114.122899999842048, 9628524.60329999960959 ], [ 725726.0152000002563, 9628142.7195999994874 ], [ 724339.517400000244379, 9628067.437400000169873 ], [ 723645.021599999628961, 9628757.887199999764562 ], [ 723605.779299999587238, 9629029.718900000676513 ] ] ] ] } },
{ "type": "Feature", "properties": { "OBJECTID": 16, "HYBAS_ID": 6090269930.0, "NEXT_DOWN": 6090274610.0, "NEXT_SINK": 6090007000.0, "MAIN_BAS": 6090007000.0, "DIST_SINK": 636.9, "DIST_MAIN": 636.9, "SUB_AREA": 712.3, "UP_AREA": 712.3, "PFAF_ID": 622362249, "ENDO": 0, "COAST": 0, "ORDER_": 5, "SORT": 8624.0, "Shape_Length": 164713.98048842885, "Shape_Area": 709727161.71554077, "ID_basin": 13, "RdLength": 860448.49769739318, "RdDensity": 1.2079860981291495, "HyLength": 4597.8636280309174, "HyDensity": 0.0064549538509489227, "COUNT_area": 4496, "MEAN_area": 165.96987226423477, "PropCount_km2": 6.3119472132528429, "AvgArea_km2": 0.0023300557667307984, "CLASS_analyses": "1", "SUM_area_swa": 419.19277088471011, "PctWater_swa": 0.58850592571207383 }, "geometry": { "type": "MultiPolygon", "coordinates": [ [ [ [ 752938.013100000098348, 9701330.013399999588728 ], [ 752204.890800000168383, 9701370.468299999833107 ], [ 751355.354299999773502, 9702215.707900000736117 ], [ 750158.737300000153482, 9702257.005699999630451 ], [ 749454.807199999690056, 9702189.980499999597669 ], [ 748863.186200000345707, 9701761.856699999421835 ], [ 748674.549300000071526, 9700489.555400000885129 ], [ 745004.696000000461936, 9700354.516100000590086 ], [ 744259.8125, 9700897.684599999338388 ], [ 744063.489000000059605, 9701585.27170000039041 ], [ 743632.942200000397861, 9702173.60190000012517 ], [ 742387.750199999660254, 9702356.093800000846386 ], [ 742280.322700000368059, 9702732.200999999418855 ], [ 742217.656999999657273, 9702976.821599999442697 ], [ 741881.154799999669194, 9703410.17710000090301 ], [ 741741.154299999587238, 9704478.550100000575185 ], [ 741110.868800000287592, 9704640.568499999120831 ], [ 740676.269799999892712, 9704976.720000000670552 ], [ 738330.824799999594688, 9705106.321399999782443 ], [ 737896.223699999973178, 9705442.4572 ], [ 737281.777099999599159, 9705600.39130000025034 ], [ 737125.099100000225008, 9706211.915699999779463 ], [ 736788.574699999764562, 9706645.238900000229478 ], [ 736664.002899999730289, 9707595.326400000602007 ], [ 736094.006699999794364, 9708277.331199999898672 ], [ 735019.773199999704957, 9707328.78969999961555 ], [ 734483.448099999688566, 9707449.307199999690056 ], [ 734410.887500000186265, 9708276.404699999839067 ], [ 734316.875, 9708643.309800000861287 ], [ 733948.194299999624491, 9708738.052300000563264 ], [ 734011.708399999886751, 9708982.441800000146031 ], [ 734349.70990000013262, 9709414.607699999585748 ], [ 734508.47649999987334, 9710025.583399999886751 ], [ 735123.469899999909103, 9710181.412699999287724 ], [ 735559.229399999603629, 9710516.051400000229478 ], [ 737195.678399999625981, 9710576.024800000712276 ], [ 739319.397699999623001, 9710611.47859999909997 ], [ 739938.176199999637902, 9711221.603700000792742 ], [ 740018.762699999846518, 9712222.009199999272823 ], [ 740404.315899999812245, 9712606.767300000414252 ], [ 740483.841799999587238, 9713142.976500000804663 ], [ 740869.39780000038445, 9713527.736400000751019 ], [ 740909.160600000061095, 9713795.841700000688434 ], [ 743032.97580000013113, 9713831.280799999833107 ], [ 743459.38150000013411, 9714250.852600000798702 ], [ 746197.674100000411272, 9711521.303999999538064 ], [ 746736.947399999946356, 9711442.187300000339746 ], [ 747586.593399999663234, 9710597.049799999222159 ], [ 747856.229799999855459, 9710557.487299999222159 ], [ 748589.52419999986887, 9710595.266100000590086 ], [ 749442.176400000229478, 9711437.390000000596046 ], [ 749981.737599999643862, 9711514.595300000160933 ], [ 751064.732300000265241, 9712584.722400000318885 ], [ 751105.0148, 9712856.234999999403954 ], [ 751148.896900000050664, 9715428.905500000342727 ], [ 751534.507799999788404, 9715813.666600000113249 ], [ 751614.748300000093877, 9716732.405899999663234 ], [ 750689.278500000014901, 9717658.801799999549985 ], [ 750613.074300000444055, 9719038.4206000007689 ], [ 751077.438099999912083, 9719501.765699999406934 ], [ 751121.215099999681115, 9722074.435100000351667 ], [ 751391.016200000420213, 9722113.052999999374151 ], [ 751779.341799999587238, 9722495.124299999326468 ], [ 752318.948599999770522, 9722572.358899999409914 ], [ 753171.651100000366569, 9723414.541999999433756 ], [ 753441.458499999716878, 9723453.158700000494719 ], [ 753810.216199999675155, 9723358.387599999085069 ], [ 754011.173999999649823, 9722574.122300000861287 ], [ 754583.94579999987036, 9722131.161499999463558 ], [ 755075.594700000248849, 9722004.790899999439716 ], [ 755510.285699999891222, 9721668.611600000411272 ], [ 755756.1102, 9721605.423900000751019 ], [ 755851.840400000102818, 9720655.722699999809265 ], [ 756646.77240000013262, 9721214.024000000208616 ], [ 757383.423700000159442, 9721070.5142 ], [ 757840.693799999542534, 9720746.92119999974966 ], [ 758501.092799999751151, 9721210.72580000013113 ], [ 759372.690200000070035, 9721040.911699999123812 ], [ 759533.385999999940395, 9719979.717299999669194 ], [ 760315.846900000236928, 9719067.871200000867248 ], [ 760458.04839999973774, 9718595.233999999240041 ], [ 761240.49239999987185, 9717683.370300000533462 ], [ 761412.182599999941885, 9716549.251900000497699 ], [ 761998.814399999566376, 9716134.06389999948442 ], [ 762771.017, 9715901.341099999845028 ], [ 762626.966400000266731, 9715364.663100000470877 ], [ 762162.187800000421703, 9714715.426000000908971 ], [ 762300.446299999952316, 9712138.655600000172853 ], [ 762620.115699999965727, 9711688.552899999544024 ], [ 762691.199000000022352, 9711452.226099999621511 ], [ 765472.605600000359118, 9711446.976199999451637 ], [ 765537.057799999602139, 9712152.352700000628829 ], [ 765875.222000000067055, 9712584.532999999821186 ], [ 766002.378700000233948, 9713073.382500000298023 ], [ 766340.544999999925494, 9713505.564999999478459 ], [ 766467.701399999670684, 9713994.416300000622869 ], [ 766805.869800000451505, 9714426.600999999791384 ], [ 767005.610500000417233, 9715194.488399999216199 ], [ 768970.507500000298023, 9715065.253900000825524 ], [ 769405.168999999761581, 9714728.982300000265241 ], [ 770360.417500000447035, 9714601.639699999243021 ], [ 770795.0773, 9714265.359300000593066 ], [ 772431.704900000244379, 9714199.451899999752641 ], [ 772525.656499999575317, 9713832.437000000849366 ], [ 773140.244800000451505, 9713674.3443 ], [ 775096.13370000012219, 9711826.6064 ], [ 775454.911100000143051, 9711951.426799999549985 ], [ 776054.000799999572337, 9712411.235200000926852 ], [ 776382.784400000236928, 9712285.062100000679493 ], [ 776817.435100000351667, 9711948.742499999701977 ], [ 777454.840699999593198, 9711784.758400000631809 ], [ 778851.401399999856949, 9710282.52930000051856 ], [ 778976.661600000225008, 9709793.145199999213219 ], [ 779324.111800000071526, 9709345.519099999219179 ], [ 778974.866399999707937, 9708899.292899999767542 ], [ 778843.917799999937415, 9706566.4386 ], [ 777974.073499999940395, 9705599.654699999839067 ], [ 778657.969399999827147, 9705030.163100000470877 ], [ 778903.785199999809265, 9704966.89809999987483 ], [ 778795.261199999600649, 9704549.923000000417233 ], [ 778220.796799999661744, 9704109.063699999824166 ], [ 777589.753700000233948, 9703949.4068 ], [ 777445.648699999786913, 9702881.33 ], [ 776980.855299999937415, 9702287.469900000840425 ], [ 777105.473899999633431, 9701499.051100000739098 ], [ 777567.8273, 9700903.292099999263883 ], [ 777440.924100000411272, 9700576.379100000485778 ], [ 776638.174499999731779, 9699684.185699999332428 ], [ 776572.6557, 9698517.778300000354648 ], [ 774935.919800000265241, 9698458.386099999770522 ], [ 774361.490500000305474, 9698017.5456000007689 ], [ 774189.354799999855459, 9697356.155999999493361 ], [ 773743.683400000445545, 9696786.735200000926852 ], [ 772954.887199999764562, 9696587.145500000566244 ], [ 772795.873399999924004, 9695976.0793999992311 ], [ 772457.66469999961555, 9695543.932700000703335 ], [ 772330.438500000163913, 9695055.081700000911951 ], [ 771992.232099999673665, 9694622.93720000050962 ], [ 771862.150799999944866, 9692751.168299999088049 ], [ 771523.946100000292063, 9692319.028999999165535 ], [ 771395.760800000280142, 9691369.210799999535084 ], [ 771057.558299999684095, 9690937.074699999764562 ], [ 770993.943099999800324, 9690692.652599999681115 ], [ 770280.457000000402331, 9690752.71000000089407 ], [ 769854.317099999636412, 9691097.4054000005126 ], [ 768363.26549999974668, 9691217.630100000649691 ], [ 768153.729500000365078, 9690594.438200000673532 ], [ 768616.065999999642372, 9690024.370400000363588 ], [ 768674.471800000406802, 9689775.516799999400973 ], [ 768589.355700000189245, 9689419.408399999141693 ], [ 767995.764000000432134, 9688913.566199999302626 ], [ 767031.858, 9688798.400000000372529 ], [ 766531.775100000202656, 9688397.270899999886751 ], [ 765950.919900000095367, 9689071.425699999555945 ], [ 765836.922899999655783, 9690951.986999999731779 ], [ 765492.119800000451505, 9691377.144300000742078 ], [ 765375.291000000201166, 9691874.8366 ], [ 765030.482499999925494, 9692299.989199999719858 ], [ 764903.001199999824166, 9693354.498700000345707 ], [ 764297.800599999725819, 9693874.4737 ], [ 763683.096300000324845, 9694019.751199999824166 ], [ 763531.8273, 9694506.08 ], [ 763991.178399999625981, 9695067.791200000792742 ], [ 764053.343700000084937, 9696699.245899999514222 ], [ 763807.564100000075996, 9696762.4912 ], [ 763373.001799999736249, 9697098.7851 ], [ 763044.284099999815226, 9697224.949500000104308 ], [ 762445.309899999760091, 9696765.183700000867248 ], [ 761814.378700000233948, 9696605.500700000673532 ], [ 761670.369400000199676, 9695537.525399999693036 ], [ 761224.787800000049174, 9694968.115000000223517 ], [ 760559.112300000153482, 9694799.612999999895692 ], [ 760123.24239999987185, 9694465.044399999082088 ], [ 759877.225300000049174, 9694402.772199999541044 ], [ 758704.465499999932945, 9694467.8301 ], [ 757663.972400000318885, 9695393.453199999406934 ], [ 757499.817800000309944, 9696034.755200000479817 ], [ 757163.369099999777973, 9696468.204700000584126 ], [ 757006.806800000369549, 9697079.836100000888109 ], [ 756638.128999999724329, 9697174.679199999198318 ], [ 755904.864299999549985, 9697137.003200000151992 ], [ 755516.527099999599159, 9696754.99379999935627 ], [ 754129.150899999774992, 9696679.479000000283122 ], [ 753663.2977, 9697141.28800000064075 ], [ 753393.683000000193715, 9697180.886 ], [ 752930.196100000292063, 9697181.766200000420213 ], [ 752561.524600000120699, 9697276.5954 ], [ 752467.582899999804795, 9697643.560000000521541 ], [ 752510.865899999625981, 9699755.338300000876188 ], [ 752896.478000000119209, 9700140.062100000679493 ], [ 752938.013100000098348, 9701330.013399999588728 ] ] ] ] } },
{ "type": "Feature", "properties": { "OBJECTID": 17, "HYBAS_ID": 6090270040.0, "NEXT_DOWN": 6090274610.0, "NEXT_SINK": 6090007000.0, "MAIN_BAS": 6090007000.0, "DIST_SINK": 636.9, "DIST_MAIN": 636.9, "SUB_AREA": 339.8, "UP_AREA": 339.8, "PFAF_ID": 622362248, "ENDO": 0, "COAST": 0, "ORDER_": 6, "SORT": 8625.0, "Shape_Length": 110765.8236584204, "Shape_Area": 338507876.46768814, "ID_basin": 14, "RdLength": 232803.73815699361, "RdDensity": 0.68511988863152917, "HyLength": 4979.9448213137248, "HyDensity": 0.01465551742587912, "COUNT_area": 1845, "MEAN_area": 12158.532164065025, "PropCount_km2": 5.4296645085344322, "AvgArea_km2": 0.35781436621733442, "CLASS_analyses": "1", "SUM_area_swa": 2.23390718906, "PctWater_swa": 0.0065741824280753369 }, "geometry": { "type": "MultiPolygon", "coordinates": [ [ [ [ 742280.322700000368059, 9702732.200999999418855 ], [ 742387.750199999660254, 9702356.093800000846386 ], [ 743632.942200000397861, 9702173.60190000012517 ], [ 744063.489000000059605, 9701585.27170000039041 ], [ 744259.8125, 9700897.684599999338388 ], [ 745004.696000000461936, 9700354.516100000590086 ], [ 748674.549300000071526, 9700489.555400000885129 ], [ 748863.186200000345707, 9701761.856699999421835 ], [ 749454.807199999690056, 9702189.980499999597669 ], [ 750158.737300000153482, 9702257.005699999630451 ], [ 751355.354299999773502, 9702215.707900000736117 ], [ 752204.890800000168383, 9701370.468299999833107 ], [ 752938.013100000098348, 9701330.013399999588728 ], [ 752896.478000000119209, 9700140.062100000679493 ], [ 752510.865899999625981, 9699755.338300000876188 ], [ 752467.582899999804795, 9697643.560000000521541 ], [ 752561.524600000120699, 9697276.5954 ], [ 752930.196100000292063, 9697181.766200000420213 ], [ 752866.628899999894202, 9696937.3618 ], [ 751599.820000000298023, 9695585.149599999189377 ], [ 751460.880099999718368, 9694064.317900000140071 ], [ 750838.167000000365078, 9693549.865000000223517 ], [ 750226.388299999758601, 9694023.248199999332428 ], [ 749897.220300000160933, 9693898.3673 ], [ 749298.347000000067055, 9693438.592800000682473 ], [ 747579.276800000108778, 9693567.339400000870228 ], [ 746982.149100000038743, 9694029.3618 ], [ 746652.990699999965727, 9693904.475199999287724 ], [ 746054.140700000338256, 9693444.6952 ], [ 742365.424300000071526, 9693581.105200000107288 ], [ 742166.469800000078976, 9694358.056700000539422 ], [ 741092.674100000411272, 9694501.141100000590086 ], [ 740658.128200000151992, 9694837.319199999794364 ], [ 738776.305700000375509, 9694966.225999999791384 ], [ 738341.757500000298023, 9695302.390699999406934 ], [ 737169.134499999694526, 9695367.242799999192357 ], [ 736899.406299999915063, 9695328.644099999219179 ], [ 736008.98340000025928, 9694449.11009999923408 ], [ 735546.219600000418723, 9694907.749099999666214 ], [ 734385.572300000116229, 9693760.700400000438094 ], [ 735734.247100000269711, 9692411.877000000327826 ], [ 735810.357400000095367, 9691032.372400000691414 ], [ 735346.104700000025332, 9690569.095799999311566 ], [ 735266.543300000019372, 9690032.908600000664592 ], [ 734881.029400000348687, 9689648.1974 ], [ 734800.776200000196695, 9688729.850199999287724 ], [ 735263.339800000190735, 9688264.898 ], [ 735302.148199999704957, 9687996.662000000476837 ], [ 735061.761400000192225, 9687928.782500000670552 ], [ 734150.654799999669194, 9687145.334300000220537 ], [ 732931.163599999621511, 9687010.910599999129772 ], [ 732192.3902000002563, 9687549.670700000599027 ], [ 731987.590300000272691, 9686842.001499999314547 ], [ 731579.2027000002563, 9686288.114 ], [ 730767.71030000038445, 9686058.936899999156594 ], [ 730594.942599999718368, 9685461.910199999809265 ], [ 730268.103600000031292, 9685018.6678 ], [ 730108.232699999585748, 9683939.61119999922812 ], [ 729270.595499999821186, 9683859.808299999684095 ], [ 729271.422600000165403, 9684320.660700000822544 ], [ 729001.869400000199676, 9684360.223300000652671 ], [ 728615.050599999725819, 9684743.608799999579787 ], [ 727882.123599999584258, 9684783.994799999520183 ], [ 727844.943699999712408, 9685973.915200000628829 ], [ 727423.230100000277162, 9686397.781999999657273 ], [ 727884.180800000205636, 9686857.816800000146031 ], [ 727462.462299999780953, 9687281.681600000709295 ], [ 727386.437300000339746, 9688739.819599999114871 ], [ 726773.283099999651313, 9689354.831000000238419 ], [ 726230.540500000119209, 9689434.459899999201298 ], [ 725843.693300000391901, 9689817.81980000063777 ], [ 724183.980899999849498, 9689859.768300000578165 ], [ 724145.941100000403821, 9690588.822300000116229 ], [ 723761.806200000457466, 9690974.864499999210238 ], [ 723724.54619999974966, 9692164.754000000655651 ], [ 723788.838700000196695, 9692869.966499999165535 ], [ 724126.787200000137091, 9693302.103000000119209 ], [ 724253.801099999807775, 9693790.854299999773502 ], [ 724591.752199999988079, 9694222.99239999987185 ], [ 724720.330799999646842, 9695633.424900000914931 ], [ 725689.180399999953806, 9696692.08 ], [ 726758.757399999536574, 9696830.750900000333786 ], [ 727194.458399999886751, 9697165.36769999936223 ], [ 727809.371199999935925, 9697321.17850000038743 ], [ 727968.130900000222027, 9697932.129100000485778 ], [ 728306.101599999703467, 9698364.274299999698997 ], [ 728434.049100000411272, 9699395.869200000539422 ], [ 727907.756599999964237, 9699531.1404 ], [ 727910.874499999918044, 9701374.531600000336766 ], [ 727911.650899999774992, 9701835.379300000146031 ], [ 728006.893400000408292, 9702201.9518 ], [ 728621.828599999658763, 9702357.777100000530481 ], [ 729763.532599999569356, 9703384.086300000548363 ], [ 729368.530500000342727, 9703892.6919 ], [ 729308.932799999602139, 9705980.692299999296665 ], [ 729270.080699999816716, 9706248.912599999457598 ], [ 728848.255099999718368, 9706672.737700000405312 ], [ 729271.490600000135601, 9707095.156099999323487 ], [ 729353.27379999961704, 9709013.888000000268221 ], [ 729738.772099999710917, 9709398.644600000232458 ], [ 729779.277400000020862, 9710127.58699999935925 ], [ 731068.446999999694526, 9710056.482799999415874 ], [ 731262.937699999660254, 9709297.534399999305606 ], [ 731631.61629999987781, 9709202.801699999719858 ], [ 731732.793200000189245, 9708807.970200000330806 ], [ 733948.194299999624491, 9708738.052300000563264 ], [ 734316.875, 9708643.309800000861287 ], [ 734410.887500000186265, 9708276.404699999839067 ], [ 734483.448099999688566, 9707449.307199999690056 ], [ 735019.773199999704957, 9707328.78969999961555 ], [ 736094.006699999794364, 9708277.331199999898672 ], [ 736664.002899999730289, 9707595.326400000602007 ], [ 736788.574699999764562, 9706645.238900000229478 ], [ 737125.099100000225008, 9706211.915699999779463 ], [ 737281.777099999599159, 9705600.39130000025034 ], [ 737896.223699999973178, 9705442.4572 ], [ 738330.824799999594688, 9705106.321399999782443 ], [ 740676.269799999892712, 9704976.720000000670552 ], [ 741110.868800000287592, 9704640.568499999120831 ], [ 741741.154299999587238, 9704478.550100000575185 ], [ 741881.154799999669194, 9703410.17710000090301 ], [ 742217.656999999657273, 9702976.821599999442697 ], [ 742280.322700000368059, 9702732.200999999418855 ] ] ] ] } },
{ "type": "Feature", "properties": { "OBJECTID": 18, "HYBAS_ID": 6090286420.0, "NEXT_DOWN": 6090283880.0, "NEXT_SINK": 6090007000.0, "MAIN_BAS": 6090007000.0, "DIST_SINK": 646.0, "DIST_MAIN": 646.0, "SUB_AREA": 202.8, "UP_AREA": 1158.8, "PFAF_ID": 622362291, "ENDO": 0, "COAST": 0, "ORDER_": 4, "SORT": 8650.0, "Shape_Length": 73016.801546589675, "Shape_Area": 202018901.75776142, "ID_basin": 15, "RdLength": 56311.487508040504, "RdDensity": 0.27767005674576184, "HyLength": 2464.6769464695649, "HyDensity": 0.012153239381013632, "COUNT_area": 274, "MEAN_area": 52431.561411313902, "PropCount_km2": 1.3510848126232742, "AvgArea_km2": 2.5853827125894431, "CLASS_analyses": "1", "SUM_area_swa": null, "PctWater_swa": 0.0 }, "geometry": { "type": "MultiPolygon", "coordinates": [ [ [ [ 724052.611800000071526, 9621194.428400000557303 ], [ 724421.361100000329316, 9621287.748999999836087 ], [ 724516.692999999970198, 9621654.298000000417233 ], [ 724477.986200000159442, 9621922.531600000336766 ], [ 724094.223899999633431, 9622308.726500000804663 ], [ 724016.640399999916553, 9622766.509400000795722 ], [ 724480.730999999679625, 9623229.608300000429153 ], [ 724562.161600000225008, 9624608.752499999478459 ], [ 724100.003299999982119, 9625073.787900000810623 ], [ 724024.487999999895692, 9626531.938200000673532 ], [ 723640.698699999600649, 9626918.120300000533462 ], [ 723565.161100000143051, 9628376.2653 ], [ 723181.360600000247359, 9628762.440700000151992 ], [ 723142.637500000186265, 9629030.670099999755621 ], [ 723605.779299999587238, 9629029.718900000676513 ], [ 723645.021599999628961, 9628757.887199999764562 ], [ 724339.517400000244379, 9628067.437400000169873 ], [ 725726.0152000002563, 9628142.7195999994874 ], [ 726114.122899999842048, 9628524.60329999960959 ], [ 727116.416699999943376, 9628600.6711 ], [ 727504.532999999821186, 9628982.55379999987781 ], [ 728237.262500000186265, 9629020.098200000822544 ], [ 728506.675499999895692, 9628980.4527000002563 ], [ 728893.189299999736249, 9628596.941999999806285 ], [ 729432.014700000174344, 9628517.645400000736117 ], [ 730359.310399999842048, 9627593.959699999541044 ], [ 732209.162999999709427, 9627668.17200000025332 ], [ 733061.458999999798834, 9628509.917999999597669 ], [ 734526.965900000184774, 9628584.925699999555945 ], [ 734915.124699999578297, 9628966.798100000247359 ], [ 735184.714499999769032, 9629005.296700000762939 ], [ 735454.135700000450015, 9628965.632400000467896 ], [ 736843.50899999961257, 9627579.978900000452995 ], [ 737303.987200000323355, 9627657.1349 ], [ 737771.412800000049174, 9628116.991599999368191 ], [ 738694.353500000201166, 9628036.800899999216199 ], [ 739080.848799999803305, 9627653.2292 ], [ 740082.872899999842048, 9627572.848999999463558 ], [ 740469.363699999637902, 9627189.268100000917912 ], [ 741201.967000000178814, 9627148.55519999936223 ], [ 741200.939100000075996, 9626687.666600000113249 ], [ 741199.910000000149012, 9626226.778000000864267 ], [ 741197.847900000400841, 9625305.000700000673532 ], [ 740957.552199999801815, 9625237.237800000235438 ], [ 739056.658300000242889, 9623477.486700000241399 ], [ 738808.11710000038147, 9622953.994699999690056 ], [ 739269.862399999983609, 9622322.0581 ], [ 739405.905299999751151, 9621773.212999999523163 ], [ 738513.370900000445545, 9621521.441099999472499 ], [ 738300.732599999755621, 9620787.608799999579787 ], [ 737097.367999999783933, 9620616.041799999773502 ], [ 736937.30420000012964, 9618511.158800000324845 ], [ 736167.191300000064075, 9618293.881699999794364 ], [ 736015.461400000378489, 9616781.741100000217557 ], [ 735530.716799999587238, 9616181.377100000157952 ], [ 733989.8295, 9616035.1699 ], [ 733543.106200000271201, 9615711.888699999079108 ], [ 733062.582600000314415, 9615576.36089999973774 ], [ 732615.865600000135601, 9615253.078700000420213 ], [ 731209.141400000080466, 9615119.595499999821186 ], [ 730136.105999999679625, 9614176.604399999603629 ], [ 729976.313000000081956, 9612074.461200000718236 ], [ 729118.23340000025928, 9611832.348600000143051 ], [ 729519.768299999646842, 9611282.802699999883771 ], [ 729586.8443, 9610582.849199999123812 ], [ 729483.839399999938905, 9610187.025100000202656 ], [ 725881.25870000012219, 9610130.143400000408292 ], [ 725611.900799999944866, 9610169.8103 ], [ 724995.885099999606609, 9610782.466600000858307 ], [ 724925.238099999725819, 9614469.634999999776483 ], [ 725853.398699999786913, 9615392.2631 ], [ 725932.92200000025332, 9615849.717499999329448 ], [ 725470.827100000344217, 9616314.785800000652671 ], [ 725400.313400000333786, 9620077.190700000151992 ], [ 724787.377000000327826, 9620692.766000000759959 ], [ 724051.641699999570847, 9620733.584699999541044 ], [ 723588.534500000067055, 9620734.559100000187755 ], [ 723683.863800000399351, 9621101.106799999251962 ], [ 724052.611800000071526, 9621194.428400000557303 ] ] ] ] } },
{ "type": "Feature", "properties": { "OBJECTID": 19, "HYBAS_ID": 6090286430.0, "NEXT_DOWN": 6090283880.0, "NEXT_SINK": 6090007000.0, "MAIN_BAS": 6090007000.0, "DIST_SINK": 646.0, "DIST_MAIN": 646.0, "SUB_AREA": 1.7, "UP_AREA": 1310.9, "PFAF_ID": 622362281, "ENDO": 0, "COAST": 0, "ORDER_": 5, "SORT": 8651.0, "Shape_Length": 5732.8030691555059, "Shape_Area": 1654031.4984015031, "ID_basin": 16, "RdLength": 1660.3935626377527, "RdDensity": 0.97670209566926625, "HyLength": 1086.0951681726781, "HyDensity": 0.63887951068981064, "COUNT_area": 19, "MEAN_area": 42801.916473684207, "PropCount_km2": 11.176470588235295, "AvgArea_km2": 251.77597925696594, "CLASS_analyses": "0", "SUM_area_swa": null, "PctWater_swa": 0.0 }, "geometry": { "type": "MultiPolygon", "coordinates": [ [ [ [ 741661.021800000220537, 9625303.962300000712276 ], [ 741197.847900000400841, 9625305.000700000673532 ], [ 741199.910000000149012, 9626226.778000000864267 ], [ 741663.087899999693036, 9626225.74210000038147 ], [ 741703.500599999912083, 9626497.431099999696016 ], [ 742321.916299999691546, 9627106.970200000330806 ], [ 742591.516400000080466, 9627145.449200000613928 ], [ 742549.567800000309944, 9625955.573899999260902 ], [ 742164.076399999670684, 9625571.011700000613928 ], [ 742124.196999999694526, 9625302.921900000423193 ], [ 741661.021800000220537, 9625303.962300000712276 ] ] ] ] } },
{ "type": "Feature", "properties": { "OBJECTID": 20, "HYBAS_ID": 6090286700.0, "NEXT_DOWN": 6090286430.0, "NEXT_SINK": 6090007000.0, "MAIN_BAS": 6090007000.0, "DIST_SINK": 647.4, "DIST_MAIN": 647.4, "SUB_AREA": 159.7, "UP_AREA": 1043.7, "PFAF_ID": 622362283, "ENDO": 0, "COAST": 0, "ORDER_": 5, "SORT": 8658.0, "Shape_Length": 64804.372659399487, "Shape_Area": 159045076.7360982, "ID_basin": 17, "RdLength": 64050.576145287421, "RdDensity": 0.40106810360230072, "HyLength": 4495.1293839653281, "HyDensity": 0.028147334902725914, "COUNT_area": 473, "MEAN_area": 47635.157324735759, "PropCount_km2": 2.9618033813400126, "AvgArea_km2": 2.9827900641662968, "CLASS_analyses": "0", "SUM_area_swa": null, "PctWater_swa": 0.0 }, "geometry": { "type": "MultiPolygon", "coordinates": [ [ [ [ 739765.192999999970198, 9606411.795 ], [ 739302.107599999755621, 9606412.8772 ], [ 739234.039099999703467, 9606651.993899999186397 ], [ 738909.239500000141561, 9607096.609200000762939 ], [ 738752.989400000311434, 9608182.875099999830127 ], [ 735824.840699999593198, 9608332.747199999168515 ], [ 735235.509899999946356, 9608763.278400000184774 ], [ 735073.682900000363588, 9609887.744799999520183 ], [ 734584.993599999696016, 9610498.665400000289083 ], [ 730736.139000000432134, 9610648.592800000682473 ], [ 730282.347599999979138, 9610980.059900000691414 ], [ 729827.089300000108778, 9610650.613099999725819 ], [ 729586.8443, 9610582.849199999123812 ], [ 729519.768299999646842, 9611282.802699999883771 ], [ 729118.23340000025928, 9611832.348600000143051 ], [ 729976.313000000081956, 9612074.461200000718236 ], [ 730136.105999999679625, 9614176.604399999603629 ], [ 731209.141400000080466, 9615119.595499999821186 ], [ 732615.865600000135601, 9615253.078700000420213 ], [ 733062.582600000314415, 9615576.36089999973774 ], [ 733543.106200000271201, 9615711.888699999079108 ], [ 733989.8295, 9616035.1699 ], [ 735530.716799999587238, 9616181.377100000157952 ], [ 736015.461400000378489, 9616781.741100000217557 ], [ 736167.191300000064075, 9618293.881699999794364 ], [ 736937.30420000012964, 9618511.158800000324845 ], [ 737097.367999999783933, 9620616.041799999773502 ], [ 738300.732599999755621, 9620787.608799999579787 ], [ 738513.370900000445545, 9621521.441099999472499 ], [ 739405.905299999751151, 9621773.212999999523163 ], [ 739269.862399999983609, 9622322.0581 ], [ 738808.11710000038147, 9622953.994699999690056 ], [ 739056.658300000242889, 9623477.486700000241399 ], [ 740957.552199999801815, 9625237.237800000235438 ], [ 741197.847900000400841, 9625305.000700000673532 ], [ 741661.021800000220537, 9625303.962300000712276 ], [ 742124.196999999694526, 9625302.921900000423193 ], [ 742587.373499999754131, 9625301.8794 ], [ 742649.883500000461936, 9625057.225700000301003 ], [ 743448.091799999587238, 9624161.75929999910295 ], [ 743604.336799999698997, 9623550.100099999457598 ], [ 743972.723500000312924, 9623455.154500000178814 ], [ 743932.836500000208616, 9623187.062899999320507 ], [ 743509.52379999961704, 9622764.786699999123812 ], [ 744430.664200000464916, 9621841.035199999809265 ], [ 744007.350200000219047, 9621418.763000000268221 ], [ 743919.07880000025034, 9617195.406899999827147 ], [ 743454.861100000329316, 9616732.356499999761581 ], [ 743532.349000000394881, 9616274.504699999466538 ], [ 743994.412399999797344, 9615809.3081 ], [ 743913.729600000195205, 9614890.9222999997437 ], [ 743490.391200000420213, 9614468.666799999773502 ], [ 744835.861399999819696, 9613120.629499999806285 ], [ 744910.975700000301003, 9611662.278699999675155 ], [ 745332.207600000314415, 9611238.11460000090301 ], [ 744908.978500000201166, 9610815.944900000467896 ], [ 744867.983, 9610086.954500000923872 ], [ 744783.083399999886751, 9608788.279100000858307 ], [ 742644.247999999672174, 9608626.7237 ], [ 742473.59499999973923, 9607553.351199999451637 ], [ 741690.948400000110269, 9606642.032800000160933 ], [ 741470.288900000043213, 9605936.809299999848008 ], [ 740716.352099999785423, 9605415.280899999663234 ], [ 740453.495000000111759, 9605560.902899999171495 ], [ 739999.820299999788404, 9605877.854900000616908 ], [ 739764.114299999549985, 9605950.908700000494719 ], [ 739765.192999999970198, 9606411.795 ] ] ] ] } },
{ "type": "Feature", "properties": { "OBJECTID": 21, "HYBAS_ID": 6090286620.0, "NEXT_DOWN": 6090286430.0, "NEXT_SINK": 6090007000.0, "MAIN_BAS": 6090007000.0, "DIST_SINK": 647.4, "DIST_MAIN": 647.4, "SUB_AREA": 265.5, "UP_AREA": 265.5, "PFAF_ID": 622362282, "ENDO": 0, "COAST": 0, "ORDER_": 6, "SORT": 8659.0, "Shape_Length": 78436.592142663416, "Shape_Area": 264528775.26025131, "ID_basin": 18, "RdLength": 133404.02549186262, "RdDensity": 0.50246337285070664, "HyLength": 5171.7447234928532, "HyDensity": 0.019479264495264985, "COUNT_area": 1173, "MEAN_area": 53017.309158738048, "PropCount_km2": 4.4180790960451981, "AvgArea_km2": 1.996885467372431, "CLASS_analyses": "1", "SUM_area_swa": 13.12806883613, "PctWater_swa": 0.049446586953408658 }, "geometry": { "type": "MultiPolygon", "coordinates": [ [ [ [ 742587.373499999754131, 9625301.8794 ], [ 742124.196999999694526, 9625302.921900000423193 ], [ 742164.076399999670684, 9625571.011700000613928 ], [ 742549.567800000309944, 9625955.573899999260902 ], [ 742591.516400000080466, 9627145.449200000613928 ], [ 742727.748100000433624, 9627668.789200000464916 ], [ 743764.5148, 9627540.960400000214577 ], [ 744361.121899999678135, 9627078.716700000688434 ], [ 745616.524500000290573, 9627201.377299999818206 ], [ 746052.209800000302494, 9627535.788599999621511 ], [ 746298.086500000208616, 9627597.981699999421835 ], [ 746692.191999999806285, 9627697.6458 ], [ 746764.427699999883771, 9628979.639399999752641 ], [ 747004.742200000211596, 9629047.397199999541044 ], [ 748380.091400000266731, 9630290.389699999243021 ], [ 749135.956100000068545, 9630425.275399999693036 ], [ 749768.999099999666214, 9629962.9145 ], [ 750712.236700000241399, 9629824.1402000002563 ], [ 751157.594800000078976, 9629498.806399999186397 ], [ 751912.839300000108778, 9629360.45130000077188 ], [ 752548.010599999688566, 9629819.9024 ], [ 753626.709400000050664, 9629973.553099999204278 ], [ 753786.138199999928474, 9631046.1634 ], [ 755041.726300000213087, 9632409.002000000327826 ], [ 755110.93099999986589, 9632647.821000000461936 ], [ 755380.387600000016391, 9632608.108799999579787 ], [ 755766.890800000168383, 9632224.450099999085069 ], [ 756499.592699999921024, 9632183.653300000354648 ], [ 756962.839599999599159, 9632182.569299999624491 ], [ 757001.493700000457466, 9631914.274900000542402 ], [ 757385.270399999804795, 9631527.910299999639392 ], [ 757459.311499999836087, 9629608.516200000420213 ], [ 757843.073900000192225, 9629222.143100000917912 ], [ 757920.365199999883771, 9628685.548900000751019 ], [ 758766.25800000037998, 9627837.129100000485778 ], [ 758842.436700000427663, 9626839.591499999165535 ], [ 759304.55420000012964, 9626374.315600000321865 ], [ 759220.451100000180304, 9624073.0304000005126 ], [ 758797.112200000323355, 9623650.846999999135733 ], [ 759255.972299999557436, 9623188.7956000007689 ], [ 758832.634200000204146, 9622766.61460000090301 ], [ 758792.705500000156462, 9622498.503799999132752 ], [ 758829.098699999973178, 9621308.3246 ], [ 759212.809399999678135, 9620921.9222999997437 ], [ 759251.434899999760091, 9620653.619899999350309 ], [ 759250.310800000093877, 9620192.679500000551343 ], [ 759249.185300000011921, 9619731.739099999889731 ], [ 758880.332899999804795, 9619638.52309999987483 ], [ 758721.199199999682605, 9619027.54839999973774 ], [ 758275.64780000038445, 9618458.349600000306964 ], [ 757487.378399999812245, 9618259.098899999633431 ], [ 757290.961099999956787, 9617504.964500000700355 ], [ 756464.417200000025332, 9617433.830700000748038 ], [ 756095.580500000156462, 9617340.611999999731779 ], [ 755936.460099999792874, 9616729.645999999716878 ], [ 754669.770999999716878, 9615378.060499999672174 ], [ 754606.11739999987185, 9615133.683499999344349 ], [ 754562.824199999682605, 9613482.7982 ], [ 754139.454599999822676, 9613060.561499999836087 ], [ 755022.785199999809265, 9612174.352700000628829 ], [ 755059.137799999676645, 9610984.198699999600649 ], [ 755019.203900000080466, 9610716.095300000160933 ], [ 754169.379399999976158, 9609871.7956000007689 ], [ 754129.44649999961257, 9609603.693600000813603 ], [ 753761.102500000037253, 9609698.712300000712276 ], [ 753566.601599999703467, 9610460.800200000405312 ], [ 749172.387699999846518, 9610600.3465 ], [ 748944.254399999976158, 9609724.415300000458956 ], [ 748467.526499999687076, 9609554.707900000736117 ], [ 747430.229500000365078, 9610479.01659999974072 ], [ 746638.716500000096858, 9610606.408600000664592 ], [ 746040.061300000175834, 9610146.926100000739098 ], [ 744867.983, 9610086.954500000923872 ], [ 744908.978500000201166, 9610815.944900000467896 ], [ 745332.207600000314415, 9611238.11460000090301 ], [ 744910.975700000301003, 9611662.278699999675155 ], [ 744835.861399999819696, 9613120.629499999806285 ], [ 743490.391200000420213, 9614468.666799999773502 ], [ 743913.729600000195205, 9614890.9222999997437 ], [ 743994.412399999797344, 9615809.3081 ], [ 743532.349000000394881, 9616274.504699999466538 ], [ 743454.861100000329316, 9616732.356499999761581 ], [ 743919.07880000025034, 9617195.406899999827147 ], [ 744007.350200000219047, 9621418.763000000268221 ], [ 744430.664200000464916, 9621841.035199999809265 ], [ 743509.52379999961704, 9622764.786699999123812 ], [ 743932.836500000208616, 9623187.062899999320507 ], [ 743972.723500000312924, 9623455.154500000178814 ], [ 743604.336799999698997, 9623550.100099999457598 ], [ 743448.091799999587238, 9624161.75929999910295 ], [ 742649.883500000461936, 9625057.225700000301003 ], [ 742587.373499999754131, 9625301.8794 ] ] ] ] } },
{ "type": "Feature", "properties": { "OBJECTID": 22, "HYBAS_ID": 6090288040.0, "NEXT_DOWN": 6090286420.0, "NEXT_SINK": 6090007000.0, "MAIN_BAS": 6090007000.0, "DIST_SINK": 667.2, "DIST_MAIN": 667.2, "SUB_AREA": 214.1, "UP_AREA": 845.3, "PFAF_ID": 622362293, "ENDO": 0, "COAST": 0, "ORDER_": 4, "SORT": 8690.0, "Shape_Length": 71850.180218027628, "Shape_Area": 213217962.33572611, "ID_basin": 19, "RdLength": null, "RdDensity": 0.0, "HyLength": 1805.3450538517757, "HyDensity": 0.0084322515359727956, "COUNT_area": 1, "MEAN_area": 530798.6783, "PropCount_km2": 0.0046707146193367584, "AvgArea_km2": 24.792091466604393, "CLASS_analyses": "1", "SUM_area_swa": null, "PctWater_swa": 0.0 }, "geometry": { "type": "MultiPolygon", "coordinates": [ [ [ [ 710597.909199999645352, 9608779.9364 ], [ 710843.678600000217557, 9608842.173499999567866 ], [ 711452.24100000038743, 9609345.169399999082088 ], [ 711591.266900000162423, 9610865.636399999260902 ], [ 711929.101300000213087, 9611297.636700000613928 ], [ 712055.912999999709427, 9611653.753000000491738 ], [ 710195.669400000013411, 9613617.897600000724196 ], [ 710545.587700000032783, 9614065.33 ], [ 710675.111700000241399, 9615774.554700000211596 ], [ 710106.464999999850988, 9616507.712500000372529 ], [ 709295.666600000113249, 9616716.520500000566244 ], [ 709165.679299999959767, 9618704.318199999630451 ], [ 708829.56209999974817, 9619137.664899999275804 ], [ 708705.339900000020862, 9620087.650900000706315 ], [ 708369.214100000448525, 9620520.992499999701977 ], [ 708307.54839999973774, 9621226.386199999600649 ], [ 709010.844499999657273, 9621293.2971 ], [ 709457.446100000292063, 9621616.651599999517202 ], [ 710977.436200000345707, 9621761.258899999782443 ], [ 711196.568199999630451, 9622518.1601 ], [ 712401.696899999864399, 9622690.265599999576807 ], [ 712480.726999999955297, 9623983.042700000107288 ], [ 712943.82039999961853, 9623982.124600000679493 ], [ 715163.094899999909103, 9623905.2434 ], [ 715652.403099999763072, 9623293.991100000217557 ], [ 715807.129300000146031, 9622220.9342 ], [ 716884.841699999757111, 9622062.629100000485778 ], [ 717800.14670000039041, 9621268.976800000295043 ], [ 718444.304999999701977, 9621735.202199999243021 ], [ 721051.792500000447035, 9621593.243599999696016 ], [ 722571.59499999973923, 9620207.5559 ], [ 722901.608099999837577, 9620343.4517 ], [ 723348.2829, 9620666.769799999892712 ], [ 723588.534500000067055, 9620734.559100000187755 ], [ 724051.641699999570847, 9620733.584699999541044 ], [ 724787.377000000327826, 9620692.766000000759959 ], [ 725400.313400000333786, 9620077.190700000151992 ], [ 725470.827100000344217, 9616314.785800000652671 ], [ 725932.92200000025332, 9615849.717499999329448 ], [ 725853.398699999786913, 9615392.2631 ], [ 724925.238099999725819, 9614469.634999999776483 ], [ 724995.885099999606609, 9610782.466600000858307 ], [ 725611.900799999944866, 9610169.8103 ], [ 725881.25870000012219, 9610130.143400000408292 ], [ 725841.40610000025481, 9609862.075500000268221 ], [ 725418.306800000369549, 9609439.877499999478459 ], [ 725839.555900000035763, 9609015.835100000724196 ], [ 725877.225200000219047, 9608286.746099999174476 ], [ 725636.992899999953806, 9608218.977600000798702 ], [ 725190.335900000296533, 9607895.695299999788404 ], [ 724897.802600000053644, 9607759.7456 ], [ 724264.93709999974817, 9608221.974999999627471 ], [ 723322.02170000039041, 9608360.612600000575185 ], [ 722876.780500000342727, 9608685.832800000905991 ], [ 721933.865899999625981, 9608824.454299999400973 ], [ 720564.490500000305474, 9610073.319599999114871 ], [ 720013.664200000464916, 9610211.078299999237061 ], [ 719756.813299999572337, 9609324.11739999987185 ], [ 719018.615199999883771, 9609115.745200000703335 ], [ 718841.496799999848008, 9607922.408700000494719 ], [ 718004.44440000038594, 9607842.880100000649691 ], [ 717874.948300000280142, 9608349.476299999281764 ], [ 717478.651999999769032, 9607978.364299999549985 ], [ 718004.44440000038594, 9607842.880100000649691 ], [ 718003.467199999839067, 9607382.050499999895692 ], [ 717540.434500000439584, 9607383.0318 ], [ 717077.402999999932945, 9607384.011099999770522 ], [ 716614.372600000351667, 9607384.988299999386072 ], [ 715881.839599999599159, 9607347.4528 ], [ 715029.833300000056624, 9606505.744999999180436 ], [ 713564.796500000171363, 9606430.653799999505281 ], [ 713138.735999999567866, 9606011.335100000724196 ], [ 712252.513899999670684, 9606894.197300000116229 ], [ 711713.845999999903142, 9606973.462799999862909 ], [ 711098.275200000032783, 9607585.550300000235438 ], [ 711020.32909999974072, 9608125.577299999073148 ], [ 710636.62459999974817, 9608511.72440000064671 ], [ 710597.909199999645352, 9608779.9364 ] ] ] ] } },
{ "type": "Feature", "properties": { "OBJECTID": 23, "HYBAS_ID": 6090287730.0, "NEXT_DOWN": 6090286420.0, "NEXT_SINK": 6090007000.0, "MAIN_BAS": 6090007000.0, "DIST_SINK": 667.2, "DIST_MAIN": 667.2, "SUB_AREA": 110.7, "UP_AREA": 110.7, "PFAF_ID": 622362292, "ENDO": 0, "COAST": 0, "ORDER_": 5, "SORT": 8691.0, "Shape_Length": 45851.932083187276, "Shape_Area": 110271781.39617004, "ID_basin": 20, "RdLength": null, "RdDensity": 0.0, "HyLength": 4302.0827950895346, "HyDensity": 0.038862536541007534, "COUNT_area": 1, "MEAN_area": 530798.6783, "PropCount_km2": 0.0090334236675700084, "AvgArea_km2": 47.949293432700998, "CLASS_analyses": "1", "SUM_area_swa": null, "PctWater_swa": 0.0 }, "geometry": { "type": "MultiPolygon", "coordinates": [ [ [ [ 712943.82039999961853, 9623982.124600000679493 ], [ 712908.728799999691546, 9626093.599300000816584 ], [ 712524.925400000065565, 9626479.719699999317527 ], [ 712487.087700000032783, 9627208.744899999350309 ], [ 712727.330500000156462, 9627276.562899999320507 ], [ 713420.100499999709427, 9627825.683900000527501 ], [ 712096.646599999628961, 9629274.666500000283122 ], [ 711960.848000000230968, 9630026.567600000649691 ], [ 712425.193900000303984, 9630656.473300000652671 ], [ 712584.177400000393391, 9631728.889000000432134 ], [ 713777.611100000329316, 9631899.3739 ], [ 713886.362599999643862, 9632275.002399999648333 ], [ 714155.920800000429153, 9632313.553300000727177 ], [ 714543.969700000248849, 9632695.462600000202656 ], [ 715276.666600000113249, 9632733.106000000610948 ], [ 715546.22829999960959, 9632771.654400000348687 ], [ 715934.285500000230968, 9633153.5625 ], [ 716203.849399999715388, 9633192.109999999403954 ], [ 716572.240199999883771, 9633097.292500000447035 ], [ 716666.082999999634922, 9632730.374500000849366 ], [ 717832.629099999554455, 9632796.359300000593066 ], [ 718467.541699999943376, 9633255.929300000891089 ], [ 718759.564100000075996, 9633118.764699999243021 ], [ 719204.953700000420213, 9632793.630100000649691 ], [ 720282.795199999585748, 9632635.350099999457598 ], [ 720437.5472999997437, 9631562.269500000402331 ], [ 721686.947300000116229, 9630194.257400000467896 ], [ 721882.972099999897182, 9629506.687699999660254 ], [ 722439.510999999940395, 9629100.403899999335408 ], [ 723142.637500000186265, 9629030.670099999755621 ], [ 723181.360600000247359, 9628762.440700000151992 ], [ 723565.161100000143051, 9628376.2653 ], [ 723640.698699999600649, 9626918.120300000533462 ], [ 724024.487999999895692, 9626531.938200000673532 ], [ 724100.003299999982119, 9625073.787900000810623 ], [ 724562.161600000225008, 9624608.752499999478459 ], [ 724480.730999999679625, 9623229.608300000429153 ], [ 724016.640399999916553, 9622766.509400000795722 ], [ 724094.223899999633431, 9622308.726500000804663 ], [ 724477.986200000159442, 9621922.531600000336766 ], [ 724516.692999999970198, 9621654.298000000417233 ], [ 724421.361100000329316, 9621287.748999999836087 ], [ 724052.611800000071526, 9621194.428400000557303 ], [ 723683.863800000399351, 9621101.106799999251962 ], [ 723588.534500000067055, 9620734.559100000187755 ], [ 723348.2829, 9620666.769799999892712 ], [ 722901.608099999837577, 9620343.4517 ], [ 722571.59499999973923, 9620207.5559 ], [ 721051.792500000447035, 9621593.243599999696016 ], [ 718444.304999999701977, 9621735.202199999243021 ], [ 717800.14670000039041, 9621268.976800000295043 ], [ 716884.841699999757111, 9622062.629100000485778 ], [ 715807.129300000146031, 9622220.9342 ], [ 715652.403099999763072, 9623293.991100000217557 ], [ 715163.094899999909103, 9623905.2434 ], [ 712943.82039999961853, 9623982.124600000679493 ] ] ] ] } },
{ "type": "Feature", "properties": { "OBJECTID": 24, "HYBAS_ID": 6090291630.0, "NEXT_DOWN": 6090286700.0, "NEXT_SINK": 6090007000.0, "MAIN_BAS": 6090007000.0, "DIST_SINK": 669.1, "DIST_MAIN": 669.1, "SUB_AREA": 384.4, "UP_AREA": 384.4, "PFAF_ID": 622362285, "ENDO": 0, "COAST": 0, "ORDER_": 5, "SORT": 8698.0, "Shape_Length": 101708.15488665483, "Shape_Area": 382943590.20290679, "ID_basin": 21, "RdLength": 5520.9351897359857, "RdDensity": 0.014362474479021815, "HyLength": 5248.7854983859997, "HyDensity": 0.01365448880953694, "COUNT_area": 107, "MEAN_area": 109228.49084485981, "PropCount_km2": 0.27835587929240374, "AvgArea_km2": 2.8415320198974978, "CLASS_analyses": "1", "SUM_area_swa": null, "PctWater_swa": 0.0 }, "geometry": { "type": "MultiPolygon", "coordinates": [ [ [ [ 718416.073800000362098, 9584339.481699999421835 ], [ 718420.213600000366569, 9586182.812000000849366 ], [ 719238.16440000012517, 9586253.393999999389052 ], [ 720211.506099999882281, 9587316.815999999642372 ], [ 720370.4386, 9587927.685200000181794 ], [ 720739.074099999852479, 9588020.950400000438094 ], [ 720984.81940000038594, 9588083.13910000026226 ], [ 721420.273199999704957, 9588417.511199999600649 ], [ 722050.494699999690056, 9588576.97550000064075 ], [ 722194.64740000013262, 9589644.676000000908971 ], [ 722532.525100000202656, 9590076.628799999132752 ], [ 722600.268400000408292, 9592164.341399999335408 ], [ 722664.888500000350177, 9592869.527200000360608 ], [ 723002.772499999962747, 9593301.485200000926852 ], [ 723142.708200000226498, 9594828.697799999266863 ], [ 723778.214100000448525, 9594989.5132 ], [ 724213.70160000026226, 9595323.894099999219179 ], [ 724705.237800000235438, 9595448.275900000706315 ], [ 725846.443199999630451, 9596473.915300000458956 ], [ 725452.106499999761581, 9596982.762299999594688 ], [ 725328.166899999603629, 9597932.871999999508262 ], [ 724530.224999999627471, 9598828.231100000441074 ], [ 724406.265300000086427, 9599778.333200000226498 ], [ 724070.290199999697506, 9600211.800499999895692 ], [ 724007.793600000441074, 9600456.426999999210238 ], [ 724088.112300000153482, 9605764.508500000461936 ], [ 724414.887500000186265, 9606207.613700000569224 ], [ 724594.485600000247359, 9606827.685399999842048 ], [ 726249.692300000227988, 9606984.829800000414252 ], [ 726408.572800000198185, 9608134.28690000064671 ], [ 725877.225200000219047, 9608286.746099999174476 ], [ 725839.555900000035763, 9609015.835100000724196 ], [ 725418.306800000369549, 9609439.877499999478459 ], [ 725841.40610000025481, 9609862.075500000268221 ], [ 725881.25870000012219, 9610130.143400000408292 ], [ 729483.839399999938905, 9610187.025100000202656 ], [ 729586.8443, 9610582.849199999123812 ], [ 729827.089300000108778, 9610650.613099999725819 ], [ 730282.347599999979138, 9610980.059900000691414 ], [ 730736.139000000432134, 9610648.592800000682473 ], [ 734584.993599999696016, 9610498.665400000289083 ], [ 735073.682900000363588, 9609887.744799999520183 ], [ 735235.509899999946356, 9608763.278400000184774 ], [ 735824.840699999593198, 9608332.747199999168515 ], [ 738752.989400000311434, 9608182.875099999830127 ], [ 738909.239500000141561, 9607096.609200000762939 ], [ 739234.039099999703467, 9606651.993899999186397 ], [ 739302.107599999755621, 9606412.8772 ], [ 739765.192999999970198, 9606411.795 ], [ 739764.114299999549985, 9605950.908700000494719 ], [ 739763.034300000406802, 9605490.022299999371171 ], [ 739378.448599999770522, 9605392.767100000753999 ], [ 739218.218299999833107, 9604206.791899999603629 ], [ 738443.818699999712408, 9604010.94480000063777 ], [ 738303.706299999728799, 9602483.615399999544024 ], [ 737965.718700000084937, 9602051.65430000051856 ], [ 737838.480000000447035, 9601562.938799999654293 ], [ 737500.496100000105798, 9601130.979100000113249 ], [ 737373.258500000461936, 9600642.26490000076592 ], [ 737035.278199999593198, 9600210.306600000709295 ], [ 736908.041699999943376, 9599721.593699999153614 ], [ 736462.685700000263751, 9599152.427500000223517 ], [ 735797.605600000359118, 9598984.19649999961257 ], [ 735188.873599999584258, 9598481.312100000679493 ], [ 735114.08600000012666, 9597665.91330000013113 ], [ 735207.768799999728799, 9597298.919600000604987 ], [ 735994.805100000463426, 9597095.921399999409914 ], [ 736437.462000000290573, 9596524.66469999961555 ], [ 736499.924800000153482, 9596280.011600000783801 ], [ 736458.933899999596179, 9595551.055700000375509 ], [ 735994.808600000105798, 9595088.049699999392033 ], [ 736072.25069999974221, 9594630.211899999529123 ], [ 736534.169400000013411, 9594165.008300000801682 ], [ 736454.55350000038743, 9593707.542300000786781 ], [ 735605.034400000236928, 9592863.267100000753999 ], [ 735561.838999999687076, 9591212.5625 ], [ 735491.553299999795854, 9590512.898199999704957 ], [ 735158.482499999925494, 9590061.329900000244379 ], [ 735626.165900000371039, 9589420.801300000399351 ], [ 735470.599399999715388, 9588075.106300000101328 ], [ 734387.921799999661744, 9587920.927799999713898 ], [ 733941.267, 9587597.718599999323487 ], [ 732775.097699999809265, 9587532.2027000002563 ], [ 732385.352900000289083, 9587433.626800000667572 ], [ 732309.926699999719858, 9586611.567600000649691 ], [ 731948.102300000376999, 9586527.628000000491738 ], [ 731786.759200000204146, 9586047.901799999177456 ], [ 732248.372700000181794, 9585477.765599999576807 ], [ 732364.885700000450015, 9584980.160900000482798 ], [ 732709.135099999606609, 9584554.9211 ], [ 732825.951700000092387, 9584186.183299999684095 ], [ 731781.367499999701977, 9583047.612600000575185 ], [ 731935.736700000241399, 9582550.067099999636412 ], [ 732300.002199999988079, 9582463.753900000825524 ], [ 732212.278400000184774, 9581627.54869999922812 ], [ 730671.56969999987632, 9581474.812100000679493 ], [ 729291.237200000323355, 9580237.7357 ], [ 728679.318599999882281, 9580055.906899999827147 ], [ 728499.267500000074506, 9578898.1064 ], [ 727887.360299999825656, 9578716.277899999171495 ], [ 727435.131699999794364, 9578398.7127 ], [ 725809.018400000408292, 9578331.456199999898672 ], [ 725746.569500000216067, 9578576.094900000840425 ], [ 725410.721900000236928, 9579009.611500000581145 ], [ 725285.818900000303984, 9579498.886499999091029 ], [ 724785.159599999897182, 9580099.378200000151992 ], [ 723716.223500000312924, 9580242.513599999248981 ], [ 722820.482400000095367, 9581040.800200000405312 ], [ 722329.595499999821186, 9581167.422399999573827 ], [ 721895.700899999588728, 9581503.780300000682473 ], [ 721282.071700000204146, 9581662.030500000342727 ], [ 721094.710900000296533, 9582395.952199999243021 ], [ 720481.07660000026226, 9582554.193600000813603 ], [ 719585.293100000359118, 9583352.4243 ], [ 718413.997000000439584, 9583417.816299999132752 ], [ 718416.073800000362098, 9584339.481699999421835 ] ] ] ] } },
{ "type": "Feature", "properties": { "OBJECTID": 25, "HYBAS_ID": 6090291730.0, "NEXT_DOWN": 6090286700.0, "NEXT_SINK": 6090007000.0, "MAIN_BAS": 6090007000.0, "DIST_SINK": 669.1, "DIST_MAIN": 669.1, "SUB_AREA": 499.8, "UP_AREA": 499.8, "PFAF_ID": 622362284, "ENDO": 0, "COAST": 0, "ORDER_": 6, "SORT": 8699.0, "Shape_Length": 110670.82295163735, "Shape_Area": 497897110.48827821, "ID_basin": 22, "RdLength": 7102.5640780236672, "RdDensity": 0.014210812481039751, "HyLength": 691.37484382718799, "HyDensity": 0.001383303008857919, "COUNT_area": 1475, "MEAN_area": 31277.95767816942, "PropCount_km2": 2.9511804721888755, "AvgArea_km2": 0.62580947735433001, "CLASS_analyses": "1", "SUM_area_swa": 2.9461092183900002, "PctWater_swa": 0.0058945762672869143 }, "geometry": { "type": "MultiPolygon", "coordinates": [ [ [ [ 732309.926699999719858, 9586611.567600000649691 ], [ 732385.352900000289083, 9587433.626800000667572 ], [ 732775.097699999809265, 9587532.2027000002563 ], [ 733941.267, 9587597.718599999323487 ], [ 734387.921799999661744, 9587920.927799999713898 ], [ 735470.599399999715388, 9588075.106300000101328 ], [ 735626.165900000371039, 9589420.801300000399351 ], [ 735158.482499999925494, 9590061.329900000244379 ], [ 735491.553299999795854, 9590512.898199999704957 ], [ 735561.838999999687076, 9591212.5625 ], [ 735605.034400000236928, 9592863.267100000753999 ], [ 736454.55350000038743, 9593707.542300000786781 ], [ 736534.169400000013411, 9594165.008300000801682 ], [ 736072.25069999974221, 9594630.211899999529123 ], [ 735994.808600000105798, 9595088.049699999392033 ], [ 736458.933899999596179, 9595551.055700000375509 ], [ 736499.924800000153482, 9596280.011600000783801 ], [ 736437.462000000290573, 9596524.66469999961555 ], [ 735994.805100000463426, 9597095.921399999409914 ], [ 735207.768799999728799, 9597298.919600000604987 ], [ 735114.08600000012666, 9597665.91330000013113 ], [ 735188.873599999584258, 9598481.312100000679493 ], [ 735797.605600000359118, 9598984.19649999961257 ], [ 736462.685700000263751, 9599152.427500000223517 ], [ 736908.041699999943376, 9599721.593699999153614 ], [ 737035.278199999593198, 9600210.306600000709295 ], [ 737373.258500000461936, 9600642.26490000076592 ], [ 737500.496100000105798, 9601130.979100000113249 ], [ 737838.480000000447035, 9601562.938799999654293 ], [ 737965.718700000084937, 9602051.65430000051856 ], [ 738303.706299999728799, 9602483.615399999544024 ], [ 738443.818699999712408, 9604010.94480000063777 ], [ 739218.218299999833107, 9604206.791899999603629 ], [ 739378.448599999770522, 9605392.767100000753999 ], [ 739763.034300000406802, 9605490.022299999371171 ], [ 739764.114299999549985, 9605950.908700000494719 ], [ 739999.820299999788404, 9605877.854900000616908 ], [ 740453.495000000111759, 9605560.902899999171495 ], [ 740716.352099999785423, 9605415.280899999663234 ], [ 741470.288900000043213, 9605936.809299999848008 ], [ 741690.948400000110269, 9606642.032800000160933 ], [ 742473.59499999973923, 9607553.351199999451637 ], [ 742644.247999999672174, 9608626.7237 ], [ 744783.083399999886751, 9608788.279100000858307 ], [ 744867.983, 9610086.954500000923872 ], [ 746040.061300000175834, 9610146.926100000739098 ], [ 746638.716500000096858, 9610606.408600000664592 ], [ 747430.229500000365078, 9610479.01659999974072 ], [ 748467.526499999687076, 9609554.707900000736117 ], [ 748944.254399999976158, 9609724.415300000458956 ], [ 749172.387699999846518, 9610600.3465 ], [ 753566.601599999703467, 9610460.800200000405312 ], [ 753761.102500000037253, 9609698.712300000712276 ], [ 754129.44649999961257, 9609603.693600000813603 ], [ 754497.790699999779463, 9609508.673100000247359 ], [ 754653.904799999669194, 9608896.940099999308586 ], [ 754989.862200000323355, 9608463.311499999836087 ], [ 755051.170400000177324, 9607757.695299999788404 ], [ 755011.232200000435114, 9607489.592599999159575 ], [ 753232.885599999688566, 9605725.752499999478459 ], [ 753153.01410000026226, 9605189.552699999883771 ], [ 752767.485600000247359, 9604805.051899999380112 ], [ 752727.550099999643862, 9604536.9527000002563 ], [ 752793.299899999983609, 9603375.9605 ], [ 753580.002299999818206, 9602469.175699999555945 ], [ 753717.792500000447035, 9600035.564099999144673 ], [ 754482.778099999763072, 9599815.775000000372529 ], [ 754657.5466, 9598599.236300000920892 ], [ 755711.956500000320375, 9597683.80460000038147 ], [ 756422.923299999907613, 9597479.541400000452995 ], [ 756018.7648, 9596931.825300000607967 ], [ 755880.288900000043213, 9596454.213899999856949 ], [ 755082.294099999591708, 9595543.614299999549985 ], [ 755413.708200000226498, 9595089.634199999272823 ], [ 755547.361999999731779, 9593689.4572 ], [ 756340.646999999880791, 9592774.765599999576807 ], [ 755869.176900000311434, 9592135.783099999651313 ], [ 756012.66579999960959, 9590328.877000000327826 ], [ 757375.666500000283122, 9590127.751299999654293 ], [ 755533.074000000022352, 9588175.302799999713898 ], [ 755365.766800000332296, 9587051.497500000521541 ], [ 754774.391800000332296, 9586623.80489999987185 ], [ 754534.141499999910593, 9586556.12470000050962 ], [ 754569.089999999850988, 9584905.0329 ], [ 754990.123499999754131, 9584480.730900000780821 ], [ 754566.870699999853969, 9584058.644600000232458 ], [ 754526.902999999932945, 9583790.5472 ], [ 754525.691899999976158, 9583329.61739999987185 ], [ 754523.265700000338256, 9582407.75789999961853 ], [ 754060.25040000025183, 9582408.976700000464916 ], [ 753814.777999999932945, 9582472.377299999818206 ], [ 753380.903800000436604, 9582808.935499999672174 ], [ 750029.531999999657273, 9582943.167199999094009 ], [ 749791.711799999698997, 9582030.495200000703335 ], [ 747956.858799999579787, 9581901.168500000610948 ], [ 747360.64670000039041, 9582363.611400000751019 ], [ 746406.720200000330806, 9582491.554500000551343 ], [ 745972.840099999681115, 9582828.063999999314547 ], [ 744092.934700000099838, 9582958.330900000408292 ], [ 743659.049599999561906, 9583294.824100000783801 ], [ 743309.599000000394881, 9583421.20549999922514 ], [ 742268.093000000342727, 9582502.020700000226498 ], [ 741776.539900000207126, 9582377.750700000673532 ], [ 741340.980499999597669, 9582043.44539999961853 ], [ 739160.194099999964237, 9581923.37470000050962 ], [ 738426.149500000290573, 9582492.636800000444055 ], [ 738194.487099999561906, 9583400.429199999198318 ], [ 737639.474000000394881, 9582974.4013 ], [ 735759.036500000394881, 9582853.506100000813603 ], [ 735323.512299999594688, 9582519.184399999678135 ], [ 733906.06940000038594, 9582397.130799999460578 ], [ 733456.402700000442564, 9582051.9254 ], [ 733008.411899999715388, 9582399.3004 ], [ 732300.002199999988079, 9582463.753900000825524 ], [ 731935.736700000241399, 9582550.067099999636412 ], [ 731781.367499999701977, 9583047.612600000575185 ], [ 732825.951700000092387, 9584186.183299999684095 ], [ 732709.135099999606609, 9584554.9211 ], [ 732364.885700000450015, 9584980.160900000482798 ], [ 732248.372700000181794, 9585477.765599999576807 ], [ 731786.759200000204146, 9586047.901799999177456 ], [ 731948.102300000376999, 9586527.628000000491738 ], [ 732309.926699999719858, 9586611.567600000649691 ] ] ] ] } },
{ "type": "Feature", "properties": { "OBJECTID": 26, "HYBAS_ID": 6090291430.0, "NEXT_DOWN": 6090288040.0, "NEXT_SINK": 6090007000.0, "MAIN_BAS": 6090007000.0, "DIST_SINK": 685.7, "DIST_MAIN": 685.7, "SUB_AREA": 522.9, "UP_AREA": 522.9, "PFAF_ID": 622362295, "ENDO": 0, "COAST": 0, "ORDER_": 4, "SORT": 8742.0, "Shape_Length": 130722.45037454147, "Shape_Area": 520796145.10122758, "ID_basin": 23, "RdLength": null, "RdDensity": 0.0, "HyLength": 1633.1115581612885, "HyDensity": 0.0031231814078433516, "COUNT_area": 1, "MEAN_area": 530798.6783, "PropCount_km2": 0.0019124115509657679, "AvgArea_km2": 10.151055236182827, "CLASS_analyses": "1", "SUM_area_swa": null, "PctWater_swa": 0.0 }, "geometry": { "type": "MultiPolygon", "coordinates": [ [ [ [ 709155.765100000426173, 9583438.258400000631809 ], [ 708766.537899999879301, 9583538.588300000876188 ], [ 708633.340599999763072, 9585066.287100000306964 ], [ 708297.409400000236928, 9585499.691999999806285 ], [ 708141.173299999907613, 9586111.214299999177456 ], [ 707383.743700000457466, 9586306.407400000840425 ], [ 707250.499900000169873, 9587834.090600000694394 ], [ 706914.549200000241399, 9588267.482699999585748 ], [ 706791.46999999973923, 9589678.286599999293685 ], [ 706348.766800000332296, 9590249.335699999704957 ], [ 705684.608300000429153, 9590420.489499999210238 ], [ 705131.593299999833107, 9590848.957399999722838 ], [ 704903.465300000272691, 9589971.70380000025034 ], [ 704077.418200000189245, 9589900.296 ], [ 704122.94400000013411, 9592933.124500000849366 ], [ 704508.160899999551475, 9593317.680600000545382 ], [ 704587.778599999845028, 9593853.767000000923872 ], [ 705436.893699999898672, 9594698.168800000101328 ], [ 705476.703900000080466, 9594966.212999999523163 ], [ 705477.654199999757111, 9595427.013599999248981 ], [ 705383.883200000040233, 9595793.9211 ], [ 705015.653599999845028, 9595888.766100000590086 ], [ 704921.879800000227988, 9596255.67200000025332 ], [ 704185.4364, 9596445.354599999263883 ], [ 704091.639499999582767, 9596812.25789999961853 ], [ 704361.096300000324845, 9596850.7829 ], [ 704979.089700000360608, 9597460.3202 ], [ 705059.236899999901652, 9598000.0077 ], [ 705908.375300000421703, 9598844.424599999561906 ], [ 705948.182900000363588, 9599112.470000000670552 ], [ 706217.648699999786913, 9599150.9934 ], [ 706605.596599999815226, 9599532.851600000634789 ], [ 706875.064600000157952, 9599571.373999999836087 ], [ 706945.109899999573827, 9600270.950999999418855 ], [ 707271.775899999774992, 9600714.061499999836087 ], [ 707421.854700000025332, 9603167.18779999949038 ], [ 708626.747299999929965, 9603339.212999999523163 ], [ 708804.607200000435114, 9603953.598200000822544 ], [ 709131.287800000049174, 9604396.712899999693036 ], [ 709269.494400000199676, 9604874.2654 ], [ 709596.178600000217557, 9605317.381100000813603 ], [ 709735.890800000168383, 9606529.537499999627471 ], [ 709267.968999999575317, 9607169.8081 ], [ 709600.889700000174344, 9607621.427500000223517 ], [ 709739.095099999569356, 9608098.9825 ], [ 710065.784900000318885, 9608542.103000000119209 ], [ 710134.888299999758601, 9608780.880999999120831 ], [ 710597.909199999645352, 9608779.9364 ], [ 710636.62459999974817, 9608511.72440000064671 ], [ 711020.32909999974072, 9608125.577299999073148 ], [ 711098.275200000032783, 9607585.550300000235438 ], [ 711713.845999999903142, 9606973.462799999862909 ], [ 712252.513899999670684, 9606894.197300000116229 ], [ 713138.735999999567866, 9606011.335100000724196 ], [ 713564.796500000171363, 9606430.653799999505281 ], [ 715029.833300000056624, 9606505.744999999180436 ], [ 715881.839599999599159, 9607347.4528 ], [ 716614.372600000351667, 9607384.988299999386072 ], [ 717077.402999999932945, 9607384.011099999770522 ], [ 717540.434500000439584, 9607383.0318 ], [ 717578.153699999675155, 9606653.978399999439716 ], [ 717999.398900000378489, 9606229.979699999094009 ], [ 717538.557400000281632, 9605770.0537 ], [ 718500.271099999547005, 9604805.76039999909699 ], [ 718420.763700000010431, 9604348.02280000038445 ], [ 717956.7511, 9603884.958599999547005 ], [ 718033.308600000105798, 9602966.355699999257922 ], [ 718416.968100000172853, 9602580.153899999335408 ], [ 718494.338100000284612, 9602043.6985 ], [ 718877.991399999707937, 9601657.492000000551343 ], [ 718955.355899999849498, 9601121.034499999135733 ], [ 719376.562800000421703, 9600697.01380000077188 ], [ 718953.521800000220537, 9600274.824699999764562 ], [ 718872.832899999804795, 9599277.874800000339746 ], [ 718408.827499999664724, 9598814.823899999260902 ], [ 718485.351800000295043, 9597896.215299999341369 ], [ 718868.980600000359118, 9597510.0 ], [ 718946.329699999652803, 9596973.540300000458956 ], [ 719367.509700000286102, 9596549.509800000116229 ], [ 718944.476700000464916, 9596127.329900000244379 ], [ 718864.780299999751151, 9595591.2138 ], [ 718015.487700000405312, 9594746.863299999386072 ], [ 717974.630400000140071, 9594017.97580000013113 ], [ 718342.865000000223517, 9593923.072799999266863 ], [ 718530.31209999974817, 9593189.18099999986589 ], [ 719424.249900000169873, 9592958.738600000739098 ], [ 719295.897699999623001, 9591927.2412 ], [ 718831.615500000305474, 9591333.662100000306964 ], [ 719032.357699999585748, 9590809.413599999621511 ], [ 719572.865699999965727, 9590390.502299999818206 ], [ 720063.801599999889731, 9590263.921 ], [ 720497.753499999642372, 9589927.596100000664592 ], [ 720743.220800000242889, 9589864.3026 ], [ 720739.074099999852479, 9588020.950400000438094 ], [ 720370.4386, 9587927.685200000181794 ], [ 720211.506099999882281, 9587316.815999999642372 ], [ 719238.16440000012517, 9586253.393999999389052 ], [ 718420.213600000366569, 9586182.812000000849366 ], [ 718416.073800000362098, 9584339.481699999421835 ], [ 718413.997000000439584, 9583417.816299999132752 ], [ 719585.293100000359118, 9583352.4243 ], [ 720481.07660000026226, 9582554.193600000813603 ], [ 721094.710900000296533, 9582395.952199999243021 ], [ 721282.071700000204146, 9581662.030500000342727 ], [ 721895.700899999588728, 9581503.780300000682473 ], [ 722329.595499999821186, 9581167.422399999573827 ], [ 722820.482400000095367, 9581040.800200000405312 ], [ 723716.223500000312924, 9580242.513599999248981 ], [ 724785.159599999897182, 9580099.378200000151992 ], [ 725285.818900000303984, 9579498.886499999091029 ], [ 725410.721900000236928, 9579009.611500000581145 ], [ 725746.569500000216067, 9578576.094900000840425 ], [ 725809.018400000408292, 9578331.456199999898672 ], [ 725736.708999999798834, 9577049.613299999386072 ], [ 724923.678299999795854, 9576843.948400000110269 ], [ 724478.451500000432134, 9576274.822100000455976 ], [ 724413.763199999928474, 9575569.63399999961257 ], [ 724310.66370000038296, 9575173.496200000867248 ], [ 723267.536999999545515, 9574252.533299999311566 ], [ 722623.443900000303984, 9574089.594900000840425 ], [ 721567.135400000028312, 9572914.909800000488758 ], [ 721692.359199999831617, 9572566.469900000840425 ], [ 722028.17850000038743, 9572132.9627 ], [ 722153.066200000233948, 9571643.694900000467896 ], [ 722499.807000000029802, 9571196.093499999493361 ], [ 722150.955699999816716, 9570750.136199999600649 ], [ 722010.866799999959767, 9569222.941299999132752 ], [ 721252.645899999886751, 9569031.142899999395013 ], [ 721093.674800000153482, 9568420.286100000143051 ], [ 720291.889600000344217, 9567528.624399999156594 ], [ 720147.662499999627471, 9566460.944599999114871 ], [ 719763.271599999628961, 9566363.707399999722838 ], [ 716254.17989999987185, 9566411.010700000450015 ], [ 715868.01659999974072, 9566794.583000000566244 ], [ 715598.797899999655783, 9566834.284399999305606 ], [ 715135.963399999774992, 9566835.355000000447035 ], [ 714310.392300000414252, 9566910.3882 ], [ 714117.696800000034273, 9567665.243000000715256 ], [ 713504.181900000199676, 9567823.501299999654293 ], [ 712431.153099999763072, 9568796.98369999974966 ], [ 712306.969700000248849, 9571694.537499999627471 ], [ 711806.330500000156462, 9572294.940899999812245 ], [ 710737.543700000271201, 9572437.965900000184774 ], [ 710303.690799999982119, 9572774.270999999716878 ], [ 708669.730999999679625, 9572840.636099999770522 ], [ 708568.902400000020862, 9573235.481799999251962 ], [ 706356.511900000274181, 9573306.527100000530481 ], [ 706318.85329999960959, 9574035.544800000265241 ], [ 705473.490600000135601, 9574883.541600000113249 ], [ 705399.960799999535084, 9577184.496999999508262 ], [ 705863.823599999770522, 9577647.527200000360608 ], [ 705906.625599999912083, 9579297.978499999269843 ], [ 706176.040900000371039, 9579336.474999999627471 ], [ 706793.995799999684095, 9579945.953600000590086 ], [ 706834.35950000025332, 9580217.595899999141693 ], [ 707103.778900000266731, 9580256.091199999675155 ], [ 707491.694799999706447, 9580637.911499999463558 ], [ 708030.538599999621511, 9580714.89919999986887 ], [ 708648.515599999576807, 9581324.375900000333786 ], [ 708688.883600000292063, 9581596.020300000905991 ], [ 708728.716300000436604, 9581864.065700000151992 ], [ 709113.938699999824166, 9582248.59180000051856 ], [ 709155.765100000426173, 9583438.258400000631809 ] ] ] ] } },
{ "type": "Feature", "properties": { "OBJECTID": 27, "HYBAS_ID": 6090291240.0, "NEXT_DOWN": 6090288040.0, "NEXT_SINK": 6090007000.0, "MAIN_BAS": 6090007000.0, "DIST_SINK": 685.7, "DIST_MAIN": 685.7, "SUB_AREA": 108.4, "UP_AREA": 108.4, "PFAF_ID": 622362294, "ENDO": 0, "COAST": 0, "ORDER_": 5, "SORT": 8743.0, "Shape_Length": 63032.026856663506, "Shape_Area": 107960439.09497933, "ID_basin": 24, "RdLength": null, "RdDensity": 0.0, "HyLength": 1499.7627584905399, "HyDensity": 0.013835449801573247, "COUNT_area": 1, "MEAN_area": 530798.6783, "PropCount_km2": 0.0092250922509225092, "AvgArea_km2": 48.966667739852397, "CLASS_analyses": "1", "SUM_area_swa": null, "PctWater_swa": 0.0 }, "geometry": { "type": "MultiPolygon", "coordinates": [ [ [ [ 718004.44440000038594, 9607842.880100000649691 ], [ 718841.496799999848008, 9607922.408700000494719 ], [ 719018.615199999883771, 9609115.745200000703335 ], [ 719756.813299999572337, 9609324.11739999987185 ], [ 720013.664200000464916, 9610211.078299999237061 ], [ 720564.490500000305474, 9610073.319599999114871 ], [ 721933.865899999625981, 9608824.454299999400973 ], [ 722876.780500000342727, 9608685.832800000905991 ], [ 723322.02170000039041, 9608360.612600000575185 ], [ 724264.93709999974817, 9608221.974999999627471 ], [ 724897.802600000053644, 9607759.7456 ], [ 725190.335900000296533, 9607895.695299999788404 ], [ 725636.992899999953806, 9608218.977600000798702 ], [ 725877.225200000219047, 9608286.746099999174476 ], [ 726408.572800000198185, 9608134.28690000064671 ], [ 726249.692300000227988, 9606984.829800000414252 ], [ 724594.485600000247359, 9606827.685399999842048 ], [ 724414.887500000186265, 9606207.613700000569224 ], [ 724088.112300000153482, 9605764.508500000461936 ], [ 724007.793600000441074, 9600456.426999999210238 ], [ 724070.290199999697506, 9600211.800499999895692 ], [ 724406.265300000086427, 9599778.333200000226498 ], [ 724530.224999999627471, 9598828.231100000441074 ], [ 725328.166899999603629, 9597932.871999999508262 ], [ 725452.106499999761581, 9596982.762299999594688 ], [ 725846.443199999630451, 9596473.915300000458956 ], [ 724705.237800000235438, 9595448.275900000706315 ], [ 724213.70160000026226, 9595323.894099999219179 ], [ 723778.214100000448525, 9594989.5132 ], [ 723142.708200000226498, 9594828.697799999266863 ], [ 723002.772499999962747, 9593301.485200000926852 ], [ 722664.888500000350177, 9592869.527200000360608 ], [ 722600.268400000408292, 9592164.341399999335408 ], [ 722532.525100000202656, 9590076.628799999132752 ], [ 722194.64740000013262, 9589644.676000000908971 ], [ 722050.494699999690056, 9588576.97550000064075 ], [ 721420.273199999704957, 9588417.511199999600649 ], [ 720984.81940000038594, 9588083.13910000026226 ], [ 720739.074099999852479, 9588020.950400000438094 ], [ 720743.220800000242889, 9589864.3026 ], [ 720497.753499999642372, 9589927.596100000664592 ], [ 720063.801599999889731, 9590263.921 ], [ 719572.865699999965727, 9590390.502299999818206 ], [ 719032.357699999585748, 9590809.413599999621511 ], [ 718831.615500000305474, 9591333.662100000306964 ], [ 719295.897699999623001, 9591927.2412 ], [ 719424.249900000169873, 9592958.738600000739098 ], [ 718530.31209999974817, 9593189.18099999986589 ], [ 718342.865000000223517, 9593923.072799999266863 ], [ 717974.630400000140071, 9594017.97580000013113 ], [ 718015.487700000405312, 9594746.863299999386072 ], [ 718864.780299999751151, 9595591.2138 ], [ 718944.476700000464916, 9596127.329900000244379 ], [ 719367.509700000286102, 9596549.509800000116229 ], [ 718946.329699999652803, 9596973.540300000458956 ], [ 718868.980600000359118, 9597510.0 ], [ 718485.351800000295043, 9597896.215299999341369 ], [ 718408.827499999664724, 9598814.823899999260902 ], [ 718872.832899999804795, 9599277.874800000339746 ], [ 718953.521800000220537, 9600274.824699999764562 ], [ 719376.562800000421703, 9600697.01380000077188 ], [ 718955.355899999849498, 9601121.034499999135733 ], [ 718877.991399999707937, 9601657.492000000551343 ], [ 718494.338100000284612, 9602043.6985 ], [ 718416.968100000172853, 9602580.153899999335408 ], [ 718033.308600000105798, 9602966.355699999257922 ], [ 717956.7511, 9603884.958599999547005 ], [ 718420.763700000010431, 9604348.02280000038445 ], [ 718500.271099999547005, 9604805.76039999909699 ], [ 717538.557400000281632, 9605770.0537 ], [ 717999.398900000378489, 9606229.979699999094009 ], [ 717578.153699999675155, 9606653.978399999439716 ], [ 717540.434500000439584, 9607383.0318 ], [ 718003.467199999839067, 9607382.050499999895692 ], [ 718004.44440000038594, 9607842.880100000649691 ] ] ], [ [ [ 717478.651999999769032, 9607978.364299999549985 ], [ 717874.948300000280142, 9608349.476299999281764 ], [ 718004.44440000038594, 9607842.880100000649691 ], [ 717478.651999999769032, 9607978.364299999549985 ] ] ] ] } }
]
}
